area_sqft,num_floors,project_type,location_zone,foundation_type,wall_material,roof_type,has_basement,has_parking,quality_grade,soil_type,distance_to_city_center,total_cost
19039.735882944442,19,industrial,suburban,crawl_space,brick,flat,0,1,economy,sandy,46.29772029160518,3061890.880684895
47560.35816729085,8,commercial,rural,pile,steel,hip,0,1,premium,sandy,14.472054851510862,11586545.619994754
36733.70011966455,7,commercial,urban,slab,brick,gable,0,1,standard,sandy,61.93739286373976,7981304.577504525
30133.59496775331,16,industrial,suburban,pile,brick,flat,0,0,economy,loamy,22.356739880999456,4023432.233396486
8222.922701900607,19,industrial,suburban,basement,glass,mansard,1,1,premium,loamy,12.192866894624721,3995183.4920837395
8221.728756642031,6,infrastructure,rural,slab,wood,mansard,0,1,standard,sandy,70.88110926753039,925189.0401443176
3375.1388023258733,11,commercial,urban,slab,glass,mansard,0,0,economy,rocky,2.2735263482850376,623484.7489761924
43375.71921585929,5,residential,suburban,basement,steel,gable,0,0,economy,loamy,36.83659406443098,4520036.763330807
30255.193081288835,16,commercial,suburban,basement,glass,flat,1,1,standard,rocky,14.440327943201858,9466636.629743692
35549.59260090425,7,residential,rural,crawl_space,concrete,hip,1,1,economy,loamy,88.27927019948731,3410526.757523229
1518.9324676422211,5,residential,urban,basement,wood,mansard,0,0,premium,sandy,82.44583961993368,417639.43287790386
48510.537682018716,11,residential,urban,basement,brick,mansard,0,1,premium,rocky,6.052670235951119,17922774.048699766
41705.91071962088,15,infrastructure,urban,basement,glass,flat,1,1,premium,clay,55.04510697401906,24948511.85774115
11010.78597857467,3,industrial,urban,slab,glass,flat,0,0,economy,loamy,29.535554036005664,1512030.6577843877
9500.33587675148,5,industrial,rural,crawl_space,brick,flat,1,0,economy,rocky,19.254553836015198,805054.3465658899
9578.523237744974,5,infrastructure,suburban,slab,brick,gable,0,1,standard,sandy,31.15386361207436,1488516.2658772452
15559.991026497117,9,industrial,suburban,basement,steel,flat,0,0,standard,rocky,81.5887359278987,3499514.2553074104
26475.443365795774,15,infrastructure,urban,crawl_space,glass,hip,0,1,economy,clay,5.785537087787684,6155609.212636721
21881.27842278473,3,commercial,urban,basement,glass,hip,0,0,premium,clay,64.82333840785263,7897387.7965652635
14915.842439803075,6,infrastructure,urban,slab,concrete,mansard,1,1,economy,rocky,91.33701453231224,2141507.64181056
30786.718288757784,17,industrial,suburban,slab,concrete,hip,1,1,luxury,clay,44.80563474064022,17916681.862816565
7404.946102276071,8,industrial,suburban,basement,glass,flat,0,0,premium,loamy,90.15139301883809,2615537.5840870673
14961.160102493299,11,commercial,urban,crawl_space,concrete,hip,0,0,luxury,clay,90.68004290742326,10234823.925296303
18634.91124303774,6,infrastructure,rural,slab,glass,mansard,1,1,standard,rocky,60.959577202245164,3287494.989665081
23075.46421874328,8,commercial,suburban,basement,wood,gable,0,0,economy,rocky,45.58405334386021,2205729.274481535
39366.210088954176,10,residential,suburban,pile,steel,hip,0,1,luxury,loamy,73.76636490277235,21838718.610625263
10383.852216838806,3,infrastructure,urban,basement,concrete,mansard,0,0,economy,loamy,91.62226385415472,1236070.2258748068
25954.604701473774,14,commercial,rural,basement,glass,mansard,0,0,luxury,rocky,68.00353444096659,13480516.302407425
29824.5211586711,14,commercial,urban,crawl_space,concrete,flat,1,0,economy,sandy,20.96071805156613,5585881.203841632
2799.2954296398875,10,industrial,urban,basement,steel,mansard,0,0,premium,loamy,82.00557464538421,1124932.68493952
30573.4701691212,12,infrastructure,rural,pile,wood,hip,0,0,standard,sandy,95.15333598241641,4483554.280953888
8940.94412252093,6,residential,rural,basement,brick,mansard,1,1,premium,clay,41.027487917129434,2026577.787445237
3720.053852771336,12,residential,rural,pile,brick,mansard,0,1,standard,clay,69.7589676883423,621264.6936953875
47469.834094039994,14,infrastructure,suburban,slab,concrete,flat,0,1,premium,loamy,51.81663490357248,16966642.286233637
48298.78563719069,2,infrastructure,urban,basement,glass,flat,1,0,standard,loamy,11.20091869612435,12220179.214271776
40515.668731764825,9,commercial,suburban,crawl_space,steel,hip,0,0,premium,rocky,34.98420142983595,12818984.282179298
15578.381574081848,10,industrial,rural,basement,wood,mansard,0,0,economy,clay,16.382960849248917,1222497.0583899003
5334.769643316002,17,industrial,suburban,pile,wood,gable,0,0,premium,loamy,67.35733583565512,1605769.1198508209
34369.53481235177,17,industrial,rural,pile,wood,mansard,1,1,luxury,rocky,58.20946991329928,15844892.542516489
22287.548440110266,3,infrastructure,rural,crawl_space,brick,gable,0,1,luxury,sandy,3.3534402083629122,6377000.995863642
6540.892624816552,19,industrial,urban,pile,steel,hip,0,0,economy,rocky,6.160691426546194,1558970.7582193331
25011.257050507873,1,commercial,urban,basement,brick,flat,0,1,economy,clay,26.07924822196607,2622793.042865575
2202.231795203311,12,infrastructure,urban,pile,concrete,hip,1,0,economy,rocky,74.48595321432005,384537.70019895595
45511.35990289971,7,infrastructure,suburban,basement,wood,flat,0,1,luxury,rocky,12.683610006049062,16231303.99802876
13309.609089200838,4,industrial,urban,basement,steel,flat,1,1,premium,loamy,20.477410105839468,5056870.2358140545
33294.85307552211,10,residential,rural,pile,wood,mansard,0,0,economy,rocky,90.76263948688718,2569698.005487378
15929.698266425843,13,residential,urban,crawl_space,brick,mansard,0,1,premium,clay,54.61375046024283,7052259.909833683
26243.367048301636,2,commercial,suburban,slab,brick,flat,1,1,standard,rocky,62.084964247721985,3787819.85623546
27562.15882749234,10,industrial,urban,crawl_space,brick,gable,0,0,premium,rocky,45.57661453650794,9567105.004958956
9650.295548513588,4,industrial,urban,slab,wood,gable,0,1,premium,clay,29.977099052089628,2437936.5767093142
48494.439074345646,18,infrastructure,urban,crawl_space,steel,mansard,0,1,luxury,sandy,24.913028532298785,45560567.82429705
38869.07475637517,5,infrastructure,suburban,basement,steel,hip,0,1,premium,sandy,58.92195862613517,9996351.66355182
47005.19760742736,19,industrial,rural,basement,concrete,gable,0,1,luxury,clay,47.09752966009214,23452988.678190857
44793.95384616862,2,infrastructure,rural,pile,wood,flat,1,0,standard,sandy,40.30331235900104,4863807.101899645
30096.048951148714,12,industrial,rural,slab,concrete,mansard,1,0,luxury,rocky,69.4385164354344,12015149.896780219
46132.77463364428,17,commercial,urban,slab,concrete,mansard,0,0,standard,loamy,40.41541582269905,14801333.378672048
4880.378851570015,10,infrastructure,urban,pile,concrete,flat,1,0,standard,clay,3.673038093640768,1434106.8575535582
10201.151689747687,2,industrial,suburban,crawl_space,concrete,hip,0,1,economy,rocky,83.96699333378972,945495.9246815977
2738.750801071634,6,infrastructure,rural,pile,brick,flat,0,0,premium,loamy,31.840344092236716,512701.1946220197
16603.851372781584,8,commercial,urban,crawl_space,concrete,hip,0,1,premium,rocky,94.64017349174132,6488277.611429361
19739.52583962936,19,infrastructure,urban,pile,steel,mansard,0,1,economy,clay,87.95580933107152,4445464.113043035
13931.777072807847,11,industrial,urban,slab,concrete,hip,0,1,economy,rocky,23.391624424314394,2206289.4594590804
41522.5067030205,12,infrastructure,suburban,slab,brick,flat,1,0,premium,clay,96.54710148944436,13778016.062668147
18159.28967133267,9,infrastructure,rural,crawl_space,glass,mansard,1,0,economy,rocky,85.35607594639251,2185393.6947474363
14406.258229525347,2,industrial,suburban,slab,glass,gable,0,0,economy,loamy,98.5016453652259,1583645.3787762185
27363.4561163333,8,residential,rural,slab,glass,mansard,0,1,standard,loamy,67.79484551410803,4896115.495409592
7475.749136250751,11,infrastructure,rural,slab,wood,flat,0,1,economy,loamy,93.07267492442422,602060.1679072473
40208.75054732496,4,infrastructure,urban,slab,steel,flat,1,0,economy,sandy,69.00931220517148,6188816.263758908
4190.256862148655,10,commercial,urban,basement,brick,mansard,0,0,luxury,rocky,85.5093390450891,2514626.847157221
49350.90336172561,16,residential,urban,pile,glass,mansard,0,1,premium,rocky,61.04292926794068,27939927.377962008
38726.11608018454,8,commercial,urban,pile,brick,mansard,1,0,luxury,loamy,92.91743725799621,21828893.75740886
10336.426235941533,4,industrial,urban,basement,brick,hip,0,1,economy,clay,51.80869056294569,1232765.9860891665
773.3447976183188,10,industrial,rural,slab,wood,gable,0,1,economy,sandy,73.65687256591245,62709.66799145744
40865.34070851429,12,commercial,urban,pile,glass,hip,0,1,luxury,rocky,91.69604520931779,34161797.472720295
35489.43852045705,14,infrastructure,urban,pile,concrete,flat,0,1,economy,rocky,42.23901187439013,6825812.728058174
36585.85481802887,16,residential,suburban,pile,brick,mansard,0,1,standard,sandy,2.640207490361146,7727162.497298076
38677.882160954316,18,commercial,suburban,crawl_space,glass,hip,0,0,luxury,sandy,11.304711393745158,28936905.018248986
4165.2102608374735,12,commercial,rural,basement,brick,hip,0,1,luxury,loamy,97.19114417499347,1711649.5418875832
18244.053562941495,18,industrial,rural,crawl_space,wood,flat,0,1,premium,sandy,87.32025412238332,4556129.535128245
6235.518446493921,7,infrastructure,suburban,crawl_space,wood,hip,0,0,luxury,loamy,48.34174397963365,2477980.9952071887
43223.61958084188,7,residential,suburban,basement,concrete,flat,0,0,standard,sandy,96.08994120683175,7338647.5906710215
31353.257277964116,9,commercial,urban,pile,wood,hip,0,0,economy,sandy,18.560554577562204,4323741.459248785
16879.452230206134,1,residential,urban,crawl_space,glass,gable,1,1,luxury,rocky,11.096636749719458,9274621.511542495
3646.13833915817,6,residential,rural,pile,wood,flat,0,0,luxury,loamy,60.144007791531465,1047949.1009016221
15893.62492492528,6,commercial,suburban,crawl_space,concrete,gable,0,1,premium,sandy,38.21202970347808,4423172.76901464
16596.57444032398,12,residential,rural,pile,steel,hip,0,0,premium,sandy,33.976963595700674,5081405.104650959
36615.505827734174,12,industrial,urban,slab,brick,gable,0,1,economy,rocky,73.41518951648115,6369007.08007272
32059.09483208305,10,infrastructure,rural,slab,brick,gable,0,1,luxury,clay,15.001313492029277,12258576.561837314
44417.03075752816,6,infrastructure,rural,slab,glass,gable,1,0,standard,rocky,77.84490227901158,7665927.641405237
23874.63879551649,17,infrastructure,rural,basement,concrete,hip,0,0,economy,loamy,35.944961593419656,3053389.9357377314
6419.915173945934,19,industrial,urban,slab,concrete,flat,1,0,standard,clay,98.67375579587303,2296415.34706897
35805.616967538255,18,industrial,rural,crawl_space,concrete,hip,0,1,luxury,sandy,80.87460868985846,17298048.724903684
38158.859906536425,6,industrial,urban,pile,brick,hip,0,1,economy,loamy,64.62235620980958,5302833.026738242
28283.221279690064,19,infrastructure,suburban,pile,wood,hip,1,0,premium,clay,22.944626993410555,10492427.769013949
38662.87540775077,10,residential,rural,pile,brick,flat,0,0,premium,loamy,95.6426460013974,8883103.01011368
24942.88202003734,8,industrial,rural,pile,brick,mansard,0,0,standard,rocky,3.2910039767100163,3475827.5376748987
26375.275054408707,6,commercial,urban,crawl_space,brick,hip,0,1,economy,clay,22.334978000933404,3708985.7456877567
21663.280408748207,7,industrial,rural,pile,wood,hip,0,0,standard,clay,3.6775709037120907,2582003.103355521
1758.2467738327118,1,commercial,urban,crawl_space,steel,flat,0,1,premium,clay,96.65161797418197,484717.83374361513
5840.62563616857,18,infrastructure,rural,crawl_space,glass,mansard,1,1,luxury,sandy,87.1449519646026,3561670.97168356
2055.7446914933453,12,commercial,suburban,pile,steel,mansard,0,1,premium,rocky,95.21076658014029,770525.0587440372
32002.31535755713,16,industrial,suburban,pile,steel,mansard,1,0,luxury,clay,71.50349857665893,21360228.883816674
16060.62106327817,10,industrial,suburban,pile,brick,mansard,0,0,standard,loamy,2.7424065796798236,3168821.0204647803
25674.249212652787,10,residential,rural,crawl_space,steel,flat,0,1,standard,sandy,93.15020403256345,4129161.1785370973
45424.5404593416,14,infrastructure,rural,basement,brick,flat,0,0,standard,rocky,42.09527716808168,8002452.308067046
12839.96534286931,10,commercial,suburban,crawl_space,brick,mansard,0,0,luxury,rocky,36.820086905474525,5549747.122304448
20813.954690263672,10,infrastructure,suburban,basement,glass,gable,0,1,standard,rocky,28.413236293965262,4954884.694166023
37899.78135788091,11,industrial,urban,pile,concrete,flat,0,0,standard,rocky,28.679782728372416,10078636.867137164
11825.509191835312,2,residential,urban,crawl_space,brick,gable,1,0,economy,sandy,80.0628552018914,1556289.5156369887
4310.505536525253,8,industrial,suburban,pile,steel,gable,1,1,luxury,rocky,25.637947836913032,2082852.777409697
14842.696919231517,7,industrial,suburban,basement,glass,mansard,1,1,standard,loamy,22.216205743851713,3101570.845018992
8480.453719073219,8,industrial,rural,basement,steel,mansard,0,0,standard,loamy,69.80196278388539,1276655.1361275963
46520.033790957365,1,commercial,suburban,crawl_space,concrete,hip,1,1,luxury,loamy,28.74630660406793,15474151.62503229
40501.95878843864,2,industrial,urban,crawl_space,wood,gable,0,1,luxury,clay,1.3130937653075825,15298836.435794385
31853.485947265963,18,infrastructure,urban,crawl_space,concrete,hip,1,1,premium,rocky,93.1766387076656,17393567.201637227
43637.29921429203,15,infrastructure,urban,crawl_space,glass,mansard,0,0,premium,loamy,31.356388698349825,23628523.309455168
40281.76780650616,1,residential,urban,slab,concrete,gable,0,1,economy,rocky,76.43774518680986,4635128.483023168
9735.217914858775,5,infrastructure,urban,slab,concrete,flat,1,0,standard,sandy,46.89873273214826,2129033.8320731074
44681.6704252539,2,industrial,urban,pile,glass,hip,0,0,luxury,loamy,13.407981855645923,25800688.62173329
27197.44097482471,3,industrial,suburban,basement,glass,mansard,1,0,standard,clay,66.19282384736044,4842568.457003722
40468.2876806211,19,infrastructure,urban,basement,steel,gable,0,0,premium,clay,23.15598269633442,24583478.702491816
44856.51934621292,18,residential,urban,pile,brick,mansard,0,1,premium,sandy,28.79178749350316,22431873.888623737
16241.172011107263,18,residential,urban,pile,wood,hip,1,1,premium,loamy,3.240636406262787,7184040.672777221
5947.57026412,14,infrastructure,urban,pile,wood,mansard,0,0,luxury,sandy,1.6403350113706971,3719301.6136902776
11782.790545826114,8,commercial,suburban,slab,wood,mansard,1,0,standard,clay,51.36194572143569,2168036.119881979
21641.835536999686,12,commercial,rural,pile,concrete,flat,0,0,luxury,clay,5.779490888246929,9134792.689999403
40991.73091316341,10,commercial,rural,basement,glass,mansard,0,0,standard,rocky,20.94175720042579,7387361.209193953
43106.163871189,17,commercial,rural,pile,glass,gable,0,0,economy,sandy,92.38071517671007,6260971.909336458
844.1304612939398,11,infrastructure,rural,crawl_space,glass,gable,0,0,premium,clay,8.285545860148547,266533.9434410904
25781.991477589505,2,residential,urban,basement,brick,flat,1,0,premium,loamy,29.07894986216991,7998051.39973671
21161.84465586456,4,industrial,rural,basement,glass,gable,0,0,premium,loamy,72.65281621381693,4917978.563602413
11494.336618301148,1,industrial,rural,basement,glass,mansard,0,1,premium,clay,88.43250874634897,2166833.960940165
6433.335683017299,15,infrastructure,suburban,slab,concrete,mansard,1,0,luxury,sandy,4.621114951762606,3934231.147288111
17211.950984479583,13,industrial,suburban,slab,steel,gable,0,0,premium,sandy,18.543951940933955,6833583.971856814
47174.0303436697,8,commercial,suburban,basement,wood,hip,1,0,standard,loamy,38.78834401380908,8116607.971303346
16498.545135027383,4,residential,urban,crawl_space,concrete,mansard,1,0,standard,clay,36.099423520309095,3539973.6081435974
26180.13577629662,10,infrastructure,urban,basement,concrete,gable,0,1,premium,loamy,28.85257348054391,10456742.248367194
35299.4384653113,19,residential,urban,slab,concrete,mansard,0,1,premium,sandy,24.230759032121085,17334497.589480985
18499.665317775052,18,infrastructure,suburban,crawl_space,wood,mansard,0,1,luxury,clay,26.865883477204466,10606990.126607904
48603.213094687555,5,infrastructure,rural,basement,concrete,flat,1,1,luxury,loamy,13.34255772121783,17304479.363894694
48141.14109963451,19,infrastructure,suburban,slab,steel,gable,0,0,standard,clay,16.332662253714116,12824682.05086341
12963.223643355526,16,infrastructure,urban,crawl_space,glass,mansard,1,0,standard,rocky,60.67668998189265,5328915.043399389
25113.80104167308,1,residential,suburban,pile,steel,hip,0,1,economy,loamy,29.219112176064776,2480761.395411076
15393.476335930098,12,industrial,rural,pile,glass,gable,1,1,standard,loamy,39.96852703761882,3238651.0428956416
14599.604471684646,2,infrastructure,urban,basement,glass,hip,1,1,economy,rocky,41.196639070631555,2257836.1487365174
2325.9038940493733,8,commercial,rural,pile,concrete,gable,1,0,premium,sandy,10.973749671102151,525319.3909686226
30673.434532004892,18,infrastructure,rural,slab,concrete,hip,0,0,premium,loamy,81.94937898564864,8883759.255655652
25382.611649828643,16,residential,urban,crawl_space,wood,hip,0,0,premium,loamy,95.63596676725338,10378031.263433835
3048.198186874473,5,infrastructure,rural,basement,brick,gable,0,0,standard,sandy,26.354185729231038,348114.5839315477
14292.999979712265,13,commercial,suburban,crawl_space,steel,flat,0,1,standard,clay,29.44101857151117,3630437.8372312663
45459.16135534936,19,residential,rural,crawl_space,wood,flat,0,0,premium,rocky,69.31538132182149,13274732.39133714
12358.313588015135,3,infrastructure,rural,crawl_space,wood,gable,1,0,luxury,sandy,8.058838123541612,3086294.1340207704
7672.296168515543,8,commercial,rural,slab,steel,mansard,1,1,premium,clay,90.73229357718738,1868800.0438517067
24727.911633739368,12,residential,suburban,basement,steel,gable,0,0,economy,rocky,12.058930723159234,3366722.0681733177
49289.697478474736,2,infrastructure,rural,pile,glass,gable,1,0,luxury,clay,73.20624709104311,18475207.124495603
12481.735939819271,11,commercial,rural,crawl_space,brick,mansard,0,0,luxury,loamy,29.15150759261739,4993206.709951191
33770.70959659099,12,residential,suburban,crawl_space,concrete,gable,0,0,standard,rocky,32.326471828028325,7340163.351095566
38200.17095877152,18,infrastructure,urban,crawl_space,brick,gable,1,0,standard,clay,14.084464528771058,13066759.08668435
12263.058427623784,13,residential,urban,slab,brick,mansard,1,1,economy,rocky,64.6337828992956,2116673.476390824
36546.709256287046,5,commercial,urban,pile,concrete,mansard,0,1,premium,clay,79.4994361203098,11502666.752412297
18705.265069603036,12,infrastructure,rural,crawl_space,brick,flat,1,1,premium,clay,95.02415754720828,4769136.576639161
31799.138614382184,2,infrastructure,urban,slab,wood,hip,1,1,standard,loamy,33.15494346315487,5654318.238817144
31859.720682664287,5,infrastructure,suburban,slab,wood,hip,0,1,standard,sandy,62.11809101838269,4550126.581493552
27020.846861700546,7,commercial,rural,crawl_space,concrete,flat,0,0,premium,rocky,41.499294828135326,5618302.673914708
4969.343617693211,12,industrial,rural,crawl_space,concrete,flat,1,1,luxury,loamy,55.784367274078626,2124087.165197457
41847.47353166728,16,infrastructure,rural,slab,steel,hip,1,0,economy,rocky,16.29317292271002,6197265.203429511
16378.613216100925,8,commercial,urban,slab,steel,flat,0,0,economy,sandy,58.175289104714565,2552656.638265321
9732.666264792784,9,residential,urban,crawl_space,brick,gable,0,0,economy,loamy,84.90822692298468,1304995.0053893465
2518.369506960814,15,residential,urban,slab,brick,flat,0,0,standard,sandy,86.36531542195243,672059.3462036133
29749.20068781797,5,commercial,rural,slab,concrete,flat,1,1,luxury,loamy,48.33893276056237,9505663.787159055
34039.43591119298,13,industrial,suburban,crawl_space,brick,flat,0,0,economy,loamy,23.57464654464556,4444214.297359125
1321.0975319288796,5,commercial,rural,crawl_space,glass,flat,0,0,luxury,loamy,83.66789740746627,456702.9118917564
25848.606385814408,11,residential,suburban,basement,wood,hip,1,1,standard,loamy,99.94285168324659,5218810.095579423
11711.540872297928,10,residential,rural,pile,brick,mansard,0,0,standard,clay,37.71596419252905,1641616.5342958851
32436.05312526777,13,infrastructure,suburban,crawl_space,brick,hip,1,1,premium,rocky,92.43687051654021,11029711.96789842
9131.138235747076,9,industrial,rural,crawl_space,steel,hip,1,1,luxury,clay,98.34601241333993,4160320.511034044
34701.418036072064,14,commercial,rural,crawl_space,glass,mansard,1,0,luxury,clay,39.56132858021053,17516278.425388113
19643.3996418766,18,residential,suburban,pile,brick,hip,1,0,luxury,clay,71.62844169503472,11686477.17608818
46868.134442468356,15,residential,suburban,basement,wood,gable,1,0,premium,loamy,58.109250317906856,14619209.40553904
7307.286735226666,10,residential,suburban,slab,brick,mansard,0,0,economy,loamy,72.21936886967121,812432.5129889104
17382.784376987795,7,commercial,suburban,pile,concrete,gable,1,0,economy,sandy,15.4152734591951,2190459.941239048
6116.939301409159,8,commercial,suburban,crawl_space,glass,hip,0,0,standard,rocky,36.67198396571513,1283770.782831173
46272.33410478886,3,industrial,suburban,crawl_space,brick,hip,0,1,premium,sandy,6.279804075313356,9419955.162975991
43928.29799235856,15,infrastructure,suburban,basement,glass,mansard,0,0,luxury,sandy,61.32161367471246,32067467.958041687
13268.110571900203,16,infrastructure,suburban,basement,brick,hip,0,0,premium,rocky,92.66964289027229,4809411.13222946
33169.21027869186,4,infrastructure,rural,basement,wood,flat,0,0,standard,rocky,56.028324563242535,3351347.705462191
40952.49890996018,6,residential,suburban,slab,wood,gable,0,1,economy,sandy,7.0331620530288745,3669797.5428244164
27982.440174173385,1,infrastructure,suburban,pile,glass,gable,0,0,economy,sandy,93.0377399899152,2585160.530595765
26717.70362862232,4,residential,rural,pile,steel,flat,1,0,standard,sandy,13.296491064646343,3765183.2627903
12471.688399572358,11,industrial,rural,basement,steel,mansard,0,0,premium,loamy,88.2941429039696,3176597.8305532997
5108.587006392011,12,residential,urban,slab,concrete,mansard,0,0,standard,rocky,71.42272457515233,1447738.0466310934
44912.18001868967,5,industrial,urban,pile,steel,flat,0,0,luxury,rocky,63.63677552717731,25543363.38390787
45070.69382958486,16,industrial,suburban,crawl_space,glass,flat,0,1,luxury,clay,58.68475976249672,33288250.51076623
31838.522135026764,13,infrastructure,suburban,crawl_space,steel,gable,1,1,standard,loamy,13.114921484146013,7850203.05575848
17281.974656910683,13,infrastructure,urban,crawl_space,concrete,flat,0,1,luxury,loamy,50.08437523747157,12612151.850025952
17785.873943326715,17,residential,urban,pile,brick,flat,0,1,luxury,rocky,19.66930383540626,12426208.814168174
36434.80610407685,7,commercial,suburban,basement,steel,flat,1,1,economy,loamy,57.17838720973092,5010715.388132243
44906.95786765256,8,infrastructure,urban,crawl_space,glass,hip,0,1,premium,sandy,44.734374440572054,19266464.72521735
44410.778001123304,13,infrastructure,suburban,basement,glass,flat,1,0,economy,rocky,67.96755617894944,7481135.301613926
39103.83951995238,16,commercial,rural,slab,concrete,hip,0,1,economy,rocky,98.24970298622098,4822426.186460175
32280.566484637246,4,commercial,rural,crawl_space,concrete,gable,0,0,premium,loamy,36.10154036157221,5782785.186641436
4664.928267254917,8,infrastructure,urban,slab,wood,gable,0,0,economy,rocky,61.6713496339963,618635.8776698841
8500.621347683382,16,commercial,rural,basement,wood,mansard,0,0,luxury,loamy,86.44069265335955,3565963.468696637
44978.43233209042,10,residential,rural,pile,wood,gable,0,1,standard,loamy,9.292663355091069,5973351.327611699
30518.2384531497,12,industrial,rural,basement,brick,mansard,0,0,standard,loamy,80.02460612674463,5289018.089893652
955.2540550231676,12,industrial,rural,crawl_space,glass,hip,1,1,premium,sandy,23.94249707303032,302547.4738649374
5522.841371868589,5,infrastructure,suburban,crawl_space,wood,flat,1,1,standard,loamy,54.02760185908376,846024.877845144
33343.337570848766,16,infrastructure,suburban,basement,glass,gable,0,0,standard,loamy,99.15014385349839,10044869.60314877
750.548400387825,1,residential,urban,crawl_space,concrete,flat,0,0,standard,clay,98.40520787682601,122526.08857231887
8459.998545166183,9,commercial,rural,crawl_space,brick,mansard,1,0,standard,clay,31.57976394815949,1295909.6797580235
27662.32257364601,12,infrastructure,rural,slab,concrete,hip,0,0,economy,sandy,13.176295616396661,2990647.2711872016
34748.81228578831,5,industrial,rural,pile,glass,gable,0,1,luxury,sandy,93.81850367628944,12922228.98181953
32772.08234537873,3,residential,urban,basement,wood,flat,0,1,luxury,loamy,89.35294349989267,14066180.362007685
11601.330818297709,5,residential,suburban,slab,concrete,mansard,1,0,standard,clay,61.60318962374175,1938371.1756844348
35752.871456703026,2,commercial,rural,crawl_space,steel,flat,0,1,premium,sandy,3.241038883752334,6737445.191811535
12243.829831091603,14,infrastructure,suburban,slab,brick,gable,1,1,economy,rocky,75.12803240918929,1674633.6777885363
16607.285058883754,2,infrastructure,urban,pile,glass,flat,0,0,standard,rocky,16.08552132414014,3675714.588995206
37451.324553342194,13,residential,suburban,basement,wood,hip,0,1,standard,loamy,94.30212717005068,7229837.997989926
32656.828502837125,7,industrial,rural,pile,concrete,gable,0,0,premium,clay,43.51260697970801,6985199.348224881
42536.55881946181,10,infrastructure,suburban,pile,brick,mansard,0,1,economy,rocky,61.511560817335074,5024499.511553371
33051.838168867,13,industrial,suburban,slab,wood,gable,0,0,standard,clay,28.107993860567593,6250014.095182577
28631.275865105847,16,residential,urban,slab,concrete,mansard,1,1,premium,sandy,47.50758824106421,13646822.369465593
5136.901007490577,14,infrastructure,urban,pile,glass,mansard,0,0,economy,clay,75.46355032196034,1084473.49963748
18701.93225144196,11,industrial,urban,crawl_space,steel,gable,1,1,economy,loamy,49.20165624712032,3386962.6394372834
13627.51720024541,10,residential,urban,basement,steel,mansard,0,0,standard,clay,84.71973294689379,3798869.843661031
12577.487347264638,6,industrial,suburban,crawl_space,glass,gable,0,0,premium,rocky,71.30274359995731,3890006.0905074095
48664.02246024606,4,infrastructure,suburban,crawl_space,brick,hip,0,0,premium,clay,7.735957230454627,10347305.696691038
19958.33737100464,1,commercial,urban,basement,glass,hip,0,1,standard,clay,60.683540429541125,4225420.53754751
44656.30448126711,7,industrial,urban,slab,concrete,flat,0,1,standard,clay,61.259943266031435,10693055.741206612
31741.361986864515,9,commercial,rural,crawl_space,brick,hip,1,1,standard,sandy,38.0898352391083,5063066.921392959
39843.159525311596,8,infrastructure,rural,slab,steel,mansard,0,1,premium,loamy,32.272392754167136,10133951.201034084
25380.53610870701,5,commercial,urban,basement,concrete,flat,0,1,economy,rocky,6.288759401030508,3353915.868395916
29056.742289004775,19,residential,suburban,crawl_space,wood,flat,0,0,standard,rocky,44.6156478438557,6744713.002943982
24879.625844033762,10,commercial,urban,slab,wood,gable,1,0,luxury,clay,33.6596457851461,13905200.062950477
10164.527896003203,11,industrial,suburban,slab,wood,flat,1,1,luxury,clay,95.10628096842508,4414297.188164167
36261.37970544452,15,industrial,suburban,crawl_space,steel,gable,0,1,standard,sandy,67.41743818453513,9697279.290191576
14398.231940822361,6,commercial,rural,basement,glass,flat,0,0,luxury,loamy,46.00614105676832,5352296.916277991
1703.640338356965,15,residential,urban,pile,brick,hip,1,1,economy,rocky,75.46119806218852,312762.64129403245
32450.878647404807,5,infrastructure,urban,slab,steel,gable,1,1,economy,loamy,77.87696375915263,5215782.560328328
9266.978630648922,19,commercial,suburban,basement,concrete,mansard,0,1,luxury,rocky,48.045589157448646,6255568.925243308
47052.69992546926,19,industrial,urban,crawl_space,concrete,flat,0,1,premium,clay,7.5757802073757485,22745217.401342552
47719.464561628076,10,industrial,rural,slab,wood,hip,1,0,standard,sandy,78.0551132248479,6712827.723042806
45785.7873159122,12,commercial,rural,slab,brick,hip,0,1,premium,sandy,9.028404278784341,10969356.073711421
18822.8556626445,4,commercial,urban,slab,wood,gable,0,0,economy,clay,84.75068265050881,1959177.7234597015
1265.1025181789378,18,commercial,urban,basement,concrete,gable,0,0,luxury,clay,33.415689260861626,1071445.644810853
46451.768848092404,16,infrastructure,rural,slab,concrete,gable,0,0,standard,clay,63.82409644283808,9515015.456867764
21695.11534170706,8,industrial,urban,slab,glass,mansard,1,1,luxury,loamy,74.04044529120519,14351254.555777052
48349.41354266164,4,industrial,suburban,crawl_space,glass,mansard,0,1,luxury,clay,3.519246532600062,20526537.005160082
48199.18886591802,12,industrial,urban,slab,glass,mansard,1,1,premium,loamy,38.46143058451984,26467324.019003518
42723.96804563433,2,infrastructure,suburban,basement,wood,flat,0,1,premium,clay,60.41430079993941,7603978.974294432
15075.220157444492,4,residential,urban,crawl_space,brick,mansard,1,1,luxury,sandy,84.8144247296941,7242072.575630779
19562.3375657953,5,industrial,urban,pile,glass,gable,0,0,economy,loamy,71.77696831804093,2928127.742836026
42631.265240084416,3,industrial,rural,crawl_space,steel,hip,0,1,standard,sandy,89.61411642089469,5407107.98999688
16187.639255235745,9,residential,suburban,slab,glass,hip,1,0,luxury,clay,8.27226711545771,9051011.78054179
8889.890960961578,18,infrastructure,rural,pile,wood,gable,0,1,luxury,clay,7.182200220581159,3700112.2539639273
28061.662491688334,11,residential,urban,crawl_space,brick,mansard,0,0,luxury,rocky,71.35249407759726,17832570.324110746
46839.66132095866,3,residential,rural,slab,glass,mansard,0,0,luxury,loamy,39.8528240997816,16819159.71484358
34953.47493541116,2,residential,urban,crawl_space,brick,gable,0,0,premium,loamy,48.16312612509396,9567581.513665842
28718.027919423566,9,residential,urban,basement,steel,hip,0,1,premium,loamy,60.431603560902246,12710900.763817374
5310.236441653043,14,infrastructure,urban,slab,concrete,flat,1,0,economy,loamy,98.5941461747311,1072966.081795161
30942.857721608903,4,infrastructure,suburban,basement,brick,hip,0,0,standard,sandy,6.716615553693417,4415372.251700846
49507.66558016103,9,residential,suburban,slab,glass,mansard,0,1,luxury,loamy,10.889488942618497,27927763.546986
7434.15875420794,13,commercial,suburban,basement,wood,hip,0,0,economy,sandy,82.93132356144774,877968.7550896059
26157.317792004967,18,commercial,rural,pile,wood,mansard,0,1,premium,clay,2.05242611562354,7389618.30367491
43929.967060433795,15,commercial,urban,basement,wood,hip,1,1,standard,sandy,45.0454840728404,11550049.547707384
37168.04657883312,10,commercial,rural,crawl_space,wood,gable,1,1,economy,loamy,77.4118289631836,3654860.2225783514
35002.279179265766,16,industrial,rural,slab,brick,mansard,0,0,standard,sandy,19.526882103409303,6392003.264053898
35272.96215736191,12,infrastructure,urban,crawl_space,wood,flat,0,0,standard,loamy,18.701011306557458,8577541.164890626
18294.81198537788,5,infrastructure,rural,basement,concrete,flat,0,0,standard,sandy,31.02523443326799,2326207.093939425
15032.796291092422,2,residential,urban,slab,steel,gable,0,0,premium,rocky,15.001033891494476,4560675.12819315
40563.377196186426,10,industrial,urban,basement,brick,hip,0,0,luxury,loamy,67.85528537218904,25258695.503409866
40600.61303661945,1,residential,urban,pile,brick,gable,0,1,standard,sandy,20.013755149746693,6758858.455170195
43420.079769715136,7,residential,urban,pile,wood,gable,0,1,economy,loamy,22.685753904581375,4870959.099060274
45705.40735154533,17,infrastructure,rural,pile,wood,flat,0,0,standard,clay,57.49351480917936,8227601.083048997
25811.44874361642,16,industrial,rural,basement,brick,flat,0,0,standard,sandy,96.7341078396044,4416084.62770304
25325.05658701638,3,commercial,rural,basement,wood,mansard,0,1,premium,sandy,91.38825723685412,3780044.173791601
40015.61135885537,14,infrastructure,suburban,pile,wood,mansard,1,0,economy,rocky,86.4496729626922,5608647.544962051
32673.214573499376,10,industrial,rural,basement,wood,mansard,0,1,standard,loamy,53.09238333278207,4319042.216269158
35247.360424256316,7,industrial,rural,crawl_space,wood,gable,0,0,premium,sandy,29.775181570572073,6411114.249361544
39891.737137087,17,infrastructure,suburban,basement,wood,gable,0,1,premium,rocky,70.57671782732655,13175878.254785918
44555.264419969535,6,infrastructure,urban,crawl_space,glass,mansard,1,1,luxury,rocky,38.957727977919824,27542705.673180178
17230.760264151024,4,residential,urban,pile,glass,flat,0,1,luxury,rocky,77.79089834312092,9866931.013516951
19091.35615567723,17,residential,urban,basement,glass,flat,0,0,luxury,loamy,1.6191485577313758,16591956.657848053
5152.1060221230155,9,residential,suburban,pile,brick,hip,0,0,standard,loamy,52.95400409668019,896166.1227369988
29124.866979310613,4,commercial,rural,slab,steel,mansard,1,1,standard,sandy,33.73504949973722,4711229.73854366
2279.1425529387334,7,infrastructure,rural,basement,brick,gable,1,1,standard,loamy,24.904910583577877,372226.0342852876
23547.10189755678,2,industrial,rural,basement,glass,hip,0,1,premium,loamy,66.18368376243767,4792921.994141077
27360.909418025043,17,infrastructure,rural,pile,brick,hip,1,1,standard,clay,65.837333361111,5254724.722409792
14683.791980350079,8,industrial,suburban,pile,steel,hip,1,0,premium,loamy,3.706717794359493,4499960.12625591
29746.246398166033,15,commercial,rural,pile,wood,mansard,1,0,economy,clay,94.76988860158875,3283569.8760699932
2009.7623719829467,15,infrastructure,urban,slab,concrete,mansard,1,0,standard,sandy,36.18530361505198,662043.4965006086
2348.735343086114,8,industrial,suburban,slab,glass,mansard,0,1,economy,rocky,91.74078143989841,328264.47534239345
41218.72775265308,16,industrial,suburban,pile,glass,flat,1,0,luxury,clay,58.371998817007984,27319422.72662947
18329.436749857512,19,residential,urban,basement,steel,hip,0,0,economy,sandy,65.25904728733848,3958958.2913632477
6789.495376268297,11,commercial,urban,basement,wood,flat,0,1,economy,clay,96.05155783199791,901105.034473267
26351.041372712818,2,infrastructure,rural,pile,wood,mansard,0,1,premium,loamy,82.21972796659743,4188969.0997385364
38614.68087838124,17,residential,urban,crawl_space,concrete,flat,0,1,premium,sandy,14.003501003024843,18851690.844063897
11183.140861093738,16,commercial,suburban,slab,wood,flat,0,1,premium,rocky,0.5220962593334155,3460158.0347542115
31333.078553040512,15,residential,suburban,slab,steel,gable,1,1,premium,clay,30.858738034175516,13656858.100924732
4724.699517191516,13,infrastructure,suburban,crawl_space,wood,mansard,0,0,luxury,loamy,48.85375943876235,2314875.902424846
3058.245197846081,15,industrial,rural,pile,steel,hip,0,0,economy,sandy,73.21498911633945,364478.0785680069
26802.054262623325,4,infrastructure,rural,basement,glass,mansard,0,1,luxury,loamy,66.10483803727016,9275476.221211713
27261.438519700274,16,commercial,urban,basement,glass,flat,0,0,luxury,sandy,31.285617141007684,23496106.80850011
32052.780124161225,12,infrastructure,rural,slab,glass,mansard,1,0,premium,clay,54.19959891633567,9760429.394095976
36441.52101927175,4,commercial,rural,crawl_space,brick,mansard,0,0,economy,sandy,65.09333160247738,2746161.8911047024
48804.67793339546,3,residential,suburban,basement,glass,gable,0,1,economy,clay,51.375020204380284,5417228.811191702
26056.867240909167,17,commercial,suburban,slab,steel,gable,1,0,luxury,sandy,68.89742960422308,17796989.857166383
16486.345410591675,18,industrial,urban,basement,concrete,mansard,0,0,premium,loamy,48.52182539483355,7782295.474332518
39861.71664105083,18,industrial,suburban,basement,wood,gable,1,0,luxury,loamy,52.96850069836132,22849801.54235279
13906.196437472674,17,industrial,rural,basement,glass,flat,0,0,economy,clay,94.07752927973607,1994967.200450304
22229.085324928987,12,residential,urban,slab,brick,flat,1,1,premium,rocky,38.91581276292817,8687600.115761125
4383.590876442165,4,commercial,urban,crawl_space,brick,flat,0,1,luxury,clay,75.57073311276639,2176794.2598256115
1754.8617990651467,12,residential,suburban,pile,steel,gable,1,1,economy,loamy,33.4676546165826,303579.0551338441
48151.09652655729,15,infrastructure,suburban,crawl_space,concrete,mansard,0,1,standard,sandy,33.18545353909603,11073619.616069507
41881.015965354185,16,infrastructure,suburban,basement,glass,flat,0,0,premium,rocky,92.6671596875075,17178776.528404504
34950.72320163805,5,infrastructure,urban,crawl_space,glass,hip,1,1,economy,loamy,69.867150542265,5593563.324529745
20743.17074850636,15,infrastructure,suburban,basement,brick,flat,0,0,premium,rocky,92.89582879775715,6500497.244001626
9078.068843506866,17,industrial,rural,slab,steel,mansard,1,1,economy,clay,99.45814620095254,1388523.4422079579
8243.63361221876,18,commercial,urban,slab,brick,flat,1,0,premium,loamy,0.02031651944003343,4215756.398704858
12887.02345914747,5,industrial,suburban,slab,brick,hip,0,1,standard,clay,98.3150249028609,2029705.789314831
27686.719902952962,13,commercial,rural,basement,concrete,flat,0,0,luxury,loamy,10.08707196785955,12411478.517933022
35872.49817365308,19,commercial,rural,crawl_space,steel,flat,1,0,luxury,loamy,7.041147993789543,22248190.261591453
33179.7701475277,13,residential,suburban,pile,concrete,mansard,1,1,luxury,clay,76.78098047555774,18043896.38975316
14356.72789882417,18,infrastructure,rural,pile,steel,flat,0,1,standard,loamy,35.01846006205058,3286333.730699041
47765.831392828106,14,commercial,urban,slab,glass,flat,0,1,premium,rocky,91.7811936500052,25104766.15537264
37025.89737644054,4,infrastructure,urban,pile,wood,gable,0,1,premium,rocky,54.45065689316175,9728905.18051556
27940.525599314333,4,infrastructure,rural,basement,wood,mansard,0,0,economy,clay,38.61116437513436,1946540.7678022995
30780.176938600434,19,infrastructure,urban,crawl_space,steel,mansard,0,1,economy,sandy,7.343737359325109,7088813.412245259
21270.2030901756,13,industrial,suburban,pile,wood,mansard,1,0,premium,rocky,46.463585177670396,6044927.1099153
12762.683980307294,12,infrastructure,rural,pile,brick,mansard,1,1,standard,loamy,27.789773405001206,2220412.0309752473
18120.64759323745,7,commercial,urban,crawl_space,glass,flat,1,1,standard,clay,7.661310110127539,5508176.845337919
38013.382467986274,12,industrial,suburban,pile,glass,hip,0,1,luxury,sandy,67.03885297741475,25225991.27798604
1212.4776871729155,4,infrastructure,suburban,crawl_space,wood,hip,0,0,luxury,clay,97.73368834977175,389020.1932326257
6245.5957050923535,2,residential,urban,basement,steel,gable,1,0,luxury,rocky,37.891448539654526,3168834.749512288
2777.130780076761,2,infrastructure,rural,basement,brick,flat,1,0,premium,loamy,29.72649205951672,482338.1601847184
2516.0757147890217,5,infrastructure,suburban,basement,steel,mansard,0,0,economy,rocky,8.996019031050862,272532.4265959444
42845.29890854486,10,industrial,suburban,slab,wood,mansard,0,0,premium,clay,22.314522110507884,11295583.513087202
35331.064039311175,10,commercial,suburban,basement,glass,hip,0,1,premium,loamy,28.497224979840574,11797761.603753114
23971.604539822598,9,infrastructure,suburban,pile,glass,gable,0,0,standard,sandy,34.41756128360647,5245067.3281723345
5342.790952224574,13,industrial,rural,slab,steel,flat,0,1,standard,rocky,63.39670482444848,1049755.6596183176
24834.985818283203,7,industrial,urban,slab,concrete,gable,0,0,economy,clay,11.487267806387402,3620930.887511182
23936.852653638,5,commercial,urban,slab,steel,flat,0,0,economy,loamy,5.842391342318343,3518322.714343742
9073.492560545752,10,industrial,urban,basement,concrete,gable,1,1,premium,clay,93.05818172922076,3989127.223616448
21975.656637279666,10,commercial,suburban,slab,steel,gable,0,1,premium,sandy,79.91886918125005,7405232.106775331
20225.984352669984,6,residential,rural,basement,concrete,mansard,0,0,premium,sandy,27.822208691535632,4085606.064015022
30984.579853584713,19,infrastructure,urban,basement,concrete,hip,1,0,premium,rocky,63.879218982068444,17347533.290878452
31937.135717948368,8,industrial,rural,slab,concrete,mansard,0,0,standard,sandy,59.24922797999057,4613199.550754677
2742.5484837162035,1,residential,urban,slab,concrete,hip,1,1,luxury,sandy,74.30105835333694,1184655.9779667675
19043.324424010327,17,industrial,suburban,pile,brick,gable,1,1,luxury,rocky,85.9294478716927,11351561.812173018
31480.0658278547,7,industrial,urban,slab,concrete,flat,1,1,luxury,clay,35.77520503273558,17733200.93346435
25405.244799714343,14,residential,suburban,basement,concrete,mansard,0,0,economy,rocky,66.08319827253236,3449667.8216863414
42896.24713882195,17,industrial,suburban,pile,glass,flat,0,1,economy,rocky,80.20409073909906,7955787.934099213
33105.33476513778,9,industrial,urban,pile,brick,mansard,0,1,economy,loamy,69.92943048757094,5200479.310481352
8565.25414053077,17,residential,rural,basement,concrete,mansard,1,1,economy,sandy,92.21355885345565,1184907.1774421777
3993.1529963212774,5,industrial,suburban,slab,wood,mansard,0,0,standard,sandy,49.46874527185986,531048.5219917314
32299.754271212623,8,commercial,rural,slab,brick,flat,0,1,premium,clay,80.26405932952181,6515804.748496345
1812.3098718102797,6,industrial,urban,crawl_space,glass,mansard,0,1,economy,sandy,90.97413978411302,281938.2470832835
29495.89127303643,11,infrastructure,suburban,slab,steel,mansard,0,1,luxury,clay,55.705287488085276,15030292.130137231
47041.3969505354,19,industrial,rural,crawl_space,glass,mansard,1,0,economy,loamy,1.7293532743372753,7811267.971456176
28985.97180485601,4,infrastructure,suburban,pile,glass,flat,0,1,luxury,clay,81.80083686608525,13670379.427187094
19714.411347222835,18,infrastructure,urban,pile,brick,mansard,0,1,premium,clay,84.60339714897869,9495598.995861359
32342.766812896483,1,industrial,suburban,pile,brick,flat,0,1,standard,loamy,39.98506607854525,4454532.82629438
23183.51807933007,13,residential,urban,crawl_space,wood,hip,1,1,standard,rocky,22.907807348101073,5991403.002085696
27508.03107113878,14,commercial,rural,basement,wood,mansard,1,1,economy,loamy,97.81492669420632,3001246.285660824
47102.508034438,1,commercial,suburban,basement,brick,gable,0,1,economy,sandy,55.16235823929184,3654390.7767285756
19612.080571138325,11,industrial,rural,pile,brick,hip,0,0,luxury,sandy,51.61796855098325,7926970.795906554
48078.93290928375,17,residential,urban,crawl_space,brick,flat,0,0,economy,loamy,94.60742942387682,9561439.26733123
45314.85677682515,4,residential,urban,crawl_space,steel,gable,0,1,standard,clay,40.80971122960052,10906571.832539048
10191.661172070173,12,commercial,rural,pile,glass,flat,0,0,economy,loamy,84.81359982246404,1342798.9369972378
3933.38439332069,10,residential,rural,slab,wood,flat,0,1,luxury,sandy,70.06510846897459,1412906.5639389413
5488.511068182619,6,industrial,urban,pile,wood,mansard,1,1,premium,loamy,96.77153721238093,1737349.7075726625
1401.9803697517116,1,industrial,rural,crawl_space,concrete,gable,1,1,standard,clay,42.86509425513522,179332.8162185735
5174.926557418456,7,residential,urban,slab,steel,flat,0,1,standard,sandy,90.76258883168474,1233097.0751551453
34308.835284109664,16,industrial,rural,basement,brick,hip,0,0,premium,rocky,56.88807171590883,10005095.77109721
4023.838098781335,14,infrastructure,urban,slab,brick,mansard,0,0,premium,loamy,47.587647242407805,1781224.3533708358
16289.293699541184,6,commercial,urban,basement,steel,hip,0,0,standard,loamy,30.5663544530261,4167629.115185195
42321.327892988,5,industrial,suburban,crawl_space,wood,hip,0,1,luxury,loamy,55.26980163181416,14539319.277195541
1651.9608189233804,18,residential,urban,pile,brick,mansard,1,1,luxury,loamy,57.255194595725335,1378092.4666252623
40816.18988815232,15,commercial,urban,pile,concrete,flat,0,0,economy,sandy,89.83911360076262,7823628.404401746
14451.811351283297,6,industrial,suburban,pile,wood,hip,1,0,luxury,clay,70.40621292843207,5120918.893745184
6349.158967271985,19,commercial,suburban,pile,glass,flat,0,0,standard,rocky,82.64736578484064,1852619.2563703193
34988.489685525456,1,residential,rural,pile,steel,flat,1,1,economy,loamy,76.91300364037191,3252302.2019879464
31632.670915604256,1,infrastructure,rural,crawl_space,wood,mansard,0,1,luxury,sandy,27.664655350298084,7207908.140426005
43934.86466958912,13,infrastructure,urban,crawl_space,glass,hip,1,1,premium,loamy,20.579756506017677,22568801.801574487
36886.016668292345,3,industrial,rural,pile,concrete,hip,0,1,luxury,rocky,25.8481355722039,10778096.592745837
40272.30605405001,10,infrastructure,rural,slab,steel,mansard,1,1,economy,loamy,14.65794243753341,4644936.940767981
14460.71134227967,3,industrial,urban,pile,brick,flat,0,0,premium,clay,38.59619234924627,4386781.218239268
9283.25741709628,9,commercial,suburban,basement,brick,flat,0,0,economy,loamy,65.39007145769283,956266.3852128081
37655.43020622249,8,industrial,suburban,basement,glass,mansard,0,1,economy,loamy,53.697749230520365,4965346.847093366
40438.31959372957,3,industrial,urban,basement,wood,flat,0,1,premium,loamy,67.9214328725319,10502034.571113698
49530.00452903333,13,industrial,urban,basement,concrete,flat,0,0,economy,clay,35.60984533856859,9163692.2957654
20924.57500711561,6,infrastructure,urban,pile,glass,hip,0,0,standard,sandy,20.52777865843599,5770012.12393255
18914.895246742766,13,industrial,urban,basement,concrete,flat,0,1,economy,clay,20.275814847919094,3059620.323405313
38932.441556728845,12,residential,urban,slab,concrete,flat,1,0,standard,sandy,60.086254670671565,11867260.433778947
17369.77524252438,13,industrial,urban,pile,concrete,flat,0,1,premium,clay,16.429475899142997,7763693.819825399
46572.48761737646,2,commercial,rural,basement,steel,flat,1,1,economy,clay,39.71671723061991,4049405.921769722
42991.43121622908,16,residential,rural,pile,glass,mansard,0,0,luxury,loamy,21.283274277604423,24523392.162271295
21735.204355063408,6,commercial,rural,pile,steel,mansard,0,1,economy,clay,66.27603847289456,2100027.5271036825
37668.11785567912,19,commercial,suburban,pile,wood,mansard,0,0,standard,sandy,61.5420838779705,8497920.491750514
37849.87226719178,13,commercial,urban,crawl_space,wood,flat,0,0,standard,sandy,38.11249667775396,9938547.737550268
5604.6315073786645,17,residential,urban,basement,brick,mansard,0,0,luxury,sandy,12.871751953450516,4198873.493051606
45176.36888063855,9,residential,rural,crawl_space,brick,gable,0,1,premium,sandy,21.18168144466752,10407805.531864159
25509.99243616893,17,infrastructure,suburban,slab,brick,gable,0,1,standard,clay,47.220905880233325,5561384.631117559
41409.64457233321,2,residential,rural,slab,wood,gable,1,0,standard,loamy,97.20824244341696,4905536.8689119555
16342.455251015283,19,industrial,urban,crawl_space,concrete,hip,0,1,standard,rocky,27.077476150420342,5626063.794301633
44828.399810561925,19,commercial,urban,basement,concrete,flat,1,0,economy,sandy,19.119035690589236,10067289.170262663
19765.483097341075,7,infrastructure,rural,pile,glass,hip,1,1,economy,clay,22.068341824337125,2438514.2590616
1036.463748274769,10,residential,rural,slab,wood,mansard,0,1,economy,loamy,70.81391361679589,85219.81920142747
45316.40783275355,10,commercial,urban,slab,brick,flat,1,1,economy,clay,91.46841653955214,7827213.967431089
5018.690500913611,9,residential,rural,slab,wood,gable,0,0,economy,sandy,7.5171623919249475,408591.5778515142
16306.025060725537,17,infrastructure,urban,basement,concrete,flat,1,0,luxury,sandy,74.92885415712183,13091926.324200252
47528.06736901485,15,residential,rural,crawl_space,concrete,hip,0,0,standard,loamy,49.46066796594991,8298553.820188646
47555.053773409025,2,residential,suburban,crawl_space,steel,mansard,0,0,luxury,clay,82.51904667013072,18276024.57001777
28885.175462102663,4,commercial,urban,basement,steel,mansard,0,1,standard,sandy,42.150532277076024,6498994.980304553
31775.942002405063,19,industrial,suburban,slab,glass,hip,1,0,economy,sandy,0.5216251676792516,6643798.85932412
22698.053337926827,17,residential,rural,basement,wood,flat,1,0,economy,rocky,68.27963767295712,2661234.550417646
15013.933199054194,5,infrastructure,suburban,basement,steel,hip,0,0,premium,rocky,80.79714314873063,3894318.9393572435
16768.894995810842,7,residential,rural,crawl_space,steel,mansard,0,1,premium,sandy,90.20210941531548,3781027.1945952587
33789.6635758134,18,residential,suburban,basement,wood,gable,1,1,luxury,rocky,56.905128909503425,19165095.09751351
37742.53920716516,7,industrial,suburban,basement,concrete,mansard,1,0,standard,rocky,12.204850124314559,7448676.515811503
39683.1626644295,17,commercial,suburban,slab,glass,mansard,0,0,luxury,sandy,36.98346442255558,27465316.1177331
39586.098068330415,7,infrastructure,urban,pile,glass,flat,0,1,premium,clay,78.4250245121112,16576587.179191908
5014.702100910174,4,commercial,suburban,slab,glass,gable,1,0,standard,clay,49.441296554801475,971492.1379116753
24973.805082777784,8,commercial,rural,crawl_space,steel,mansard,1,1,luxury,clay,69.92444881805015,9772628.236074513
3349.158620823892,13,commercial,rural,pile,concrete,gable,0,1,premium,loamy,0.4689683358799046,886789.3815229151
27701.67967502491,4,residential,urban,slab,glass,hip,1,0,economy,clay,7.300233973743575,4382496.348394311
22355.75981798216,6,industrial,urban,basement,wood,flat,0,0,luxury,loamy,68.1163618448635,9750766.64513356
44441.357046535835,5,residential,rural,basement,glass,gable,1,0,economy,loamy,29.020188093931388,4930723.58346294
17870.293121327893,12,infrastructure,suburban,pile,brick,gable,0,1,luxury,rocky,38.818668770789145,8798212.792399013
6294.81731316649,4,industrial,rural,pile,concrete,flat,0,1,standard,loamy,64.2132911774492,816775.3353414108
7578.088261615375,9,commercial,urban,basement,brick,hip,1,0,standard,loamy,11.20144935967743,1941064.4644842346
38194.776270014874,4,industrial,urban,crawl_space,concrete,gable,0,0,standard,loamy,83.27083552906171,7582754.17187483
31101.794134154923,19,infrastructure,rural,slab,wood,flat,1,1,standard,loamy,14.443426016318494,6003229.318670955
5505.572468078117,14,residential,suburban,basement,steel,mansard,0,0,premium,rocky,73.32825440512677,2086676.9571546167
4663.286902692373,5,residential,suburban,slab,steel,flat,1,0,economy,sandy,29.275136904395993,617597.5854494441
35197.97200722644,18,commercial,urban,slab,concrete,mansard,0,1,premium,loamy,25.997096613168637,19154132.957628295
4101.768815027579,10,residential,rural,slab,glass,gable,0,1,luxury,sandy,82.12646989848751,1994659.6332175035
41182.07293487263,19,residential,rural,slab,brick,gable,1,0,luxury,clay,55.22017462533704,20842718.0297773
35458.99024424656,12,infrastructure,urban,crawl_space,wood,gable,1,0,economy,clay,20.549778497489402,6060692.040325007
4526.764641774038,18,industrial,rural,crawl_space,glass,hip,0,1,economy,sandy,0.2546250911317882,646790.5245189928
4699.466847217,17,residential,urban,crawl_space,steel,hip,0,0,premium,sandy,97.30348793998013,2588698.6570836487
49338.659135808186,11,infrastructure,suburban,basement,glass,mansard,0,1,standard,clay,43.138618912259716,11953580.785671461
19026.404389927957,3,infrastructure,suburban,basement,brick,flat,0,1,premium,rocky,39.7422794891863,3951708.1166705014
18846.786279811102,17,commercial,rural,basement,steel,mansard,1,0,premium,rocky,5.031458621786211,6080355.226942237
40733.57857924638,1,infrastructure,suburban,crawl_space,concrete,flat,0,1,luxury,loamy,89.44034693509627,13638440.234863836
47388.804580501004,15,commercial,suburban,slab,wood,gable,1,0,premium,rocky,14.05876959371829,14573791.965142313
49307.05265923211,9,residential,urban,crawl_space,wood,flat,0,1,economy,rocky,33.54557116098081,6208351.378110173
37792.22017031761,15,commercial,urban,basement,steel,hip,0,1,standard,loamy,42.110389498580005,12130661.70184396
19124.84948378033,3,infrastructure,rural,pile,concrete,flat,0,1,luxury,loamy,81.01057487800668,5848056.763505302
4633.285476584104,19,industrial,urban,basement,brick,flat,0,1,economy,rocky,35.94666321407119,870883.1699702006
38968.77233840812,13,industrial,rural,slab,wood,gable,0,0,luxury,sandy,53.14625423528132,14854495.04118645
28141.01036192235,12,residential,rural,crawl_space,steel,gable,0,0,premium,loamy,42.87314696415731,8379890.128513141
21498.989457725325,1,residential,urban,pile,wood,hip,1,0,premium,sandy,31.184469512966107,5427841.266654332
45364.54206218943,17,industrial,suburban,pile,concrete,flat,0,1,economy,clay,94.63030849089527,6575427.1846507825
6004.275374154491,13,commercial,suburban,slab,brick,flat,1,1,economy,loamy,79.68768108265112,793346.8955299511
24884.942662397527,1,residential,suburban,crawl_space,concrete,flat,1,0,luxury,sandy,17.43529599747975,8602528.935838966
1062.0054159872439,10,infrastructure,suburban,pile,glass,gable,0,0,standard,loamy,55.47063348875232,252435.0374655868
23698.70177870925,15,residential,rural,basement,concrete,hip,1,0,luxury,loamy,79.65601190824886,10457440.18600254
3287.0121462509487,7,commercial,suburban,slab,concrete,flat,0,1,premium,loamy,57.978997262870735,932926.3420698624
6381.48685526956,18,residential,rural,pile,wood,flat,0,0,economy,loamy,49.3779291995931,666692.7439363566
6317.549215466692,16,infrastructure,urban,slab,concrete,flat,0,1,economy,sandy,7.20593974398721,1295557.0040015893
32635.909954745148,14,infrastructure,urban,crawl_space,steel,flat,1,0,luxury,sandy,10.60666885064997,25644956.53960095
37429.22152363845,18,infrastructure,rural,crawl_space,wood,hip,1,0,economy,sandy,24.523953520068197,4693884.446067386
29376.7538723094,7,commercial,suburban,crawl_space,wood,hip,0,0,economy,clay,51.33966911948447,2844641.366908613
48127.54114948982,17,commercial,rural,basement,glass,hip,0,0,premium,loamy,98.72966845685464,16471988.593441602
19056.09368642335,18,infrastructure,suburban,pile,steel,gable,0,0,standard,loamy,80.2266192076812,4966996.880343703
14642.748270952106,12,infrastructure,suburban,crawl_space,concrete,flat,0,0,economy,sandy,11.005100046429883,1780195.8628095286
43495.65684537828,8,commercial,rural,basement,glass,flat,0,0,economy,sandy,71.72593936988444,4834233.360708698
11567.994006712906,2,commercial,rural,crawl_space,steel,flat,1,0,luxury,loamy,81.04713391727283,3761969.70278224
48179.51570231026,7,commercial,suburban,crawl_space,glass,flat,0,1,standard,loamy,41.426327834121054,9508376.688440727
1101.646497145909,4,industrial,rural,pile,brick,mansard,0,1,premium,clay,33.01476233764892,201718.29680346933
48509.00192202813,18,commercial,suburban,basement,concrete,hip,0,1,economy,loamy,58.46151040376573,7107213.053859384
2636.4156415535176,6,infrastructure,rural,crawl_space,glass,mansard,0,0,standard,sandy,51.91535549684543,390790.7309889106
44611.58412805452,9,industrial,urban,basement,brick,mansard,0,1,standard,clay,26.521360579690302,10221742.450031606
26621.20489977184,9,commercial,suburban,basement,concrete,gable,0,0,luxury,rocky,39.73778305829402,11706311.857308187
49651.75740790537,14,infrastructure,urban,crawl_space,glass,gable,1,0,premium,rocky,54.443751628952505,26309846.47654158
4152.929954402243,8,residential,rural,crawl_space,glass,flat,1,0,standard,loamy,57.99243662687415,786110.0958722897
27915.787077865378,19,industrial,urban,slab,glass,mansard,0,0,premium,sandy,53.174952163795275,17395238.555743307
48480.4755131454,3,infrastructure,rural,pile,glass,mansard,0,0,standard,loamy,84.6107511087226,6548421.849868439
26393.343286422365,18,residential,suburban,crawl_space,wood,hip,0,0,economy,sandy,3.1745039787305918,3341186.48355742
31655.232587695496,5,infrastructure,rural,slab,glass,mansard,1,0,premium,sandy,33.29836804412203,8523504.064993607
34939.56010473855,14,commercial,rural,pile,wood,gable,0,0,luxury,sandy,74.98336138466634,12560589.159072744
22999.782706004775,4,commercial,suburban,crawl_space,wood,mansard,1,1,standard,rocky,65.17826031685321,3188661.0278892634
31564.12496416114,7,residential,rural,basement,brick,gable,1,1,economy,loamy,91.8266629181861,2966939.21963817
29423.55844019346,12,commercial,suburban,pile,concrete,flat,0,1,standard,loamy,58.802102874235615,6301656.120860379
45107.32151930396,2,infrastructure,rural,basement,wood,gable,1,0,economy,rocky,63.815090620705675,3124503.390702382
2749.5958269021644,11,residential,suburban,slab,steel,flat,1,0,premium,sandy,70.49471601227695,1051472.1667767258
14407.6778848154,14,infrastructure,urban,crawl_space,wood,hip,0,1,luxury,clay,18.62005991262423,8524459.86481792
47545.36846178966,16,infrastructure,rural,slab,steel,flat,0,0,economy,clay,75.3244011763465,5852813.452459972
44568.057302600355,6,infrastructure,rural,crawl_space,brick,mansard,1,1,standard,rocky,29.988963854100213,6715325.140063174
23055.00926289279,4,commercial,rural,crawl_space,steel,gable,0,0,economy,clay,42.45011800656404,1864604.4697275036
31196.56359117607,15,commercial,suburban,basement,brick,flat,0,0,economy,sandy,1.4006501572616625,4171960.861167273
14230.368557566067,1,infrastructure,rural,slab,brick,flat,0,0,luxury,sandy,84.35659310835291,3651583.622526486
9811.997406326185,7,industrial,suburban,basement,brick,flat,0,1,premium,loamy,95.3492894125565,2349428.6544018937
23453.071044529115,12,infrastructure,rural,basement,steel,flat,1,0,economy,sandy,6.0190951184791235,3189428.589282752
17990.935287289616,10,infrastructure,urban,basement,steel,flat,0,0,economy,sandy,63.52001797701138,3113275.224499804
29390.977536618168,5,residential,rural,slab,brick,flat,1,1,standard,sandy,96.07786761581028,3978868.7538702902
4347.86452976675,12,infrastructure,urban,crawl_space,brick,gable,0,1,standard,clay,60.69007882598198,1120525.6586493482
48732.54297947524,18,commercial,suburban,crawl_space,concrete,mansard,1,1,premium,clay,79.7950987188075,18262451.177346963
49317.431851740344,10,residential,urban,slab,brick,mansard,0,0,premium,rocky,11.812878483383171,19238683.01099644
35059.00484397738,6,industrial,rural,crawl_space,glass,flat,0,1,premium,rocky,24.48497728624289,8827298.508040788
27036.77013403396,12,residential,rural,slab,concrete,gable,0,0,standard,clay,34.57348559212631,4871995.112585475
15821.617006173223,7,industrial,suburban,slab,concrete,flat,1,0,economy,loamy,98.1166649655379,1934274.0285250377
40782.85347549396,18,residential,rural,crawl_space,concrete,hip,0,1,premium,loamy,78.17779703648218,13337498.913240993
34394.19304141703,2,residential,rural,pile,glass,mansard,1,0,standard,clay,88.56628694946401,4934045.060780075
8549.538497572119,10,industrial,suburban,basement,concrete,flat,0,1,standard,rocky,48.70764196850617,1574191.9574050049
45590.8956324452,15,commercial,suburban,slab,concrete,gable,0,1,premium,loamy,71.68053562333765,17441252.243573863
41215.593524696866,12,commercial,urban,slab,steel,mansard,1,0,standard,sandy,73.15649428675728,12513205.915482964
47515.09570795024,17,commercial,suburban,pile,steel,gable,0,1,economy,loamy,56.892306084512036,8289123.119907772
36423.11566522382,4,residential,rural,slab,brick,hip,0,1,luxury,loamy,87.7969150704365,10301285.386916334
30864.0521988216,7,infrastructure,suburban,slab,brick,flat,0,1,standard,loamy,15.825122595798879,4937151.1745204935
21203.030296385634,9,residential,rural,crawl_space,wood,hip,0,1,standard,rocky,5.751968986511546,2893070.2468284173
46670.059926023656,19,infrastructure,urban,crawl_space,glass,mansard,1,0,luxury,rocky,30.405649568933125,48888871.7668566
43370.162530270216,7,infrastructure,suburban,pile,steel,flat,0,1,economy,clay,8.827181059568478,5483043.687718477
2738.3241702563755,2,commercial,rural,slab,brick,mansard,1,0,premium,loamy,6.031616265544482,529091.0652637356
1805.1652376139743,6,infrastructure,suburban,basement,glass,flat,1,1,standard,rocky,41.90897968937713,396297.3666880693
19134.936660463456,18,residential,suburban,crawl_space,concrete,gable,0,0,economy,rocky,20.050568469145325,2922149.1501862807
40622.389873700726,6,residential,suburban,basement,glass,mansard,0,1,premium,clay,79.01474971272378,13200289.137845503
49370.16840108975,13,commercial,suburban,basement,steel,hip,1,1,economy,sandy,57.97843859655131,8097151.64745235
7945.636109624645,19,industrial,urban,pile,wood,hip,1,1,luxury,sandy,36.059285043640635,6206190.814789427
29909.470409930687,2,residential,rural,pile,steel,gable,0,1,standard,loamy,28.654414180787736,3687557.6551349084
19354.097403235566,12,infrastructure,suburban,slab,brick,gable,0,1,economy,sandy,56.3138156860266,2225062.3204387613
48510.762691822856,15,residential,rural,pile,brick,hip,0,0,premium,clay,43.40020987599076,13374662.160731846
42184.88669521758,14,residential,urban,crawl_space,glass,gable,0,0,premium,rocky,5.573518023731905,22090195.515181154
41997.27088320132,6,residential,rural,slab,steel,flat,1,0,premium,sandy,66.51906111826332,10017357.207738962
23700.31140985103,18,industrial,rural,slab,brick,hip,0,1,luxury,loamy,49.975758772328845,11342363.795534456
21033.565365714425,5,infrastructure,urban,basement,concrete,mansard,0,0,economy,loamy,27.689959502277183,2936331.4493353646
14033.650060569958,18,commercial,suburban,basement,concrete,hip,1,0,economy,rocky,29.041510353615596,2296577.347685807
3290.5870842208924,3,residential,rural,basement,wood,gable,1,0,premium,loamy,45.27845932798501,550714.1587329345
43303.757624625134,3,infrastructure,rural,slab,glass,flat,1,0,premium,clay,82.75924620556347,10795836.056634877
40738.59995193884,10,infrastructure,suburban,pile,brick,mansard,0,0,premium,sandy,42.30505803146699,12552269.227663292
49986.02482766347,19,commercial,suburban,pile,wood,hip,0,0,luxury,loamy,83.95808315811519,26174736.094250638
49833.52343515831,3,residential,rural,pile,concrete,hip,0,0,luxury,sandy,42.48632135395282,15212436.030202046
27993.869427330057,12,industrial,urban,slab,wood,mansard,1,1,standard,rocky,82.99131658634889,6920230.007276067
38564.87705143527,16,infrastructure,suburban,slab,wood,flat,1,0,standard,sandy,93.15299641843528,9045892.520392453
47265.90362918019,17,commercial,suburban,slab,brick,gable,1,1,standard,clay,2.0573878587793692,12218564.161721684
42557.54583853187,7,industrial,urban,slab,brick,gable,1,1,premium,rocky,6.2250412222387475,15019986.205087747
12743.731036288284,13,infrastructure,rural,slab,brick,gable,0,0,luxury,loamy,13.401929574575878,5482109.15927133
22801.93469784963,2,residential,suburban,pile,glass,gable,0,0,luxury,rocky,12.21204793660876,10337069.912026977
6893.391049999002,4,infrastructure,rural,slab,wood,mansard,0,1,standard,sandy,45.44778833666473,738603.336750895
47725.52584930676,10,industrial,rural,pile,wood,flat,1,0,premium,sandy,76.40340715449034,10449839.570282105
30505.644405318562,7,industrial,rural,slab,glass,flat,0,1,economy,sandy,96.13284151666222,3219569.703267901
11817.818872421405,17,residential,urban,pile,concrete,hip,0,0,premium,sandy,41.778081396778774,5968789.49014212
33749.183878089905,6,residential,rural,crawl_space,steel,hip,0,1,premium,rocky,68.84811365640493,8014403.7084140815
31097.347902665842,19,commercial,rural,crawl_space,concrete,flat,0,1,standard,rocky,63.5506911814564,6424099.37653595
18229.054542625603,5,residential,suburban,pile,glass,hip,1,1,luxury,sandy,39.31835346318424,8785281.530269254
6121.100813881637,10,commercial,suburban,crawl_space,wood,flat,0,1,luxury,loamy,72.11235189033422,2685287.641510468
33742.87318184358,9,industrial,urban,crawl_space,wood,mansard,1,1,economy,rocky,59.19510833588914,5289297.07917359
26255.231194737768,13,industrial,urban,pile,brick,mansard,0,1,luxury,clay,75.99395211375933,18489818.129846234
38729.76039091415,19,infrastructure,suburban,slab,brick,gable,0,1,luxury,rocky,19.36487035691934,24243101.916743703
26248.093305043672,6,infrastructure,suburban,slab,wood,flat,0,0,economy,clay,36.02713852698491,2302424.7823034613
42682.984265767736,4,commercial,urban,pile,wood,mansard,1,0,economy,loamy,67.12219137833293,5323538.503787788
27819.388519337033,3,residential,rural,basement,brick,flat,0,0,standard,clay,12.48034625129173,2977109.5389134632
28266.42959100162,3,residential,urban,basement,brick,hip,0,1,standard,clay,77.03975679891155,5279815.376278604
43894.35333158808,4,infrastructure,rural,crawl_space,concrete,flat,0,0,standard,loamy,13.343977227621517,5757486.46632801
20472.401877513654,5,industrial,suburban,basement,wood,gable,0,0,standard,sandy,32.44541510342048,2753608.6884760233
7133.753808306717,8,commercial,suburban,crawl_space,wood,gable,0,1,luxury,rocky,23.752867333493487,2781535.559413217
1924.742477510279,16,industrial,suburban,slab,glass,mansard,0,0,standard,loamy,6.098556161713575,508841.3660809339
37879.29415584414,3,industrial,rural,pile,concrete,hip,1,1,premium,clay,27.065683689045283,7985121.113997705
31205.3227919965,12,residential,urban,slab,steel,hip,1,1,economy,sandy,91.15112092837346,6097003.587985121
35351.94852091157,8,commercial,rural,pile,steel,flat,0,1,standard,rocky,2.6928646948776724,5794615.613947639
11041.725994691082,13,industrial,urban,basement,steel,hip,1,1,economy,loamy,1.6828930711486834,2245724.6154344585
7250.388041545103,4,infrastructure,urban,slab,brick,gable,1,1,luxury,rocky,70.4266847914386,3631087.5319670355
1219.9609505601554,14,infrastructure,urban,slab,steel,mansard,1,1,standard,sandy,36.68699149768633,430358.59490089177
17854.08416092655,14,residential,suburban,crawl_space,glass,mansard,0,0,premium,rocky,22.974107887482443,7156265.815905385
29700.925499304336,13,infrastructure,urban,pile,brick,mansard,0,0,economy,sandy,50.88721512141885,4947256.270170695
19916.08023243675,6,infrastructure,suburban,basement,brick,hip,1,0,standard,loamy,26.667553695059844,3696305.0518404297
22155.00864017459,17,industrial,urban,slab,steel,hip,1,1,premium,sandy,39.20179225328192,12628809.05646774
45255.855377440545,4,infrastructure,urban,pile,brick,gable,0,1,luxury,loamy,71.53363886930946,20113930.262958974
17738.64561765337,8,infrastructure,suburban,basement,concrete,flat,0,0,premium,sandy,11.690706448303946,5081867.238330144
25942.479713410634,17,industrial,suburban,slab,concrete,flat,0,1,luxury,rocky,95.96562079612565,15372508.75523736
39290.82413068658,3,residential,rural,pile,steel,mansard,0,0,economy,sandy,4.252868426905366,3286366.3811644763
20128.867724902873,17,residential,urban,crawl_space,glass,mansard,0,0,standard,sandy,80.65373553282285,7047210.600014192
31293.291661279738,9,commercial,suburban,slab,brick,hip,0,0,premium,rocky,72.45911939514103,8510529.611764954
43187.00358296389,2,infrastructure,rural,pile,wood,mansard,0,1,premium,clay,28.208957712757332,6103788.723667052
47501.27087105328,13,industrial,rural,basement,steel,gable,0,1,premium,sandy,11.832285155225698,14935506.406070862
7780.137305987378,2,commercial,suburban,basement,brick,gable,0,0,luxury,loamy,85.23749381942484,2753526.473744595
46366.08744549397,11,residential,urban,crawl_space,steel,mansard,0,1,economy,sandy,67.96116264169335,8939340.167528573
24859.75650743714,15,residential,rural,slab,steel,mansard,0,0,economy,clay,29.088122353496924,3175901.782691495
13283.097220798438,11,industrial,urban,crawl_space,glass,mansard,0,1,standard,loamy,1.6929171670273413,4428098.735669812
23227.219933793935,3,commercial,urban,pile,wood,mansard,0,0,standard,rocky,93.84903423680461,3936598.530985532
49011.61247663111,3,commercial,rural,basement,brick,mansard,0,1,economy,rocky,40.42531664599619,3449935.120540477
24884.595652647044,12,industrial,suburban,crawl_space,steel,gable,0,1,economy,rocky,17.626684698929694,3747002.8610266275
16773.204709231657,5,industrial,urban,slab,steel,flat,0,1,economy,loamy,91.1833945343382,2507148.0457165972
31853.342288677926,7,commercial,suburban,pile,brick,gable,0,1,premium,sandy,35.902064435257365,8595983.344368422
12387.208129520557,7,residential,rural,slab,steel,gable,0,0,luxury,loamy,46.32516409975973,5029777.826469255
4255.234741378864,13,infrastructure,urban,crawl_space,steel,mansard,1,1,economy,loamy,69.86186633839151,936240.1092319937
6879.546234577137,9,residential,suburban,basement,steel,flat,0,0,standard,clay,81.94188270343922,1411039.2804503334
6838.269028409736,13,industrial,suburban,basement,concrete,mansard,1,0,luxury,loamy,10.017774874654794,3645584.601095266
8019.18332885857,12,commercial,urban,crawl_space,concrete,gable,0,1,premium,rocky,89.86739040438026,3393731.421027694
7371.945046145802,13,commercial,suburban,slab,wood,flat,1,0,luxury,loamy,93.25397181235373,3261759.0990136256
32223.299867759124,10,infrastructure,suburban,slab,glass,hip,0,0,economy,clay,25.926972666411952,4994389.802566382
9503.06417775767,1,commercial,rural,slab,brick,mansard,0,1,luxury,loamy,49.7387939941954,2623333.2805414516
17610.53052453123,8,infrastructure,rural,slab,glass,hip,0,1,standard,loamy,85.78753342124294,3160877.706446846
44891.02629034759,16,residential,suburban,basement,glass,hip,1,1,luxury,rocky,48.73483318687178,33363597.176852748
23961.101193012182,13,residential,suburban,slab,concrete,hip,0,1,economy,loamy,48.19745714179543,3131811.2611180185
33544.10805679084,3,commercial,urban,crawl_space,wood,hip,1,1,luxury,sandy,61.85231898492772,15156647.773359055
9029.833624480678,3,commercial,rural,crawl_space,glass,flat,0,1,luxury,rocky,76.74393126968371,3378516.115413997
10018.306431029203,5,industrial,urban,crawl_space,glass,mansard,1,1,luxury,clay,66.56173857957039,5967107.2733086515
2522.996505190704,11,industrial,suburban,crawl_space,steel,flat,1,0,standard,clay,62.65666419064056,556239.276876598
8862.285622072146,7,commercial,urban,slab,brick,mansard,1,1,luxury,clay,37.16713343428364,4741577.11164312
14290.221782081951,10,commercial,suburban,basement,wood,mansard,1,0,luxury,loamy,63.00737056293579,6370394.676372698
9262.018971698968,10,residential,rural,pile,brick,mansard,0,1,premium,sandy,10.327287305330135,2049358.4726521214
4890.7754209742525,2,commercial,rural,slab,concrete,flat,0,1,luxury,rocky,40.95581168498723,1322187.7100408643
6471.47561947974,3,industrial,suburban,pile,glass,gable,0,0,luxury,sandy,18.835128279148037,2789931.4471670846
23308.549017619927,8,residential,rural,basement,glass,hip,0,1,premium,sandy,53.75678417493801,6406989.1020336095
10713.519061086728,11,infrastructure,suburban,slab,brick,gable,0,1,standard,clay,26.204518775758046,2255622.4436028088
18531.358121879734,13,industrial,urban,pile,concrete,gable,0,1,standard,clay,50.593482182975166,5502380.376792349
25419.154907315416,7,industrial,suburban,basement,steel,gable,1,0,premium,sandy,77.73250317899,8040380.106195213
34674.54401715358,13,residential,urban,pile,steel,hip,0,1,premium,sandy,43.39926945572928,15395395.835850101
2445.9509221343974,2,infrastructure,suburban,crawl_space,glass,gable,0,0,luxury,rocky,21.87286630007993,1025680.9685439888
40070.81474599761,6,industrial,rural,crawl_space,glass,hip,0,1,standard,clay,22.298167447789673,6210394.517537984
31581.069279799933,9,commercial,suburban,basement,wood,hip,1,0,standard,clay,90.62544481980713,5448518.040156395
4547.0720814691595,2,industrial,suburban,basement,brick,hip,0,0,luxury,loamy,78.09047646249445,1451918.4439149718
43742.14189328547,18,residential,suburban,pile,glass,mansard,0,0,economy,clay,3.6572667629879207,7894063.456395464
46083.183826324756,16,residential,rural,basement,concrete,mansard,1,0,luxury,rocky,94.27228082583714,20784569.34326693
3523.3590128157557,12,residential,suburban,crawl_space,brick,gable,0,1,economy,loamy,11.256518721483067,452136.2919033428
14205.443583286584,7,industrial,rural,crawl_space,wood,mansard,1,0,luxury,rocky,65.29423852220549,4131061.8655692036
40406.96334975654,7,infrastructure,suburban,slab,steel,hip,1,1,premium,clay,55.15030815774509,13014773.303167755
37538.85467399109,17,commercial,urban,pile,wood,mansard,0,1,luxury,clay,4.667284783556369,26243880.96626757
9633.790458140678,13,residential,suburban,basement,brick,hip,1,1,premium,sandy,29.51732752715919,3226206.6170350686
10862.79150516716,11,infrastructure,urban,basement,steel,flat,1,0,economy,sandy,77.58536035863403,2190541.4144395534
18838.369088173407,6,commercial,rural,basement,concrete,mansard,0,1,economy,rocky,30.687984046231076,1707061.3788340588
24483.887766955555,14,residential,rural,pile,steel,gable,0,0,premium,loamy,48.03323938090419,7233717.40594918
31103.61119074965,6,commercial,suburban,crawl_space,steel,flat,0,0,premium,clay,69.79505425072526,9098191.63265511
18761.225158703735,6,commercial,rural,basement,concrete,flat,1,1,standard,sandy,7.157284387296103,2772434.2058843635
23395.468448590822,2,infrastructure,suburban,basement,glass,mansard,0,0,standard,sandy,83.26057134897957,3939191.1129982444
37499.81143762095,15,commercial,rural,crawl_space,glass,mansard,1,1,luxury,clay,4.158117982159936,19365563.599446967
2315.818543084596,17,residential,urban,basement,steel,gable,0,0,premium,clay,26.23874484634634,1156600.136533804
12995.628745029027,8,infrastructure,rural,slab,steel,flat,1,0,economy,loamy,76.30672656286897,1540941.2522563918
35810.80450128535,5,industrial,urban,crawl_space,wood,hip,0,0,standard,sandy,91.18751516970181,6142420.411294671
44812.73846551637,17,industrial,suburban,crawl_space,glass,mansard,0,1,premium,loamy,76.03437152006035,20804988.75132142
25828.033384725473,1,infrastructure,suburban,crawl_space,concrete,flat,0,0,economy,loamy,22.699935879838375,2237366.852395879
26839.617520633125,18,industrial,suburban,slab,steel,flat,1,0,economy,clay,98.57238207806374,5344071.675135642
5805.014561318914,15,commercial,urban,crawl_space,steel,hip,0,1,premium,loamy,41.33342274797137,3046881.9266907005
22646.912157761006,5,residential,suburban,pile,wood,flat,1,1,luxury,clay,37.645121103440445,7685587.582736854
26864.554689523648,7,commercial,suburban,pile,wood,mansard,0,1,standard,rocky,86.52354995481438,4163416.526359405
12502.289929919118,18,infrastructure,urban,pile,wood,hip,1,0,standard,loamy,6.620897642280655,3718475.667577349
13827.539931994357,6,residential,rural,crawl_space,brick,mansard,1,0,premium,sandy,55.60814288298101,3159595.8918280294
19175.56607367882,5,infrastructure,suburban,crawl_space,concrete,gable,0,1,luxury,sandy,96.56258521330643,7959279.170408811
1493.524289997455,19,infrastructure,rural,crawl_space,brick,flat,1,1,economy,rocky,10.013033589780251,214645.55649431597
16442.918696367327,10,infrastructure,rural,slab,steel,mansard,0,1,luxury,rocky,54.08490511110971,7159859.876587539
10966.67634632896,15,commercial,suburban,pile,wood,mansard,1,1,standard,loamy,13.245661700830613,2333817.5361554343
16711.118932806778,10,residential,suburban,basement,wood,gable,0,0,premium,sandy,88.99779634657547,4349645.61891012
6428.225525052935,16,residential,urban,basement,wood,flat,0,0,standard,sandy,58.77483865926154,1759730.1048614057
44581.1003966248,12,residential,urban,crawl_space,glass,mansard,1,1,premium,clay,23.460338381332857,21573044.401960537
29882.826450925408,18,commercial,suburban,slab,concrete,hip,1,0,luxury,clay,30.704301321669636,19368205.237354543
34115.56479765224,1,industrial,rural,crawl_space,brick,mansard,0,1,standard,sandy,51.663097328880966,3315814.321364711
39563.97631106325,16,commercial,urban,basement,concrete,mansard,1,0,luxury,clay,72.53481059591788,32572704.912681967
25172.888846988335,6,commercial,urban,pile,wood,mansard,0,1,standard,clay,48.749421039221296,5127225.342081392
4802.554260327473,3,infrastructure,suburban,basement,steel,mansard,1,0,luxury,clay,18.926594382989826,2102544.423506255
27086.773820018116,2,residential,suburban,pile,glass,flat,0,0,standard,rocky,70.81312168380062,4768251.777757697
29548.635342033518,2,residential,suburban,pile,concrete,mansard,0,1,premium,sandy,11.836373107832632,6988386.621672002
37399.25397212434,13,industrial,suburban,slab,steel,gable,0,1,luxury,sandy,80.94072990221895,21024969.50915697
21867.14753836913,9,industrial,urban,basement,wood,mansard,1,0,luxury,sandy,39.560011690511466,11270797.726471836
6815.224988380406,16,infrastructure,urban,crawl_space,wood,hip,0,0,premium,clay,65.27105852626278,2769342.7976380754
14546.90733703686,5,residential,urban,slab,wood,hip,1,1,economy,loamy,34.47001538412056,1710858.4527593888
18472.573671732436,7,industrial,rural,pile,wood,mansard,1,1,standard,loamy,66.90735315504772,2711222.7899682
32472.90344591426,13,industrial,urban,basement,glass,mansard,0,0,standard,clay,88.91869113851452,10137960.88710852
28753.526081111137,13,residential,urban,crawl_space,glass,gable,0,1,premium,rocky,70.14042698551077,15179702.326134976
18126.78793194339,7,commercial,suburban,slab,concrete,gable,0,0,standard,rocky,67.14089846285893,3128330.9022742747
49332.5048152525,10,industrial,urban,crawl_space,wood,flat,0,1,luxury,sandy,75.74108119625292,25077366.91429177
30485.853558165913,15,residential,urban,basement,glass,flat,0,1,luxury,loamy,50.021201057786335,24901516.55413246
12242.726190931728,6,industrial,urban,crawl_space,steel,hip,1,0,premium,rocky,22.029267049442748,4574203.73325638
5538.232394709985,5,infrastructure,suburban,slab,glass,mansard,0,1,luxury,loamy,81.55220501191037,2487020.8300640695
8066.527389624435,2,industrial,urban,crawl_space,glass,mansard,1,0,economy,loamy,64.84819968287113,1294294.1181084164
12674.907555033153,15,residential,urban,basement,concrete,gable,0,0,standard,rocky,31.382088054197787,3661407.9497148423
8453.727976348006,16,industrial,rural,slab,glass,gable,0,1,premium,clay,27.587016782741603,2772724.9133635513
9735.067690539636,19,infrastructure,rural,pile,steel,flat,0,0,premium,sandy,49.992892981769025,3539802.5125446366
14612.210850345431,9,infrastructure,rural,slab,wood,flat,1,1,standard,sandy,20.73056532878863,2112436.090477409
9081.992967090364,19,industrial,rural,basement,brick,hip,0,0,economy,rocky,87.82388321589373,1146565.268968368
44889.88851900805,7,industrial,suburban,crawl_space,concrete,gable,1,1,premium,clay,78.85732707971998,13624365.48625437
4471.570410251289,4,infrastructure,rural,pile,steel,mansard,0,0,standard,rocky,30.831496531115675,656819.5336299997
26463.313783727604,3,infrastructure,urban,pile,concrete,gable,1,0,economy,rocky,4.940354760452048,3748511.576610489
20814.642935988246,11,commercial,rural,crawl_space,wood,gable,1,1,premium,loamy,5.186808953517385,4598738.1543119475
49127.74153697602,1,commercial,suburban,basement,glass,gable,1,0,economy,loamy,29.711975805488944,5721810.746582459
6045.925657318591,6,infrastructure,rural,slab,glass,flat,0,1,premium,sandy,14.750742429777441,1526917.5162881217
20193.85215276421,11,industrial,rural,basement,steel,mansard,0,1,standard,loamy,87.33322479235686,3622050.3403271744
48488.78644713076,1,residential,suburban,pile,wood,mansard,1,0,standard,loamy,42.07828140763116,6184291.680561681
43342.60273175202,7,industrial,suburban,slab,brick,flat,0,1,standard,clay,34.8026493053496,6989995.3111908855
40945.06751198936,6,industrial,suburban,slab,brick,flat,1,0,economy,rocky,21.789909519754136,4867579.856632922
13266.189938724521,14,commercial,suburban,crawl_space,glass,mansard,1,0,luxury,rocky,84.12010218929153,8368350.893746396
8958.935575808258,2,commercial,suburban,basement,wood,hip,0,0,economy,clay,79.24670005431112,613781.4241981066
33597.83938625934,4,commercial,suburban,slab,wood,gable,0,1,standard,loamy,38.43265295930131,4438924.995719627
46504.1114618155,11,infrastructure,urban,crawl_space,steel,mansard,0,1,premium,loamy,16.935785034090923,21680055.226579234
28059.763204189523,15,infrastructure,rural,basement,brick,flat,0,1,luxury,rocky,95.19882472610021,12924215.029891185
28794.828128760044,18,industrial,rural,pile,steel,mansard,1,1,economy,sandy,31.58599984809691,4386290.70707811
14358.965136184066,1,industrial,suburban,pile,concrete,gable,1,1,economy,rocky,77.10917218837076,1495245.8756999443
38589.900193000874,3,residential,suburban,basement,wood,mansard,0,1,premium,sandy,46.30495696322142,7062986.412105288
9758.665553597406,3,industrial,urban,slab,brick,flat,1,0,premium,loamy,78.16459650043845,2900861.7117367084
16522.12220201006,7,industrial,urban,slab,steel,hip,0,0,standard,sandy,48.160924611021194,3920468.5290336777
21559.10371151263,1,commercial,suburban,pile,glass,flat,0,0,economy,sandy,92.55598038483326,2165687.2326541427
25626.713744880522,11,commercial,urban,pile,concrete,hip,0,1,premium,sandy,80.04233740422372,11196726.300042776
12499.281754546471,6,commercial,urban,slab,steel,gable,1,1,premium,sandy,26.0289037723086,4482216.881748524
6184.422824590575,3,commercial,suburban,basement,glass,flat,1,1,luxury,sandy,43.03777752051258,2893133.643021105
30725.692100860815,19,commercial,suburban,pile,brick,mansard,0,0,standard,rocky,10.058980639423766,7942134.275599417
14787.21238539266,2,residential,suburban,slab,brick,flat,0,0,standard,clay,90.3471313169721,2078634.134446222
29271.29196041931,18,residential,suburban,basement,concrete,flat,0,1,economy,loamy,6.929632195782109,4209044.561883331
8140.954406073014,12,residential,rural,crawl_space,glass,gable,1,0,premium,rocky,1.8241608245331387,2507409.6407333333
24316.435041813464,10,commercial,rural,basement,wood,hip,0,1,standard,clay,49.64330652134624,3087991.619956287
26863.1769113035,5,infrastructure,suburban,slab,brick,hip,0,0,economy,rocky,60.3129106492941,2396553.25612954
3065.265072710132,9,commercial,urban,basement,wood,mansard,1,1,standard,clay,22.32143923069274,732242.3854620811
17161.91177059907,2,commercial,suburban,slab,wood,flat,0,1,economy,rocky,57.054908474642495,1282409.4460567643
7153.526508479225,2,residential,rural,pile,steel,gable,0,1,premium,loamy,89.55618811107435,1425652.1663465821
3637.0610384020033,6,commercial,urban,crawl_space,steel,hip,0,0,standard,loamy,62.611514889563146,851649.4174699584
49503.03150330229,10,residential,rural,pile,brick,mansard,1,1,economy,sandy,45.574083625530605,5012161.064809542
16456.515326248787,18,commercial,suburban,pile,wood,hip,1,0,economy,clay,14.442898439118279,2521109.729121273
40588.78506980443,12,industrial,rural,slab,steel,mansard,0,1,premium,rocky,16.894172932228724,11818193.07617579
13104.71241080631,4,infrastructure,rural,slab,glass,hip,0,1,standard,sandy,48.43547016086196,1840005.866417731
34234.3847500845,17,infrastructure,rural,slab,glass,mansard,0,0,economy,rocky,46.3121358596266,5254581.8423299
38131.279064539485,15,residential,urban,slab,glass,hip,0,1,economy,loamy,52.23886657214768,8170881.169776121
29984.11766008829,6,industrial,rural,pile,glass,hip,0,1,economy,loamy,50.78904280260641,3074530.6716230214
23843.02133323284,16,infrastructure,urban,slab,wood,flat,0,1,economy,clay,34.12788960314606,3617819.0575124947
20886.12525028979,17,residential,suburban,slab,glass,mansard,0,0,standard,rocky,69.58636300542076,6039726.842997589
17768.979193878266,3,commercial,suburban,pile,wood,mansard,1,0,luxury,rocky,21.221111691878956,6329231.571627024
46511.69264026738,10,commercial,rural,crawl_space,brick,flat,0,1,standard,sandy,85.23288353947916,7442357.709644701
41615.66068549259,5,industrial,urban,crawl_space,brick,flat,1,1,economy,loamy,19.439611609110365,5566233.325396878
48268.832077992374,14,infrastructure,suburban,basement,glass,hip,0,0,standard,sandy,41.5887399574212,13718335.949594026
6652.712562534464,13,commercial,urban,pile,glass,hip,0,0,standard,sandy,21.0743445692133,2170092.5813328
36677.94002258039,6,residential,urban,slab,glass,hip,0,0,premium,clay,61.84528050181868,15727097.16176394
46947.85261264137,12,commercial,rural,basement,brick,flat,0,0,premium,sandy,47.76377405728365,12060189.070582408
9471.036775200177,8,commercial,rural,crawl_space,steel,hip,1,0,economy,clay,37.43139847751278,1050159.8220093397
3791.565234655486,5,infrastructure,urban,crawl_space,brick,flat,1,0,luxury,loamy,47.51334825947837,2067637.5659646094
37185.47213985792,15,infrastructure,urban,pile,glass,hip,0,1,premium,sandy,42.12404538439753,20500150.287446674
28936.419102405638,16,residential,rural,slab,steel,flat,1,0,standard,sandy,85.51655230942478,6284515.104035252
42170.52444953447,1,industrial,urban,slab,steel,mansard,1,1,economy,sandy,12.4266498863284,5485245.99559134
7418.73264300133,16,industrial,rural,basement,concrete,gable,0,1,luxury,sandy,79.31814212891162,3730795.832356386
39865.731937064564,5,commercial,urban,crawl_space,wood,hip,0,1,premium,loamy,65.53295838909564,11656286.36030979
10480.552342363355,3,residential,rural,basement,glass,hip,0,1,economy,clay,34.832037734432895,905051.4946570148
8600.969171852372,15,industrial,urban,basement,wood,flat,1,1,luxury,loamy,91.9102061155443,5376831.171130511
8631.15699758415,13,industrial,rural,basement,concrete,mansard,0,1,economy,clay,17.694562064559328,893272.5659392943
40821.448651453415,16,commercial,urban,slab,wood,mansard,0,1,luxury,clay,31.028828775652517,25658353.786997247
33427.26242446191,11,residential,suburban,crawl_space,glass,hip,0,0,premium,sandy,37.48410665384486,11747959.576464264
26391.738526071407,2,industrial,suburban,basement,concrete,flat,0,0,standard,sandy,64.77962810907285,3760433.004927656
18262.108964113373,6,infrastructure,urban,crawl_space,wood,flat,1,1,standard,sandy,94.64113450220535,3464531.5052250116
43921.42677024886,6,infrastructure,suburban,crawl_space,brick,gable,0,1,premium,clay,59.34478627279508,10122278.5458368
19926.03281742045,14,commercial,urban,basement,steel,mansard,0,1,premium,rocky,85.6306085626771,10010999.50495818
40921.67225384307,11,commercial,urban,basement,concrete,gable,1,0,premium,rocky,90.4973289726333,16210561.561376996
22237.17797422581,8,commercial,suburban,pile,brick,mansard,0,0,luxury,rocky,46.64637126368611,10127215.144768266
19158.749256532927,8,commercial,urban,slab,glass,hip,0,0,luxury,loamy,47.24341267739409,12594303.28273426
23402.649390645518,1,industrial,rural,crawl_space,steel,hip,1,0,luxury,clay,24.999774727643942,7285178.724349273
15418.204771125032,7,residential,urban,basement,concrete,flat,1,1,luxury,rocky,60.15865143513665,9238655.693364235
37506.66431872443,6,commercial,urban,basement,steel,flat,0,1,luxury,clay,12.002782266431232,21466205.969389476
25384.659309577717,8,commercial,suburban,crawl_space,concrete,flat,0,1,luxury,clay,63.432873146768266,12229057.905448668
11994.528409767456,19,industrial,rural,basement,concrete,mansard,1,0,luxury,loamy,89.28971096315335,6269179.549000055
45028.94137709114,8,commercial,urban,pile,wood,flat,0,1,premium,sandy,76.0785688210981,13801198.710051171
19502.615457973963,14,commercial,urban,crawl_space,steel,hip,1,1,luxury,sandy,64.91883773384554,16692885.523052186
27405.866625142437,18,residential,urban,basement,steel,gable,1,1,economy,loamy,83.8403993497106,6841103.928788656
45370.36949274507,16,infrastructure,urban,crawl_space,brick,hip,0,1,luxury,loamy,72.98151651055278,34134772.0547002
31399.78079774261,9,commercial,urban,basement,glass,hip,1,1,standard,clay,52.96620090478664,9431743.293571394
6286.453015064021,15,industrial,urban,basement,brick,hip,0,0,standard,rocky,52.10643698162384,1764132.037635969
47021.690118867016,10,residential,rural,slab,wood,gable,1,1,premium,clay,10.70031388645849,10853077.564950166
31571.548627035183,16,industrial,rural,crawl_space,concrete,hip,1,1,standard,clay,43.44147469659965,6182389.561824875
17077.827925525762,4,residential,urban,slab,wood,mansard,0,0,standard,rocky,52.244945970010924,2974391.474545533
7393.96759683767,13,residential,urban,basement,wood,mansard,0,0,standard,sandy,46.9917023895521,1858081.1791605165
39804.24686887965,5,commercial,suburban,crawl_space,brick,gable,0,0,premium,clay,77.60138781796975,9778168.871711006
31193.601418461418,7,commercial,rural,crawl_space,concrete,mansard,0,0,premium,sandy,16.096203220339433,7049083.511356749
26906.324052827917,9,commercial,rural,pile,glass,flat,0,1,luxury,sandy,79.48989106144786,12805763.95062537
44747.682861022404,8,infrastructure,urban,pile,wood,mansard,1,0,standard,sandy,74.16627668228305,10582266.166047849
39535.56195561427,16,infrastructure,rural,basement,glass,hip,0,0,luxury,clay,90.08223271839684,21974596.537050005
8007.9065467711835,6,industrial,rural,basement,concrete,mansard,0,0,premium,rocky,37.34549926742828,1556323.346290171
15930.242355879638,16,commercial,suburban,basement,concrete,flat,1,0,luxury,rocky,17.654338903161502,10116096.042098409
12800.212420816055,6,infrastructure,suburban,basement,brick,flat,0,1,luxury,sandy,75.86285869672696,4804138.820246636
37325.34148234751,14,commercial,rural,pile,steel,flat,1,1,standard,sandy,58.843085178104836,7570109.717424142
2159.8555194210794,1,infrastructure,rural,crawl_space,brick,hip,0,0,premium,rocky,71.24923482589539,339446.7990963874
28709.53940113017,9,infrastructure,rural,slab,glass,flat,0,1,standard,loamy,99.6740470869165,5422329.401599893
38241.70494416418,13,residential,urban,crawl_space,brick,hip,0,0,luxury,loamy,19.453974962170438,26242385.010474443
43899.8990197066,19,commercial,suburban,crawl_space,concrete,flat,1,1,premium,sandy,41.10516054741377,17999439.621082444
17433.04656143742,17,commercial,urban,pile,wood,hip,0,1,luxury,rocky,19.269679272416894,12543034.01072941
41152.23658126464,11,infrastructure,suburban,crawl_space,steel,hip,0,1,luxury,loamy,86.06231872440699,23917934.19018691
5976.270979282758,8,commercial,suburban,crawl_space,concrete,hip,0,1,standard,rocky,1.6981025390197413,1142084.6786459645
42399.38844085865,5,infrastructure,suburban,basement,wood,mansard,1,1,premium,clay,13.522311813391163,9711127.4282422
6810.68878543313,10,commercial,rural,slab,glass,flat,0,1,premium,sandy,24.787027097077562,1970669.998433944
20165.72088273818,7,residential,suburban,crawl_space,glass,hip,1,0,standard,loamy,77.132320393239,4311323.61779892
39966.120606087905,10,commercial,urban,crawl_space,glass,flat,1,1,economy,sandy,62.84542028680485,8496490.233162593
7920.912653764302,4,residential,suburban,slab,brick,mansard,0,1,standard,clay,38.861233194365106,1257990.1821388677
11847.944064015754,9,industrial,urban,basement,glass,gable,0,1,standard,rocky,15.87003031844917,3696806.3575167847
36251.50213545678,14,commercial,suburban,pile,glass,flat,0,1,economy,sandy,32.16086960262382,6032182.239686593
36141.80855903068,2,commercial,suburban,pile,brick,flat,0,1,premium,loamy,74.34202588808662,7997140.111673078
32236.807827822216,9,commercial,rural,crawl_space,wood,mansard,0,1,economy,clay,38.195169918348334,2724930.165237708
34850.448001121455,1,residential,urban,basement,concrete,hip,0,0,luxury,loamy,46.259533228487456,16022435.47257172
27364.85994570601,10,commercial,suburban,pile,steel,flat,0,0,luxury,rocky,60.86260151683957,15714720.072600547
12964.053415894161,10,commercial,suburban,pile,glass,gable,0,0,standard,loamy,91.2887543170251,3187002.6597849154
17611.951678444013,3,infrastructure,urban,pile,glass,mansard,0,0,luxury,loamy,25.010526734396986,9699605.360296657
9489.08698167057,6,industrial,suburban,pile,glass,hip,0,0,economy,loamy,44.79965671096009,1237609.8782524827
45468.3027860146,6,residential,rural,pile,brick,flat,1,0,luxury,clay,31.03213449207043,14922708.693067959
29377.893840922963,2,infrastructure,urban,crawl_space,brick,flat,0,0,premium,loamy,46.61869248409256,8031595.405808953
20342.145129800174,18,residential,rural,pile,brick,mansard,0,1,standard,loamy,69.64615576728983,4097417.117349158
23369.287280384568,2,infrastructure,urban,crawl_space,steel,hip,0,0,standard,clay,48.20640954377132,4619705.198384648
47390.52531078486,12,industrial,urban,slab,concrete,hip,0,0,premium,clay,83.4536345316416,18517300.100214493
8090.894454245969,5,infrastructure,urban,slab,glass,mansard,0,1,premium,clay,55.32580993405042,3266551.3249878674
29518.376684831463,7,residential,suburban,basement,wood,flat,0,1,standard,rocky,38.57651719061694,4783210.986366049
25541.489604781065,16,commercial,urban,crawl_space,glass,flat,0,0,premium,clay,78.23210660781422,15504535.2639522
30766.98465401507,1,commercial,urban,basement,glass,hip,1,0,luxury,rocky,43.13239030233774,17238523.71112871
1396.4540991316053,1,industrial,urban,slab,glass,hip,1,0,luxury,clay,51.55526361388099,788089.4469480077
43670.1334927355,17,residential,rural,slab,glass,gable,0,0,luxury,clay,99.46703614441803,26423608.029958535
46639.854982938814,1,residential,urban,slab,concrete,gable,1,0,luxury,sandy,78.64317290999908,19473068.4699546
28474.092587665844,13,residential,suburban,slab,wood,gable,0,1,economy,sandy,85.51421857410743,3196329.356175285
34984.21578190617,9,industrial,urban,pile,brick,hip,0,1,economy,sandy,59.28510280587136,4960268.968227485
46163.719368276135,15,commercial,urban,slab,wood,hip,0,1,economy,sandy,34.821646655790495,7020316.709214844
35508.31239851323,3,infrastructure,rural,pile,glass,hip,0,0,economy,clay,99.12696131422607,3252916.7390926383
8050.682624255936,14,industrial,suburban,pile,wood,flat,0,0,luxury,clay,24.402009603951047,3833085.4790051864
29026.273828257254,11,infrastructure,suburban,basement,glass,mansard,1,0,luxury,rocky,87.28169460108462,18793267.614897553
30532.394795951368,12,commercial,suburban,pile,wood,hip,0,0,premium,clay,91.13013346726142,8638152.217283852
21494.468229468108,13,industrial,urban,basement,steel,flat,0,1,economy,rocky,81.75547811470192,4168398.093384975
36953.98966342378,13,commercial,urban,pile,wood,hip,0,1,economy,loamy,11.408401655312861,5441183.823050652
46751.16723106623,1,infrastructure,suburban,pile,brick,mansard,0,0,standard,loamy,85.41130070213316,6341394.859679975
46315.64138888543,10,residential,suburban,slab,brick,hip,0,1,premium,clay,66.37779396108081,13823695.43920044
22816.54888450454,3,residential,rural,crawl_space,wood,flat,0,1,luxury,loamy,68.08239747654305,5631861.329817722
6105.283269117385,4,infrastructure,suburban,pile,wood,hip,0,0,premium,clay,78.65315770706081,1346624.6992138324
49249.63934863556,16,residential,urban,crawl_space,concrete,hip,0,0,premium,rocky,49.053733716241176,23379177.5001475
42025.455279073736,8,infrastructure,urban,crawl_space,wood,hip,0,0,standard,sandy,26.715720057514268,8370878.888508951
6670.802719561709,16,industrial,urban,crawl_space,brick,gable,0,1,standard,loamy,57.49321773654529,2032685.5288859124
46081.67318955993,17,industrial,rural,pile,steel,hip,0,0,premium,clay,10.867545494208752,14583279.873000614
43559.86992207535,19,industrial,suburban,crawl_space,brick,flat,0,0,economy,sandy,67.48051052609645,6957166.548042289
26182.48382774057,15,residential,urban,pile,concrete,flat,0,1,luxury,rocky,48.294093473060975,20005536.406193294
29768.134069374,16,commercial,rural,slab,wood,flat,0,0,standard,clay,50.23309509295303,5154090.268575628
20250.63384157145,15,residential,rural,pile,steel,hip,0,0,standard,loamy,18.582209401952355,4001126.980071662
3210.701121690551,2,residential,urban,basement,brick,mansard,0,1,luxury,rocky,4.128282800550087,1493771.63683125
17092.263461472096,11,commercial,rural,slab,steel,flat,1,1,standard,clay,61.12697845853356,3323005.6182976314
40241.24570560156,1,commercial,rural,crawl_space,glass,gable,0,0,premium,loamy,65.88309424840202,7468318.716166912
729.2851387278415,15,commercial,urban,crawl_space,brick,mansard,1,0,luxury,rocky,49.82919524093818,491439.0808981189
17008.208998711638,19,commercial,rural,basement,glass,flat,0,1,economy,rocky,76.57312859463855,2465291.3856315706
20209.350332751696,4,residential,urban,slab,steel,hip,1,1,standard,sandy,56.371622425772095,5027411.177298613
27101.08234542718,11,infrastructure,urban,basement,wood,gable,1,1,standard,sandy,84.81960168372142,6271893.135937709
46032.853012431646,5,industrial,rural,crawl_space,wood,flat,1,0,premium,sandy,28.811859491335213,8724793.984719979
17644.12672111508,3,infrastructure,urban,pile,wood,gable,1,1,economy,clay,24.310833090311547,2139410.978567634
17674.18349386327,13,residential,urban,crawl_space,glass,mansard,0,0,standard,rocky,26.114533339683753,6230180.571462831
37006.311781432545,10,commercial,suburban,basement,wood,flat,0,1,luxury,sandy,3.0518475263332068,16167668.881048108
22884.788074045453,11,industrial,urban,pile,concrete,hip,0,0,luxury,loamy,90.06240725048468,15497517.825359888
11617.938735529107,18,industrial,suburban,pile,brick,gable,0,0,premium,clay,99.91865652470032,4082303.651036019
22895.756048568324,2,infrastructure,suburban,crawl_space,brick,flat,1,0,premium,sandy,81.65225494036517,5170930.540373979
7472.422508800093,7,residential,suburban,pile,steel,mansard,0,0,standard,clay,41.2596093489904,1395533.723207825
9231.155832058053,9,residential,suburban,slab,glass,mansard,1,0,premium,rocky,35.393355611116405,3510286.5915749865
25169.204750604247,10,residential,rural,crawl_space,brick,flat,0,0,luxury,loamy,77.46825678678678,9697561.525506068
21236.80975047512,18,industrial,rural,crawl_space,glass,mansard,0,0,premium,rocky,50.99451089522212,7507969.620207123
45784.872102870955,7,infrastructure,urban,slab,steel,gable,1,0,luxury,loamy,93.94578497880404,29801564.687509302
18438.498006273338,7,industrial,urban,crawl_space,wood,gable,0,1,standard,rocky,27.957964543203772,3394215.361926451
29239.12333876315,3,industrial,urban,basement,steel,gable,0,0,luxury,clay,32.38179864305918,16041177.596425839
31797.082252016753,12,commercial,rural,basement,concrete,gable,0,1,premium,rocky,99.88249107152687,8642836.026596207
1148.175601122515,7,infrastructure,suburban,crawl_space,wood,mansard,1,1,luxury,loamy,97.81747639356475,428777.07810123323
33345.09991482717,17,commercial,rural,slab,wood,flat,1,0,luxury,clay,88.519175515735,15012623.762428591
9312.780360052695,1,residential,rural,pile,wood,mansard,1,0,economy,clay,40.46286876201156,706310.9985059693
48072.98071473803,5,industrial,urban,slab,steel,mansard,0,1,economy,loamy,83.76127350267424,6552769.480330659
7858.805023779091,16,infrastructure,urban,basement,concrete,flat,0,0,standard,loamy,28.339320322423035,2376699.643359755
21023.894124487673,15,residential,urban,crawl_space,glass,flat,0,0,luxury,clay,25.475467075364577,17869766.904034004
4724.808569892871,2,infrastructure,suburban,slab,steel,hip,0,0,luxury,loamy,54.64376581649451,1778256.218645178
49845.27546637439,9,industrial,suburban,pile,brick,gable,0,0,luxury,rocky,86.02628931775573,22123917.68832238
25358.65301139651,7,infrastructure,rural,pile,brick,flat,0,0,economy,rocky,9.747320904015112,2111252.550328055
29971.558357342168,4,residential,suburban,pile,steel,mansard,0,1,luxury,rocky,56.53058875837325,11741129.337892067
3820.2856307271604,18,commercial,urban,pile,glass,gable,0,1,economy,clay,60.97383568730774,853205.2003466017
37623.043284759304,4,industrial,suburban,slab,brick,gable,0,1,standard,rocky,57.9797760724914,5764761.403189025
10890.326858231496,13,commercial,suburban,pile,glass,mansard,0,0,luxury,clay,21.84972740576304,6901626.223670866
44953.68732731533,1,industrial,suburban,basement,wood,flat,0,1,luxury,loamy,6.412914475313725,12106831.280466752
10654.412203859354,3,residential,suburban,pile,steel,gable,0,1,premium,rocky,89.49918773219845,2640705.876935634
9939.042172851496,16,industrial,urban,basement,wood,gable,0,1,economy,clay,57.451240518634286,1622139.7120900713
2309.2085584806964,4,commercial,urban,slab,brick,gable,1,1,premium,sandy,76.79044332055243,737390.9836381731
23867.313782944962,16,industrial,rural,basement,glass,gable,0,0,standard,rocky,36.44370012981797,5091386.774279833
28459.636096499515,19,residential,rural,slab,wood,gable,1,1,economy,rocky,4.250227001350082,3833927.0695967167
3752.5776517034424,1,industrial,rural,pile,brick,mansard,0,0,luxury,clay,25.956530918507347,951601.6821258492
38888.61702640302,5,commercial,suburban,crawl_space,concrete,flat,0,1,luxury,clay,7.336565938054019,16144291.967148433
22937.797320027366,19,residential,suburban,basement,wood,flat,0,0,luxury,loamy,7.8241250481268505,13369699.819010356
26457.31833171521,11,commercial,urban,basement,concrete,gable,0,1,luxury,clay,21.44593448281178,16043445.825065486
22317.755973442294,13,industrial,rural,crawl_space,concrete,gable,0,0,standard,loamy,63.35781342749735,3949718.856777813
20337.771513328637,5,infrastructure,urban,slab,brick,gable,0,0,luxury,sandy,81.77709189699904,10201709.127958478
28202.196399756784,4,commercial,rural,slab,steel,mansard,1,1,luxury,loamy,82.13570309273027,9260947.504086245
8184.392173570269,4,industrial,rural,pile,glass,mansard,0,1,luxury,rocky,93.77565289346528,3097912.05418417
9505.44245951592,4,infrastructure,rural,basement,brick,hip,0,1,premium,clay,65.63815970142906,1669787.8356123331
43158.38824016911,4,infrastructure,suburban,slab,wood,gable,0,0,standard,sandy,1.9860941585589043,5994122.052895477
47332.71537561482,18,residential,rural,pile,glass,hip,0,0,economy,sandy,37.74024351143124,6843889.191074613
18978.811155847772,18,infrastructure,rural,slab,steel,hip,1,0,standard,clay,11.146044687429058,4675404.853717315
13901.86132060591,16,commercial,suburban,crawl_space,brick,hip,0,0,standard,rocky,77.74647472198157,3369568.6529313307
32377.97739033128,9,commercial,rural,crawl_space,steel,flat,0,1,standard,clay,11.968910434299262,5744244.340299129
20732.34146935577,18,infrastructure,suburban,crawl_space,wood,hip,0,0,luxury,clay,10.592245457544058,11013279.684466854
1756.6246051870708,2,industrial,suburban,pile,brick,gable,0,0,premium,clay,2.8208631633960812,352136.68957190006
8229.553569626423,4,commercial,urban,basement,wood,mansard,0,1,premium,loamy,95.55027819911948,2381383.8669935367
35940.625327946174,12,commercial,suburban,crawl_space,glass,gable,0,0,premium,sandy,78.57100573030863,14266290.971466398
33116.73512455249,7,residential,suburban,crawl_space,glass,mansard,1,1,premium,sandy,33.331081768704294,11077488.364792986
1841.2516289224327,15,industrial,suburban,slab,steel,flat,0,0,economy,rocky,37.64393367977025,279613.9224123212
11487.622015680998,7,infrastructure,rural,crawl_space,steel,flat,0,0,premium,sandy,5.942842871222309,2583194.2714323997
11938.202431109534,17,industrial,urban,basement,glass,gable,1,1,luxury,clay,15.791692602676777,11371692.721579945
33758.69080813706,16,residential,rural,pile,concrete,flat,0,0,luxury,sandy,31.145137382027,15043756.637740731
1475.6716188410255,19,residential,suburban,crawl_space,glass,mansard,0,1,premium,rocky,38.786798873269724,690038.741377876
5653.374808236405,9,industrial,suburban,pile,brick,flat,1,1,economy,loamy,61.997641367025025,716633.8149030461
40095.84622597288,14,residential,urban,pile,wood,hip,0,1,premium,loamy,35.033235038796995,16595537.354699843
9337.960771689513,17,residential,urban,basement,glass,hip,0,1,luxury,clay,95.46005138342144,8907475.201980835
32810.9323386678,5,residential,suburban,slab,glass,flat,0,1,luxury,clay,34.27942099843742,15431464.876710027
12290.047661812963,2,industrial,suburban,slab,wood,gable,1,0,luxury,sandy,94.15953599678933,3641709.4342817897
5422.348941587586,16,residential,rural,pile,wood,hip,0,0,standard,sandy,72.9859691892257,908133.9447873692
12537.023454472977,14,infrastructure,suburban,crawl_space,brick,mansard,1,1,luxury,rocky,89.98975408223416,6765533.218689168
36252.21312685513,14,infrastructure,rural,pile,wood,gable,0,1,premium,clay,70.31571849269996,8016452.172483422
42856.97517126115,1,commercial,urban,slab,steel,flat,0,0,luxury,rocky,56.858403702141494,21005738.26678042
41595.88329606609,3,infrastructure,rural,crawl_space,glass,gable,0,0,economy,loamy,50.90827839082518,3562711.4760051486
20160.584716113513,7,commercial,suburban,slab,wood,gable,0,0,standard,sandy,29.133817171337295,3013534.144820878
33570.21426024698,15,industrial,rural,basement,brick,gable,1,0,economy,clay,29.8173986434391,4375029.5589365745
10646.722623083138,19,residential,rural,slab,wood,gable,1,0,luxury,sandy,22.32058440034278,4536473.387523324
15010.812647920156,2,infrastructure,urban,crawl_space,glass,flat,0,1,standard,clay,38.55408289214722,3248727.8257428007
44868.62301679543,19,commercial,rural,crawl_space,concrete,flat,0,0,standard,loamy,12.697300808437051,9103792.262707727
1143.5952137814338,9,industrial,suburban,pile,wood,hip,0,1,standard,rocky,38.76050654695988,176345.3393273523
4732.67227729617,19,commercial,rural,crawl_space,steel,hip,0,1,luxury,clay,83.37437469524642,2788602.8773019905
10790.369629728353,5,residential,rural,basement,glass,mansard,0,0,economy,sandy,87.02922862278692,1073110.5459590347
1813.3440917540759,18,infrastructure,rural,slab,brick,mansard,1,0,luxury,clay,64.28303729236032,895752.3224062234
9481.054036944966,16,industrial,suburban,pile,glass,hip,0,0,standard,rocky,25.68098005531,2862809.01073721
29360.557267999764,4,commercial,rural,pile,concrete,hip,0,1,luxury,loamy,24.034947852357703,8753064.454802955
21360.51525432865,12,industrial,suburban,crawl_space,brick,gable,1,1,standard,sandy,27.79289043293013,4423991.501245865
44687.249698310254,7,commercial,rural,basement,concrete,hip,0,0,standard,loamy,50.00392260206144,5896536.628312878
40963.45630605282,14,commercial,urban,pile,concrete,mansard,1,0,standard,loamy,97.64444789914316,12774047.438237216
17419.95890904486,12,residential,urban,basement,steel,hip,1,0,luxury,rocky,10.91844869683376,13168680.128234278
13341.459954848979,3,residential,urban,basement,wood,gable,0,1,luxury,clay,50.05120944317961,5769513.380757393
19294.77420427971,5,commercial,suburban,slab,steel,mansard,0,0,standard,clay,68.2244361432449,3437514.524107986
29719.599654482983,17,infrastructure,suburban,slab,steel,flat,0,1,premium,clay,24.566090025572095,11726447.565922843
13769.150220732376,10,industrial,suburban,slab,steel,hip,1,1,economy,clay,96.91122762696406,2136811.940166297
31395.370938532134,10,industrial,rural,basement,brick,flat,0,0,standard,sandy,34.902172882789486,4693747.758239447
20765.8767834664,11,residential,suburban,slab,wood,mansard,1,1,standard,loamy,93.23556115490034,4237282.590942299
27826.33545217302,17,infrastructure,suburban,pile,wood,hip,0,0,standard,clay,59.73554303307753,5880534.893025368
22088.263192198177,5,commercial,suburban,pile,brick,flat,0,0,standard,loamy,0.4079432673824823,3234391.8130737776
15076.055097324925,13,residential,suburban,crawl_space,steel,hip,1,0,standard,sandy,31.111213809962766,4041000.318791673
47448.438694626755,10,commercial,urban,basement,steel,flat,0,0,premium,sandy,2.154864472195983,21816314.72151689
38298.48681090816,9,commercial,rural,slab,concrete,flat,1,0,luxury,sandy,38.14757300462473,14848550.476004254
7435.602200439401,17,residential,urban,pile,concrete,mansard,0,1,premium,loamy,93.25340314600669,3370596.191638088
43489.16480694668,1,infrastructure,rural,basement,glass,hip,0,1,standard,clay,77.9017020362454,5224880.267189154
24627.844313350924,4,industrial,rural,basement,concrete,flat,0,1,standard,loamy,62.01321308006674,3018713.982264596
44780.33523125752,4,residential,urban,slab,wood,hip,1,0,standard,clay,53.85520439303857,8787543.708656412
40092.8351693921,18,infrastructure,suburban,basement,brick,hip,1,1,luxury,rocky,37.25819231887094,23682923.185292598
21548.068471227056,9,commercial,urban,slab,steel,gable,1,0,economy,clay,21.153970313073135,3617695.775995072
1612.2307618458112,18,residential,rural,slab,glass,mansard,0,0,economy,clay,6.252491781354852,250597.5262448055
13799.52928955483,14,industrial,rural,slab,concrete,hip,0,0,premium,clay,19.014666672489277,4108022.837809996
27310.893625712913,15,industrial,suburban,basement,glass,hip,0,1,premium,sandy,35.15200827307445,11326663.684218543
31857.17188139429,6,commercial,urban,basement,brick,hip,0,0,economy,rocky,51.99911166295673,3848849.7694270387
13265.440428943513,10,residential,rural,slab,brick,mansard,1,1,standard,clay,20.44038956678569,2133654.5067875558
7398.125666604795,15,industrial,urban,basement,glass,mansard,1,0,luxury,rocky,97.43285905684077,6948682.065366906
41829.046721565304,4,residential,suburban,slab,glass,hip,0,1,premium,loamy,7.685014670629053,12117695.988045046
49227.90794482583,18,industrial,suburban,crawl_space,glass,mansard,1,1,luxury,loamy,9.479180360506067,36487080.87856897
26521.664023982947,18,commercial,rural,basement,steel,gable,1,1,standard,sandy,68.26023619203247,6098202.413440491
8998.124649491023,17,commercial,suburban,basement,wood,mansard,1,1,standard,loamy,75.50615782972342,1902148.21995679
13979.212662708764,12,residential,rural,crawl_space,concrete,gable,0,1,premium,rocky,97.24514690624383,3539457.2342175087
1410.3384890996033,7,infrastructure,rural,crawl_space,concrete,gable,1,0,economy,rocky,53.04442214738384,133113.66776615236
45757.7909247447,16,infrastructure,suburban,crawl_space,concrete,gable,0,1,economy,rocky,16.593392826228172,6921655.521582834
6328.678603061986,11,commercial,suburban,slab,glass,flat,0,0,economy,rocky,93.79289547711916,895119.791857759
29037.56553795555,14,industrial,urban,slab,glass,mansard,0,1,standard,rocky,98.02343934087817,10756843.54544561
14065.733424016697,3,infrastructure,urban,pile,glass,hip,0,1,standard,sandy,92.35139076808348,3254121.068912346
27931.811124531774,19,commercial,rural,crawl_space,steel,gable,0,0,luxury,clay,87.1656178504788,15369688.548129646
32745.30922341728,18,industrial,urban,pile,steel,hip,0,1,luxury,loamy,7.757410458425474,29427172.434640087
41572.21928350648,10,industrial,rural,slab,steel,gable,1,0,luxury,rocky,85.48731157747764,17376827.359232426
10717.852952149859,6,infrastructure,suburban,basement,steel,hip,0,0,standard,loamy,95.32268990066883,1858959.1382360917
1044.2935185947836,13,commercial,suburban,crawl_space,brick,flat,0,1,economy,sandy,55.23144778429035,131317.80262387093
7275.83868840596,10,industrial,urban,basement,steel,gable,0,0,standard,sandy,77.25878139646647,1885141.314133643
45050.9227714812,18,industrial,rural,slab,steel,flat,0,1,luxury,clay,66.08956406414431,24054751.076150697
43757.55883934451,16,residential,rural,crawl_space,steel,flat,0,0,luxury,sandy,28.805812314867506,23156526.362243284
30071.94855743026,6,residential,urban,pile,concrete,mansard,0,1,luxury,clay,58.751980936555206,17239517.937587567
30225.584591465842,13,infrastructure,rural,pile,concrete,hip,1,1,luxury,rocky,88.93734517677068,13618627.84543615
33419.31539003964,4,residential,rural,slab,concrete,gable,1,1,premium,sandy,49.638528055909134,7173037.104631767
9180.878291860754,14,commercial,suburban,basement,wood,flat,0,0,luxury,loamy,59.01453428365545,4582859.44925123
45763.39132328551,1,infrastructure,rural,slab,brick,hip,0,0,standard,sandy,53.14637249737719,4956288.258332431
21229.14098215762,5,infrastructure,rural,basement,glass,mansard,0,1,premium,sandy,28.24048773042278,4954412.219923867
19465.357148350125,8,residential,rural,slab,steel,hip,0,1,economy,rocky,64.366310845868,1955915.1941878358
26186.42641150046,12,industrial,urban,pile,concrete,hip,0,0,standard,clay,50.94700364536033,6921721.435731689
2824.8153553652246,2,commercial,urban,basement,brick,mansard,1,1,standard,clay,23.254599477675043,557714.195886777
8731.026753425931,12,commercial,urban,slab,steel,mansard,0,1,economy,sandy,89.53781523196524,1593556.7534929514
37032.664013105335,5,commercial,rural,crawl_space,wood,mansard,1,1,standard,loamy,95.00457939359576,4612180.077241758
4598.53406229376,5,infrastructure,rural,pile,glass,flat,0,1,premium,sandy,5.5372655281775485,1058111.7826200826
30356.029418586215,13,commercial,urban,pile,steel,hip,0,1,economy,loamy,62.23487568006132,5865873.454679251
12644.780929225388,9,industrial,urban,crawl_space,glass,mansard,0,0,premium,rocky,41.504569024519554,5955864.389025337
19770.13289507784,10,industrial,rural,slab,steel,hip,0,1,luxury,rocky,52.59543102916242,8537222.251061281
14790.339970149644,1,residential,rural,basement,wood,hip,0,1,economy,clay,37.382972577497874,797417.4641807637
18105.79946501498,3,commercial,suburban,pile,brick,flat,0,0,premium,loamy,47.43584835879516,4243578.424024224
36092.77230662015,18,infrastructure,urban,slab,glass,hip,0,0,luxury,sandy,32.343393380965225,31968095.30863088
15207.524923347164,12,residential,rural,crawl_space,glass,flat,0,0,premium,sandy,11.760327789580028,5002282.331462597
28537.02969469641,3,industrial,urban,basement,brick,mansard,0,1,premium,sandy,30.203263662434686,8515256.584688535
24064.494908855435,9,commercial,urban,slab,glass,mansard,0,1,standard,sandy,67.03322636657936,6656345.4340385515
33351.72268545108,2,industrial,urban,slab,concrete,hip,0,1,luxury,rocky,5.038152253198391,14662223.045555964
46873.07209657552,3,residential,suburban,pile,brick,flat,0,1,standard,loamy,38.273238613390944,6545113.628495448
36762.31881190739,14,industrial,rural,pile,wood,flat,0,0,luxury,rocky,4.229916702820191,14892131.399474172
11139.54874024246,4,commercial,rural,basement,steel,gable,0,1,luxury,loamy,35.62662685391249,4066254.0407556426
2043.5651855335914,19,commercial,urban,slab,steel,gable,1,1,standard,clay,8.761169150971714,742971.9077402693
13482.070192841342,13,residential,rural,crawl_space,brick,mansard,1,0,standard,loamy,33.96400973472991,2398635.9230540693
29956.357569662614,7,commercial,suburban,crawl_space,concrete,mansard,1,1,standard,sandy,83.80876946617796,5437098.382463028
3045.5777674703922,12,industrial,urban,basement,wood,gable,0,0,luxury,rocky,61.34087015350165,1692921.4853952522
25070.129236461198,3,industrial,suburban,slab,steel,flat,0,0,luxury,sandy,68.2294424293312,10914826.200510798
30043.721021386016,9,infrastructure,suburban,pile,steel,hip,1,0,luxury,loamy,50.38001277265934,17152965.696896534
17045.07259543956,2,infrastructure,rural,slab,concrete,hip,0,1,luxury,loamy,92.2381701386565,4782936.185104827
38660.15408541819,9,infrastructure,rural,pile,glass,flat,0,1,luxury,clay,54.115863820386245,16442792.977962805
5776.613530121705,12,industrial,suburban,crawl_space,brick,mansard,0,1,luxury,loamy,10.429408813372042,2896743.8429255295
4219.3201959225335,12,industrial,rural,basement,concrete,hip,0,1,premium,loamy,93.31030606290469,1060717.6338029325
36545.34343207836,15,residential,suburban,basement,concrete,flat,0,0,standard,sandy,13.306336793480678,9059364.56738471
25026.820152206823,2,infrastructure,suburban,basement,concrete,hip,0,0,luxury,loamy,99.91703418130808,9258007.091025988
34575.91862317293,18,industrial,urban,pile,concrete,flat,0,0,premium,loamy,43.53842618158048,16920025.093811538
22023.95326088544,13,residential,suburban,crawl_space,glass,gable,1,0,economy,rocky,7.348546708531966,3555790.7200448387
12696.900645335787,14,industrial,suburban,crawl_space,wood,gable,0,1,premium,rocky,86.4102105457129,4065777.525876149
41045.564724872886,5,residential,rural,basement,concrete,hip,0,1,standard,clay,9.288290149648383,5546832.420029775
40071.08600896447,10,infrastructure,urban,basement,concrete,hip,1,0,economy,clay,17.443232101181227,6859932.325752316
34887.475307294124,12,infrastructure,rural,pile,brick,hip,0,0,luxury,sandy,41.734705203443255,13366728.741237452
13971.184292883154,10,infrastructure,urban,pile,steel,hip,1,1,standard,sandy,67.61862709781572,3816544.7214698135
29716.41801001981,11,industrial,rural,slab,glass,gable,0,1,economy,rocky,12.114001641391582,3377581.837687625
18368.207898531327,2,industrial,suburban,pile,concrete,gable,0,1,premium,rocky,62.262518391020606,3729562.729168628
5033.31262966839,5,residential,urban,slab,wood,flat,1,0,economy,rocky,78.03863820031764,634995.7272723614
45907.02198538102,7,commercial,urban,basement,wood,hip,0,1,standard,clay,12.34961041464877,9324206.411335077
7272.522230488589,6,commercial,urban,crawl_space,wood,gable,0,0,economy,clay,64.75706119917983,873702.8848450053
47536.749014129724,3,infrastructure,urban,pile,brick,mansard,0,1,premium,loamy,95.88758815252967,12907827.597612206
22577.28576141881,13,commercial,rural,crawl_space,wood,flat,0,0,economy,clay,96.73950361425374,1928117.8832860156
9664.079977511672,3,infrastructure,rural,pile,brick,flat,1,0,premium,loamy,16.166260377052733,1886963.9195706458
27324.09689522873,6,residential,urban,pile,glass,flat,0,1,economy,sandy,75.97040865624234,4436896.4972158475
43710.81887588221,11,commercial,urban,slab,wood,mansard,0,0,premium,clay,84.66324347478503,16246780.552306678
36745.13187727328,17,commercial,urban,pile,steel,mansard,1,1,premium,sandy,88.89632380589144,20429790.849132434
40424.77681914176,10,infrastructure,rural,basement,concrete,mansard,0,0,premium,loamy,32.3681418557598,9754119.686924158
33109.77665218051,12,residential,urban,crawl_space,glass,gable,1,0,luxury,sandy,27.011844946604725,27125663.93939186
34767.6899436337,17,commercial,urban,pile,steel,mansard,0,1,premium,sandy,4.786106515835642,19568759.641652893
42535.18475248331,4,commercial,urban,crawl_space,glass,flat,0,0,standard,clay,39.94717808796066,9529611.215694232
12858.566438529704,2,commercial,rural,crawl_space,wood,hip,0,0,premium,loamy,12.395644890435076,2071665.1187989255
24726.535700335455,11,residential,suburban,crawl_space,glass,flat,1,0,luxury,loamy,78.6257315168797,15711696.860496761
11449.86737007031,7,residential,suburban,pile,glass,flat,0,1,luxury,rocky,14.296657186856155,6330673.356578652
49389.56639583403,2,commercial,rural,slab,glass,gable,0,1,standard,clay,81.89053498362281,7232730.54618771
47230.93731448735,18,infrastructure,suburban,crawl_space,brick,flat,0,1,premium,clay,10.76135614747109,16718749.539959969
2451.627162741042,4,infrastructure,urban,crawl_space,steel,gable,0,1,luxury,loamy,48.06154792611322,1368111.2282881702
35425.97103952658,8,commercial,urban,pile,wood,gable,0,1,luxury,clay,38.46342580231648,17870016.995869897
46299.79171207546,14,residential,rural,pile,concrete,hip,1,0,economy,sandy,60.15437846175979,5851194.865436155
9438.47958380301,12,commercial,rural,basement,wood,flat,0,1,economy,rocky,51.87718566451529,783136.7991746825
28613.288912355158,18,residential,suburban,basement,wood,hip,0,0,standard,loamy,59.862652615509745,6590813.993447463
45816.67073060807,11,commercial,suburban,slab,brick,hip,0,1,economy,clay,0.09636852040639798,5910829.422600648
2180.325939997043,8,residential,urban,slab,brick,flat,0,1,premium,clay,12.75036173197478,797692.1744041502
35022.30322871858,2,industrial,rural,slab,glass,flat,1,1,economy,sandy,51.71201847514267,3334705.2344788704
15218.775864941263,15,infrastructure,suburban,slab,wood,mansard,0,0,luxury,clay,22.96661036866412,7788709.456121407
46257.61167113826,9,industrial,suburban,crawl_space,steel,mansard,1,1,standard,clay,7.631715467497879,10769669.473937094
48567.383135685704,19,infrastructure,urban,pile,brick,gable,0,1,economy,sandy,21.770108468779505,9719186.013977654
47241.19121111498,8,residential,urban,basement,brick,flat,1,0,standard,clay,77.98595581811537,10865864.019867448
23973.603724544457,19,industrial,urban,crawl_space,steel,gable,0,1,premium,rocky,54.169409303497275,12969352.186333995
43171.11122397101,5,infrastructure,urban,pile,brick,hip,1,1,premium,sandy,19.007688415660883,14327209.157164512
42305.19522748599,11,commercial,suburban,pile,steel,hip,0,0,economy,loamy,1.5978372026099086,5491102.071442771
16295.473425541153,15,residential,rural,crawl_space,concrete,mansard,1,1,economy,rocky,35.75955936396756,2186505.0749279647
41531.31597045853,8,residential,rural,crawl_space,steel,gable,0,1,economy,clay,35.7469591802418,3941423.820897897
2331.8779184168848,19,commercial,urban,basement,concrete,flat,0,1,luxury,sandy,73.51252086439099,2059494.5481492495
30015.358984861625,8,commercial,urban,slab,glass,flat,0,1,premium,sandy,91.9436181426128,14004693.54837111
11885.437445741301,19,infrastructure,suburban,slab,glass,mansard,1,0,luxury,clay,37.20140589683347,8899834.003892707
6468.060845975301,18,residential,urban,basement,brick,mansard,0,0,economy,loamy,68.81326809932361,1148656.6401572034
4309.183480645854,10,infrastructure,rural,basement,steel,gable,1,0,premium,rocky,63.4905537583557,1223050.6820745533
34966.29440596792,7,commercial,urban,slab,brick,mansard,0,0,luxury,clay,42.20802844345452,18745324.797516115
17323.810706519274,9,residential,rural,crawl_space,steel,mansard,1,1,luxury,loamy,6.589008049191714,6988261.337744133
36375.95519067369,1,commercial,urban,slab,brick,mansard,0,0,standard,sandy,47.34645011043682,6168984.800822743
3735.138869547647,19,infrastructure,urban,pile,glass,hip,0,0,luxury,sandy,35.41385556269834,3973605.455504154
16106.871722615211,5,infrastructure,rural,pile,glass,gable,0,1,economy,sandy,55.019438585068826,1440552.8083051832
27204.818972579193,19,infrastructure,suburban,basement,brick,flat,0,0,economy,clay,12.539707846742921,3976507.4665341466
39640.79665952869,1,residential,suburban,slab,steel,flat,0,0,luxury,loamy,72.42398029654235,14663366.559567595
16278.248895137462,15,commercial,urban,slab,wood,gable,0,1,standard,clay,78.7750433858677,4402699.9146336755
31481.62313363195,16,commercial,urban,pile,steel,mansard,1,0,standard,clay,38.84616415430829,10311543.89198239
44355.89853769126,7,infrastructure,rural,slab,brick,mansard,1,1,standard,rocky,17.52758608978604,6919179.870158257
30985.227815024075,12,infrastructure,rural,basement,steel,flat,0,1,luxury,rocky,62.357801125265546,13324054.590458354
12031.494000304872,8,infrastructure,urban,basement,concrete,hip,0,1,luxury,rocky,95.58119675738904,7462611.76173574
1707.838687048632,5,infrastructure,rural,pile,steel,gable,0,0,standard,loamy,70.05031694297048,238204.8136014245
43569.89425809603,10,industrial,suburban,slab,glass,mansard,0,0,luxury,sandy,12.348223396961489,25092249.183720585
1552.8358370941633,5,industrial,suburban,slab,glass,hip,0,1,premium,rocky,39.72200981677814,494084.5927687958
43797.73279786787,17,industrial,rural,pile,concrete,hip,1,0,economy,sandy,91.53688472898078,6157788.814995197
26682.388134346995,5,infrastructure,rural,crawl_space,steel,mansard,1,0,luxury,loamy,63.44226176560901,10220878.448718658
46983.85107638836,15,infrastructure,rural,crawl_space,wood,gable,0,0,premium,rocky,14.715219616815078,11112482.917703753
40039.77017079644,13,commercial,suburban,slab,steel,gable,0,1,luxury,rocky,72.45921998612862,24023333.092400666
49897.738471400204,1,residential,urban,basement,glass,flat,0,1,premium,sandy,35.351878900003655,15290195.744495926
17860.234864859653,11,commercial,rural,crawl_space,glass,flat,1,1,standard,clay,48.953439215615326,3945521.847047739
38475.82030209078,1,industrial,rural,slab,brick,gable,0,1,economy,loamy,41.50465607685875,2476703.5878942437
20395.580223657485,11,commercial,rural,crawl_space,glass,mansard,0,0,luxury,loamy,72.56966037548196,10283501.55255479
24253.84320504349,18,infrastructure,urban,pile,brick,gable,1,1,premium,rocky,21.790613257653145,11481234.037349267
31561.52042930932,18,industrial,rural,crawl_space,glass,flat,0,0,premium,loamy,38.83697797561092,10979769.122872598
43747.017152223765,16,industrial,rural,crawl_space,glass,flat,0,1,standard,sandy,74.45457184618023,10250380.328805882
49212.13172536511,13,residential,suburban,pile,wood,flat,0,1,economy,clay,70.47827936796747,5266722.096730237
38529.53398629365,7,residential,rural,basement,brick,gable,1,1,economy,clay,20.174427675252037,3636254.3089661165
21179.45571728302,1,industrial,suburban,slab,brick,gable,0,1,economy,loamy,35.06639392629099,1810470.3383808935
21357.171612714974,16,industrial,urban,basement,glass,mansard,1,1,premium,clay,1.4364024794010777,11745713.772500744
37010.32392865013,1,commercial,rural,basement,brick,flat,1,1,luxury,sandy,53.01725198366609,9831462.64469405
12319.468715530966,17,industrial,rural,crawl_space,glass,hip,1,1,luxury,rocky,28.094140220718867,7806714.539399805
5968.468600004036,6,infrastructure,suburban,slab,glass,hip,0,1,standard,rocky,1.186591669127346,1130097.01179008
18053.79680321844,2,commercial,urban,crawl_space,steel,mansard,1,1,economy,loamy,42.47050064921085,2519271.516477133
14718.330086877046,17,infrastructure,urban,pile,brick,mansard,0,1,luxury,loamy,92.68697116782485,11519383.198272208
15167.251962571509,6,infrastructure,suburban,basement,concrete,flat,0,1,premium,loamy,92.34011656621237,4235042.941673076
12063.583676970542,14,infrastructure,urban,basement,brick,gable,0,0,premium,rocky,37.2102853650741,5362622.975038777
2583.6128869999134,18,industrial,urban,pile,brick,gable,0,0,economy,loamy,44.91778815688989,518435.6239589474
1384.7597693039836,6,residential,urban,slab,wood,hip,1,0,standard,clay,24.268146347309973,258394.87232074584
49392.25829193356,10,residential,urban,basement,concrete,flat,1,0,standard,rocky,6.830777772409369,12587313.597619211
21674.770119925186,18,infrastructure,urban,basement,concrete,hip,0,0,economy,sandy,69.3926682787252,4530881.388171047
19524.169034404244,9,industrial,urban,slab,wood,hip,1,1,premium,loamy,80.00527068164313,6955938.31489248
34142.54049330696,8,commercial,urban,crawl_space,wood,flat,1,0,standard,rocky,88.01046413603262,7631607.794703589
11303.567449320677,10,infrastructure,urban,pile,brick,mansard,1,1,premium,loamy,93.52872911329727,4587302.39823607
47523.07860553615,17,commercial,rural,slab,steel,hip,0,0,premium,rocky,91.59633659042659,16621975.44612717
39424.078213569825,6,commercial,suburban,pile,wood,mansard,0,1,luxury,rocky,2.7383424117601196,14307486.737067886
4925.844614456846,14,industrial,urban,pile,concrete,gable,0,0,standard,rocky,97.80949082796481,1524512.9743160466
21170.248401353954,6,industrial,suburban,basement,concrete,hip,0,1,premium,sandy,37.95020216130519,5734443.7088061925
44016.35622432715,7,residential,urban,slab,brick,flat,0,1,luxury,rocky,88.6107684839795,23691638.58947813
47264.235103424806,12,residential,urban,pile,steel,mansard,1,1,premium,clay,44.076020025214056,22332757.18370719
23636.374806868553,3,industrial,rural,crawl_space,glass,gable,1,1,economy,loamy,42.21905110249919,2535691.9730383568
30863.863765930033,14,infrastructure,suburban,pile,wood,gable,0,0,standard,loamy,1.119061395617027,6082419.724725667
8768.180331557724,19,residential,suburban,basement,wood,hip,0,0,premium,loamy,5.244144739978185,3149923.2597158067
49562.84699378034,16,commercial,rural,crawl_space,brick,gable,0,0,standard,rocky,67.12790650401377,9411948.059575846
11967.749218480449,7,infrastructure,rural,crawl_space,steel,flat,0,0,luxury,loamy,93.76406074265056,4579208.43525898
47165.22281968872,8,commercial,suburban,slab,concrete,hip,0,1,standard,clay,22.440026669319092,9319220.696678374
32657.50912512224,18,industrial,urban,crawl_space,concrete,gable,1,1,premium,clay,9.391902938629993,17549031.783287536
30582.971346503527,13,commercial,urban,slab,glass,flat,0,1,standard,clay,21.385703298486934,9849608.004404109
25878.081295317173,9,infrastructure,suburban,slab,concrete,mansard,0,1,economy,sandy,21.231984656483284,3108856.9646941707
11918.155680029055,10,industrial,urban,crawl_space,wood,mansard,0,0,economy,clay,29.313560351763268,1534776.7741970893
9238.13758427266,9,infrastructure,rural,slab,glass,hip,0,0,luxury,clay,9.474346754465612,4175742.323780685
11414.06734897368,15,commercial,rural,slab,steel,flat,1,1,premium,loamy,23.552671197162113,3922726.7089618184
9728.6939761406,2,infrastructure,rural,crawl_space,glass,gable,1,0,standard,rocky,92.1274834332863,1528246.466820753
39089.43144155429,13,industrial,suburban,basement,steel,hip,0,1,luxury,loamy,89.02192374493707,23565331.51031311
17831.20032875314,2,commercial,suburban,pile,concrete,hip,1,1,luxury,sandy,31.63043407209134,6861528.387385977
3363.21248988812,19,commercial,suburban,slab,brick,gable,0,1,premium,sandy,99.68934578551293,1264440.7921422059
48470.58019197016,2,residential,urban,slab,glass,flat,0,1,standard,sandy,29.835310748155962,10844601.646197563
44247.40130568957,3,residential,suburban,crawl_space,glass,gable,0,1,luxury,clay,72.18298190783497,20648754.200273655
46423.73801816304,6,infrastructure,suburban,pile,wood,mansard,0,1,luxury,clay,64.40088220539091,16693164.09291805
49747.937220998545,3,residential,rural,pile,wood,hip,0,1,premium,clay,6.455414544672877,7702576.398520243
9107.814836364621,10,residential,urban,slab,steel,mansard,0,1,premium,rocky,34.22968460046978,4141729.302938117
20113.979935681607,6,residential,urban,crawl_space,brick,hip,0,0,luxury,loamy,95.14996177937714,9689333.60767005
38032.80454735252,16,residential,rural,basement,wood,gable,0,1,standard,clay,5.086693327945502,6698435.138560699
34953.02059366272,17,industrial,urban,pile,wood,flat,1,0,luxury,sandy,17.488432496582607,23460234.157307375
8117.847363822825,19,industrial,suburban,basement,concrete,gable,0,1,economy,rocky,97.09457758707197,1314904.7524610925
40883.73968703558,3,residential,urban,crawl_space,concrete,mansard,1,0,premium,rocky,3.9792759849375248,13272325.648431778
11609.808305914703,18,infrastructure,rural,basement,wood,flat,0,0,economy,sandy,44.6607348334467,1156890.0068393387
11578.971933719842,7,industrial,urban,crawl_space,steel,flat,1,0,standard,clay,91.83510389633548,3239949.7079579197
27080.23393322397,9,residential,rural,slab,brick,hip,0,0,premium,rocky,94.36787885429892,6116870.695318732
29850.526774664308,12,industrial,suburban,basement,wood,flat,0,0,standard,sandy,97.93208915800982,5245307.451058691
29214.267287971652,5,commercial,suburban,slab,steel,hip,0,0,economy,clay,48.13212615290394,3396056.7713450324
5028.598451188866,3,industrial,rural,slab,steel,flat,0,1,standard,rocky,8.647998783146615,685278.1088536374
43934.31270020383,11,industrial,suburban,crawl_space,wood,flat,1,1,premium,rocky,77.27032816372329,13090196.435735364
13647.20210814095,4,infrastructure,suburban,basement,steel,hip,1,1,economy,loamy,70.89834720972563,1776088.7405598257
6910.988603498807,5,industrial,urban,pile,glass,flat,0,1,premium,loamy,57.96133947698028,2536227.4629255612
44493.02995351437,1,infrastructure,suburban,basement,steel,gable,0,1,economy,rocky,88.82358716285535,4250833.894153961
47804.74916237279,18,commercial,rural,pile,wood,flat,0,1,luxury,rocky,91.15700889867806,21209868.908988427
43175.3170546398,12,residential,suburban,slab,steel,mansard,0,1,standard,rocky,68.32442732535797,10602826.893393021
40571.04569888146,13,infrastructure,urban,slab,wood,hip,1,1,standard,loamy,11.209994720612826,10337365.51466216
32934.47804163158,9,industrial,rural,crawl_space,concrete,hip,0,1,premium,clay,9.552517291361983,8215017.7121305205
27767.439845152396,2,industrial,suburban,pile,wood,gable,0,0,luxury,loamy,40.86297521462651,8576451.40392355
4805.844615614802,5,infrastructure,suburban,basement,steel,mansard,0,0,premium,sandy,29.27005985446547,1229445.208683277
20718.434046999588,13,commercial,suburban,crawl_space,wood,flat,0,1,premium,rocky,13.298318442481992,5528285.707820887
18948.08159210954,16,residential,rural,crawl_space,brick,gable,1,0,economy,sandy,61.11908211924004,2387090.177917453
13357.812296136148,16,industrial,urban,crawl_space,wood,flat,0,0,luxury,sandy,68.35298039635363,9138000.954341387
36309.29562758496,3,commercial,rural,basement,wood,gable,0,0,economy,sandy,69.79682632449585,2244243.0590881635
25045.848886399155,4,residential,rural,crawl_space,brick,hip,0,1,premium,loamy,17.527725877071532,4876832.193274057
4511.787687428572,11,residential,urban,basement,brick,mansard,0,1,economy,loamy,30.584380711465975,708827.4145706367
11399.068496515662,14,industrial,rural,crawl_space,brick,hip,0,0,economy,clay,19.905290356469852,1108826.1089978165
34321.30880115,3,infrastructure,rural,pile,glass,gable,1,0,standard,sandy,60.1334231177981,5820800.671916714
4268.477544769859,16,industrial,suburban,slab,wood,flat,1,0,luxury,sandy,56.70814353418765,2200334.9126617056
42634.74224541405,15,industrial,rural,pile,brick,mansard,1,1,standard,loamy,50.33134370949083,8375757.899959383
25009.75308719173,10,industrial,suburban,pile,brick,flat,1,0,luxury,sandy,29.605655855068125,11397648.84814638
24289.035577669078,9,commercial,rural,crawl_space,concrete,hip,0,0,standard,loamy,23.705292679713185,3588308.661295551
29824.18534064612,11,infrastructure,suburban,pile,glass,flat,0,0,premium,rocky,89.04078322560719,11138183.999646483
41321.70781329488,16,commercial,suburban,pile,wood,gable,0,0,standard,rocky,4.885395659287783,8941759.932039546
17716.555791158557,10,industrial,suburban,pile,steel,mansard,1,0,luxury,sandy,65.63983788884657,9088014.25674663
34061.79955167365,17,infrastructure,urban,crawl_space,glass,mansard,1,1,luxury,clay,1.9576981030278606,33857857.26285087
28503.732217791658,19,residential,rural,basement,glass,mansard,0,0,luxury,loamy,19.383812767630147,17546370.48372293
13717.899373386355,2,infrastructure,rural,slab,concrete,gable,1,1,standard,rocky,28.948346886294964,1784777.5724731046
43992.18432458032,2,industrial,rural,slab,wood,flat,0,0,economy,rocky,88.64859692612423,2802164.1179011622
39972.588069542944,6,infrastructure,urban,basement,wood,mansard,0,0,standard,sandy,13.773493357267064,7132848.938797171
33093.36581559206,19,residential,suburban,basement,brick,hip,0,0,economy,loamy,93.78065554147284,5404936.708897389
42603.79559016498,8,residential,rural,pile,brick,hip,0,1,standard,sandy,81.54563042355974,6316421.795520689
43431.06294751022,3,infrastructure,urban,slab,glass,hip,0,1,premium,loamy,67.90464241167918,15092153.938429572
35563.967347394224,14,residential,urban,basement,concrete,hip,0,1,premium,clay,41.17461462007692,15899407.397663409
41932.15975400177,16,commercial,rural,pile,wood,hip,1,0,standard,loamy,90.52568771231122,6910937.245188551
35024.83735262954,1,infrastructure,suburban,slab,concrete,gable,0,0,standard,rocky,52.79550298088507,4791400.794455701
34166.96820213487,3,residential,urban,crawl_space,steel,flat,1,0,standard,sandy,37.120752793980735,7869091.966207031
31121.26322165162,18,residential,rural,crawl_space,wood,gable,0,0,premium,loamy,58.56239900646082,8844050.776268184
37759.47365810324,9,infrastructure,suburban,slab,brick,hip,1,0,economy,rocky,23.226764937363665,4704899.553787047
8350.952712007147,6,commercial,urban,slab,glass,hip,1,0,luxury,sandy,27.287817721902208,5610611.298739572
44103.10258034696,1,infrastructure,urban,crawl_space,concrete,mansard,1,0,economy,sandy,91.93145080114093,5669392.296837402
43656.25462338898,10,residential,rural,crawl_space,brick,mansard,0,1,standard,clay,79.39268415279348,6693721.818779379
1947.7405102106777,6,infrastructure,rural,slab,glass,flat,0,1,premium,rocky,51.3500729171112,461782.58007882285
41377.92915295575,12,residential,suburban,pile,brick,flat,0,0,luxury,loamy,41.6567391231773,19437881.540678084
6879.0584399355375,4,industrial,rural,basement,wood,flat,0,0,economy,rocky,80.75699390082244,414084.4573174287
17088.383285827524,13,infrastructure,rural,basement,concrete,gable,0,1,standard,sandy,57.063633335899326,2851399.613612738
37303.65868643459,17,infrastructure,suburban,slab,steel,mansard,0,0,premium,clay,41.50337335560113,15011445.858033098
8457.614854391257,8,residential,rural,basement,brick,flat,0,1,premium,loamy,51.544879199572726,1898654.3010660475
40989.367693893575,3,residential,suburban,crawl_space,concrete,mansard,1,1,luxury,clay,23.270924386298585,14663854.202434076
41690.64180890822,12,residential,suburban,crawl_space,wood,mansard,0,1,economy,clay,20.196988270385006,4899592.6105912775
25619.65282116139,7,residential,suburban,basement,brick,mansard,1,0,premium,rocky,98.90907790159228,6758606.79262586
816.1006499832622,12,infrastructure,rural,slab,wood,mansard,0,1,standard,sandy,96.95918211530503,113022.59666191589
14708.387592158182,2,residential,suburban,crawl_space,steel,mansard,0,1,standard,sandy,42.08271090069928,2331956.3224945734
31037.88245959924,14,infrastructure,rural,pile,steel,mansard,0,0,luxury,loamy,51.52615318197965,14232620.050830381
49068.71581235746,5,commercial,suburban,pile,glass,gable,1,1,economy,clay,82.71941377821489,6394447.007814737
31774.769587325085,9,infrastructure,rural,crawl_space,glass,hip,1,0,premium,clay,72.58356550834964,9053442.835090693
13360.27726267591,11,residential,suburban,crawl_space,glass,mansard,1,1,luxury,clay,9.954923349953859,8389571.564058935
31883.282303430762,5,residential,urban,basement,wood,gable,0,0,economy,rocky,37.461105428120604,3738597.4629264534
27229.276295934847,3,commercial,urban,slab,glass,flat,0,0,economy,sandy,25.015124323143866,4197576.918039095
39102.34705998161,17,infrastructure,urban,basement,concrete,gable,0,1,premium,clay,99.26301916794861,17965181.814624723
5795.5416219344415,2,commercial,suburban,slab,wood,gable,0,0,luxury,clay,74.87015884320878,1859553.9835867486
38170.88117385039,1,infrastructure,rural,pile,wood,gable,1,0,luxury,sandy,4.776520914976345,9458381.237299375
27292.695644467458,7,residential,suburban,pile,glass,mansard,1,0,luxury,loamy,90.00379665991363,14249377.061238406
48168.10419102023,14,infrastructure,suburban,slab,glass,flat,0,0,luxury,rocky,92.79583797989721,30677257.738307763
17422.672218914962,5,residential,suburban,basement,wood,gable,1,1,economy,rocky,33.32689762866949,1689501.0471185793
31814.783710130432,19,residential,suburban,crawl_space,steel,flat,0,0,luxury,rocky,64.19777618913781,22435079.081242237
46635.391222745864,11,industrial,rural,slab,steel,gable,0,0,luxury,sandy,68.20389923383242,22049231.64942916
5574.231535538624,2,industrial,suburban,basement,glass,mansard,0,0,premium,rocky,72.95476215939017,1374973.9128933575
46892.81011820433,8,infrastructure,urban,pile,steel,gable,0,0,standard,clay,69.35072730841915,12163997.529165087
34550.34325389026,9,residential,urban,crawl_space,concrete,gable,0,1,economy,rocky,55.97180084049389,5032537.3977062525
3857.9344257060093,3,commercial,urban,pile,concrete,flat,0,0,premium,sandy,95.38439105578956,1080323.793198858
15397.696563867405,2,residential,suburban,slab,concrete,flat,1,1,premium,rocky,51.23741721276795,3840791.0920928214
35554.51838794144,7,commercial,rural,pile,wood,flat,0,0,premium,loamy,11.091322822679695,6400179.088168542
3833.854772704199,5,infrastructure,rural,pile,wood,hip,0,0,economy,loamy,8.042548317316278,252766.55998593458
29317.437778725525,5,infrastructure,rural,slab,wood,flat,0,1,standard,sandy,1.837661922883893,3521236.8569267867
17621.211319171358,13,commercial,suburban,crawl_space,wood,gable,1,0,economy,sandy,42.79233868642691,2244046.3868348356
31235.31812949012,6,commercial,rural,slab,wood,hip,0,0,luxury,loamy,27.32362650820833,8283620.840298206
2764.2306737193862,18,residential,urban,basement,glass,flat,1,0,standard,rocky,89.5218915346694,1142920.0832993067
43641.07190454262,2,infrastructure,rural,slab,steel,mansard,0,0,economy,clay,86.71478586335223,3364371.7751424015
48687.70397428115,6,residential,suburban,slab,glass,flat,0,1,economy,sandy,83.78425021593952,6347934.071141849
48459.453836641726,9,commercial,suburban,crawl_space,steel,mansard,0,1,luxury,loamy,86.72781173993731,25241704.28044904
37607.76567127477,3,industrial,rural,basement,glass,hip,0,0,economy,rocky,29.76056794644085,3224916.315282459
6939.268886466282,1,industrial,suburban,pile,concrete,mansard,0,1,standard,sandy,42.61175442296774,884757.9218175163
38034.028198486616,1,industrial,rural,pile,brick,hip,0,1,premium,rocky,31.17380592758322,6447849.22682442
1717.0523647106747,19,commercial,rural,pile,wood,mansard,0,1,economy,clay,8.608105312285119,188904.0055884359
1595.115800685364,5,residential,urban,pile,brick,flat,0,0,economy,sandy,92.40462935182667,194208.80753803346
16518.70584790229,13,infrastructure,suburban,crawl_space,brick,hip,0,0,standard,clay,61.592626574163454,3284348.0705036395
24687.837925030955,19,commercial,urban,basement,concrete,gable,1,0,economy,clay,13.25523999374898,5777161.927688486
38635.16718148576,12,industrial,suburban,crawl_space,brick,gable,1,0,premium,clay,20.605895665382846,13132221.188223485
34323.121142022006,16,residential,rural,slab,brick,gable,1,0,luxury,loamy,45.075262751805,15787922.515334716
22572.18396564904,19,infrastructure,suburban,basement,concrete,flat,0,0,luxury,clay,5.189407794889689,14182427.823442299
14044.519980942461,3,infrastructure,rural,basement,steel,gable,0,0,luxury,clay,27.19917812280285,4690474.385768542
49857.6627578067,12,commercial,suburban,pile,glass,hip,1,1,premium,rocky,70.34463876712068,20157308.240820393
21595.97446068066,5,commercial,urban,pile,brick,gable,0,0,luxury,loamy,92.04064820297724,10989530.093480928
22843.657704318935,2,infrastructure,urban,pile,wood,hip,1,0,standard,loamy,92.87314157513528,3953396.3630837146
8599.379148987624,7,infrastructure,rural,pile,concrete,gable,1,0,standard,loamy,52.00290834508997,1351606.0503336284
39843.07266312151,13,industrial,urban,slab,brick,mansard,0,1,premium,loamy,31.215525484412098,15755828.719112957
34837.27017618369,15,infrastructure,rural,pile,steel,hip,0,1,premium,clay,92.07456551240368,10115957.207678761
11428.095833043639,3,commercial,rural,crawl_space,steel,gable,1,1,premium,rocky,78.66349062012645,2423548.9156746413
4577.861757984214,5,residential,rural,basement,wood,gable,1,1,standard,clay,58.711191590426296,579926.1164302495
34184.7154526983,8,industrial,suburban,slab,brick,gable,1,1,premium,clay,83.45529014479712,10370576.39203182
32898.305106916196,1,industrial,rural,slab,wood,hip,0,1,premium,loamy,45.883036884757814,4674908.586111491
14026.346586411362,8,infrastructure,urban,basement,steel,hip,0,0,luxury,loamy,11.219483470162706,8960777.077173691
47567.74633139531,18,residential,suburban,basement,steel,gable,0,1,premium,sandy,93.82381195700536,20799298.23470989
7977.365643154561,16,industrial,urban,basement,glass,mansard,0,1,economy,rocky,53.400707703532966,1730966.3371124396
21900.572651608796,18,commercial,rural,slab,steel,hip,0,1,luxury,loamy,69.52905523144531,12635171.225947773
47208.988048296145,12,infrastructure,rural,crawl_space,concrete,hip,1,0,standard,loamy,39.229229288179326,8590264.096434046
21276.502187843053,13,commercial,urban,crawl_space,glass,mansard,0,0,standard,clay,13.574152234246938,7684233.616840234
32107.034409372234,13,infrastructure,suburban,basement,wood,flat,0,0,standard,clay,27.188179494902375,5785233.902215282
20180.922699158316,10,industrial,urban,slab,steel,mansard,0,1,luxury,clay,4.36726295660077,13933099.643082844
14073.652516259166,7,infrastructure,rural,pile,concrete,gable,0,1,standard,loamy,8.757960190845315,2097518.1593045024
49206.8935740115,14,residential,suburban,slab,glass,hip,1,0,luxury,rocky,20.491911232821835,33507732.370910015
20762.03331259463,16,commercial,rural,basement,concrete,hip,1,1,luxury,loamy,56.10111310257507,10338693.188115276
44757.910582117154,15,residential,rural,slab,glass,hip,0,0,economy,loamy,99.28847369796996,5854328.00544816
11882.752991608766,12,commercial,urban,slab,glass,hip,0,1,economy,rocky,84.37233091504496,2323916.772830262
11048.682849241624,9,commercial,rural,slab,glass,flat,0,1,economy,loamy,8.586705309304188,1249255.0768600658
2041.1371027833122,8,infrastructure,urban,pile,wood,hip,0,0,economy,loamy,84.23436716624867,229595.4437682676
32757.50785610631,18,industrial,suburban,basement,glass,hip,0,0,economy,rocky,53.63113081462401,5687712.214741267
18742.054014326175,18,industrial,rural,basement,glass,flat,0,0,standard,loamy,66.03234674133117,4741479.3640685985
43285.733367062036,13,residential,rural,basement,concrete,gable,1,1,standard,sandy,12.976572009566379,8583131.677020935
23923.89038123208,18,infrastructure,suburban,crawl_space,glass,gable,0,0,standard,sandy,39.54402271063265,7680848.8484354075
48425.57468177873,15,industrial,urban,crawl_space,wood,flat,0,1,economy,clay,88.41217148709887,7806423.996601069
9683.513027304496,4,commercial,rural,basement,concrete,gable,0,0,premium,loamy,42.536562904347264,1838588.4065849392
43496.84681380273,17,commercial,suburban,slab,glass,gable,1,1,standard,rocky,12.711347759232073,12534584.566971442
38941.54421319121,5,infrastructure,rural,slab,concrete,mansard,1,0,standard,rocky,31.10752855993194,5999351.394032933
38660.63130988058,16,residential,urban,basement,wood,mansard,1,0,premium,sandy,22.151972036791168,16292182.683597285
42316.76979178594,9,infrastructure,urban,pile,concrete,mansard,0,0,economy,clay,68.68970400946445,6518795.20112501
38170.68755167844,10,residential,urban,pile,wood,flat,0,0,luxury,loamy,91.102776438441,20086155.740879394
31497.90592075506,18,infrastructure,urban,slab,steel,hip,1,0,premium,rocky,73.34899580339074,17949164.460391685
6996.621445278185,17,commercial,suburban,slab,glass,flat,1,1,premium,rocky,84.36199844925657,3395002.7034067344
2110.04588481697,18,infrastructure,rural,crawl_space,wood,flat,0,0,standard,loamy,80.58176627498902,361120.57923211844
46081.9684668765,7,industrial,suburban,pile,glass,flat,0,1,standard,clay,1.460430307895455,10508971.135627463
31024.190568776532,4,industrial,urban,slab,wood,flat,0,0,economy,sandy,12.43702016939936,3334633.396710786
39928.595903320725,5,infrastructure,urban,slab,brick,mansard,1,0,luxury,loamy,42.33790862331194,20620339.979237244
24335.356399871227,16,residential,urban,basement,brick,flat,0,0,luxury,loamy,11.208966458407776,16446223.187521871
6306.755353638527,3,residential,urban,crawl_space,brick,mansard,0,1,premium,loamy,73.49347651914177,1769157.295168386
6696.696714026247,18,commercial,rural,pile,wood,hip,1,0,economy,sandy,7.018743152911222,867530.1738194606
34435.48171783408,14,commercial,urban,pile,glass,gable,1,0,luxury,rocky,41.624187702220404,29334848.171364937
21800.141797523404,15,residential,rural,crawl_space,brick,mansard,0,1,premium,loamy,39.22892106133287,6186441.181739757
10425.973971666668,17,infrastructure,urban,slab,glass,flat,0,0,standard,loamy,54.34456565037243,4255726.204253028
24833.930063701126,1,commercial,rural,pile,wood,hip,0,1,luxury,loamy,62.93774387772888,5379573.133564684
3678.342385219137,17,residential,rural,pile,glass,flat,0,0,premium,loamy,94.69563702738627,1270594.866063189
29307.58439476274,11,residential,urban,pile,glass,hip,0,0,luxury,clay,27.11847989849292,22760785.760665037
13815.173519537335,17,infrastructure,suburban,basement,brick,gable,0,1,economy,clay,66.59844886185363,1904526.790128809
39979.17548154081,14,industrial,suburban,crawl_space,concrete,hip,0,0,premium,clay,3.5084789724432075,12771479.132333197
15862.9169667169,19,residential,suburban,pile,steel,hip,0,0,economy,rocky,0.10070013871287253,2758888.947424087
23033.39737954916,7,commercial,suburban,crawl_space,wood,gable,1,1,premium,loamy,2.5358211076852766,5780476.96958015
1075.2167254509814,13,infrastructure,suburban,slab,wood,gable,1,0,standard,loamy,44.89117536539127,212613.68704953077
4086.1209458306644,18,infrastructure,urban,crawl_space,wood,hip,0,1,luxury,loamy,55.50131514683307,2979331.6870269333
19928.4310421309,14,infrastructure,urban,basement,steel,flat,1,1,standard,loamy,0.6211646561703366,6436607.905039487
24256.972318497614,1,industrial,urban,basement,concrete,mansard,0,1,economy,sandy,39.64115404429772,2466606.432182862
30201.017131905533,7,industrial,urban,crawl_space,glass,flat,1,0,luxury,sandy,4.0856687563529555,19498587.959464144
14937.29764611051,8,commercial,urban,basement,wood,mansard,0,1,standard,sandy,65.32839332321568,3064813.5004055398
34901.60336326386,18,commercial,urban,pile,glass,gable,1,0,premium,loamy,63.12320316639482,22947677.128144465
43076.05866086562,9,infrastructure,rural,basement,brick,flat,0,0,premium,sandy,78.41839881168498,10376602.619649777
39102.62395022081,1,commercial,rural,slab,brick,gable,0,1,standard,sandy,54.62608686012991,3875783.366013259
2461.1318547436786,17,residential,urban,crawl_space,brick,hip,1,0,luxury,rocky,62.29498283114139,1763369.5271299894
24285.09388926253,19,industrial,urban,crawl_space,wood,hip,0,0,economy,rocky,27.941929316755377,4212150.144252956
5694.043831699656,6,infrastructure,rural,slab,steel,flat,0,0,premium,sandy,8.545381815700315,1300364.2910096094
12481.22828519511,3,infrastructure,rural,slab,wood,gable,0,1,economy,sandy,73.73061619762787,826908.5510679114
49339.79836672375,5,residential,urban,slab,brick,flat,0,0,luxury,rocky,61.186333337255085,25699841.745934818
7553.529373624905,2,residential,rural,slab,brick,flat,0,0,luxury,sandy,93.83318313487844,2147661.1690763775
25194.963595842124,4,residential,suburban,pile,wood,mansard,0,1,premium,loamy,98.92258416772482,5505946.662619828
31098.708848746894,10,residential,suburban,basement,steel,hip,0,1,economy,sandy,84.72840486413035,4103042.7434971835
35272.016041933144,10,infrastructure,suburban,basement,steel,flat,0,0,luxury,loamy,98.56218595917726,17354545.547717474
28202.609832602247,11,industrial,rural,pile,glass,hip,1,1,economy,sandy,64.74462966979533,3645979.9733807878
983.6569472495912,16,industrial,urban,slab,concrete,mansard,0,0,premium,clay,9.194916145136489,476345.81520622806
16659.8347580776,17,residential,urban,crawl_space,brick,gable,0,0,premium,sandy,8.983253916563793,7796869.801678373
26126.726347543216,16,commercial,urban,crawl_space,steel,flat,0,0,luxury,clay,80.71197741858128,20948455.703186087
4849.391707669251,7,infrastructure,rural,crawl_space,brick,hip,1,1,luxury,sandy,23.686043589517915,1594036.8838310614
17856.033094854447,16,industrial,rural,slab,concrete,flat,1,0,economy,sandy,6.0988207198948485,2258961.5026417826
2143.553885172645,3,residential,suburban,pile,brick,gable,0,1,luxury,loamy,47.22746047349056,727982.4941831746
4389.635609173527,16,commercial,rural,pile,steel,flat,1,1,premium,rocky,31.464585575291125,1572283.3833582506
20147.702171979006,8,commercial,suburban,pile,glass,flat,1,0,luxury,rocky,58.81491484246858,11545998.982814122
7069.429825131488,12,residential,suburban,basement,wood,hip,1,1,standard,loamy,60.015103424656125,1399702.1836567638
28593.27198894713,3,infrastructure,urban,basement,wood,gable,0,0,premium,rocky,68.15010011790832,6783190.106183748
34628.515972294656,17,industrial,rural,basement,steel,mansard,0,0,economy,clay,57.64423234058117,4811227.005487196
40129.041605899605,18,commercial,urban,basement,steel,gable,0,1,luxury,clay,38.09180470132327,35818351.51744181
10407.4370901181,11,industrial,urban,crawl_space,concrete,gable,0,1,luxury,sandy,2.366669934659882,6969646.843774597
8790.387821823953,4,industrial,rural,crawl_space,brick,mansard,0,1,premium,clay,90.50884681235422,1499347.7733968117
5676.108096552813,16,commercial,rural,pile,concrete,flat,0,0,premium,rocky,32.692172982014135,1745974.227248637
32003.297352410016,17,residential,suburban,basement,wood,hip,1,1,economy,clay,50.71505750108568,4875475.44265513
35470.54846110161,9,commercial,suburban,pile,brick,flat,0,1,premium,sandy,55.69375856672799,10541828.98004187
2063.514168869281,6,commercial,suburban,slab,concrete,flat,0,0,economy,clay,31.48529347393828,211317.40756903987
46842.506189062646,2,infrastructure,suburban,basement,wood,mansard,1,1,luxury,rocky,30.848095639517915,14621490.755801504
3072.5785407478843,9,industrial,urban,basement,brick,mansard,0,1,economy,loamy,26.086152319100066,423126.029724519
27294.16859740299,6,residential,urban,pile,glass,flat,0,0,economy,sandy,24.335334438925283,4213439.741245008
35598.49571282036,3,industrial,rural,pile,glass,gable,0,1,economy,loamy,3.0395729758473045,3006007.261061401
43612.97162543124,6,commercial,suburban,slab,concrete,hip,1,1,luxury,clay,95.79146016696168,17637546.871209156
35847.303140555174,7,residential,suburban,pile,steel,gable,1,1,standard,sandy,59.5296058778217,7089715.795444598
40185.540111954695,1,residential,suburban,basement,brick,flat,0,0,standard,sandy,10.806700911646283,5545138.408610912
17302.7845308689,1,residential,urban,crawl_space,concrete,flat,1,1,economy,clay,59.195842067383694,2164779.099039899
40833.843130452355,5,residential,rural,slab,steel,hip,0,1,premium,sandy,23.22475949510291,9405328.178264486
4465.684896041419,6,infrastructure,urban,slab,steel,gable,0,0,standard,clay,31.06820512819667,1039840.7235657241
44793.424474996114,13,residential,rural,basement,brick,flat,0,1,luxury,loamy,80.11681883922745,17270931.42622603
27605.822619609942,2,commercial,rural,crawl_space,brick,flat,0,1,economy,loamy,88.58020188216129,1811890.6378913862
40956.239613143436,15,infrastructure,urban,pile,steel,mansard,0,0,standard,rocky,69.98238930655015,14151419.943979256
22889.75508365586,15,commercial,urban,pile,wood,hip,0,0,luxury,rocky,93.25814822634418,14078399.84629109
32357.095912227986,13,commercial,rural,crawl_space,concrete,mansard,0,1,economy,clay,90.5027063861064,3308753.4607613487
26556.931716337604,14,industrial,urban,crawl_space,brick,mansard,0,0,standard,clay,55.117011980751606,6829324.873077233
36713.68132688893,7,residential,urban,basement,steel,mansard,0,0,economy,loamy,90.78466593897002,5802987.743185317
4540.684110514184,14,residential,rural,pile,wood,flat,1,0,standard,sandy,54.49979511806842,750685.1580311033
3487.4281575329082,10,commercial,rural,basement,glass,gable,0,1,standard,clay,10.427399910734191,641537.8760174583
12731.61008350225,17,residential,suburban,pile,steel,mansard,0,0,premium,sandy,82.94552793163436,5270904.54132072
8397.461665602823,14,infrastructure,urban,pile,wood,gable,0,1,standard,rocky,13.120246452775996,2184795.3004134917
43653.28654631398,8,industrial,rural,crawl_space,glass,flat,1,1,premium,loamy,31.59601338432465,11943947.927272184
11351.092374223193,4,residential,urban,basement,wood,mansard,0,0,luxury,clay,37.9792796234271,4964653.885359215
48805.330163047,16,residential,urban,crawl_space,brick,flat,0,1,standard,rocky,80.72859401623712,13876270.424192756
17176.34169266979,13,infrastructure,rural,basement,steel,mansard,0,1,economy,clay,8.3536674672822,2191317.4999018074
9514.836826590614,18,industrial,suburban,pile,glass,mansard,0,0,premium,rocky,44.49414646730771,4555007.830314956
39590.07610355272,14,infrastructure,rural,slab,wood,flat,0,1,standard,loamy,43.67158110637659,6218039.766689784
33106.03488729337,18,commercial,rural,slab,glass,hip,0,0,premium,clay,58.21602395149943,11596008.645437106
25160.68796443038,5,commercial,urban,basement,concrete,hip,1,0,economy,clay,35.3868781726208,3718083.90165533
27990.495771412745,9,residential,suburban,basement,steel,gable,0,0,economy,sandy,57.716249816531636,3766389.2068269867
36100.48802447706,3,industrial,rural,crawl_space,brick,gable,1,0,economy,sandy,98.58942799020254,3179475.3839076436
11808.509695899287,8,commercial,urban,pile,glass,flat,0,0,luxury,clay,7.154918539911604,8656832.830774555
49818.52884480872,10,infrastructure,rural,slab,wood,flat,0,0,luxury,loamy,87.46284567160903,16141202.77131861
48752.261526265764,19,commercial,urban,crawl_space,glass,flat,0,0,economy,sandy,30.862943807079134,11704922.861130755
32691.121474173375,3,commercial,rural,basement,wood,hip,0,1,luxury,clay,46.57164362285751,8339486.2647611555
10377.351320992684,11,infrastructure,suburban,pile,glass,hip,0,0,luxury,clay,74.1117483082312,5991606.817355249
34171.29800034892,11,residential,rural,crawl_space,brick,mansard,1,1,luxury,rocky,91.00364634472747,12784320.932968153
4073.8212444692044,17,industrial,urban,crawl_space,brick,mansard,1,1,luxury,loamy,0.9075483536569728,3103974.032203782
2017.2988591874002,16,residential,rural,basement,steel,flat,1,1,luxury,sandy,66.21922742835204,983190.6732126034
13255.302981305078,7,infrastructure,suburban,pile,brick,flat,0,1,luxury,sandy,6.955233963957797,5755317.61079628
23399.836358596156,4,commercial,suburban,slab,glass,gable,0,1,economy,rocky,52.5678519171082,2800031.4417331205
43479.48901771483,19,industrial,suburban,crawl_space,glass,hip,1,1,luxury,clay,74.97600883165259,33973486.13222954
36494.86895343225,12,residential,suburban,basement,brick,flat,0,1,luxury,sandy,16.9534141315135,18827567.664285503
37263.97279939906,15,infrastructure,urban,crawl_space,concrete,hip,1,0,premium,clay,76.37849763281164,18193305.165434767
21561.92005517973,11,commercial,rural,basement,glass,flat,1,0,premium,sandy,30.95378598109565,7000197.266048886
17623.782131074666,5,commercial,suburban,basement,steel,mansard,1,1,luxury,sandy,61.055113094767734,7486306.958872153
18866.418767737832,5,residential,rural,basement,concrete,flat,0,1,standard,clay,65.80410387073763,2621837.5828427877
49388.65340493486,15,infrastructure,urban,pile,brick,mansard,1,0,standard,clay,64.89807271981857,15260738.77128569
2485.404974917883,18,commercial,rural,slab,wood,gable,0,0,luxury,sandy,1.8544796278140097,1077753.5496575716
43418.059058061204,11,commercial,rural,pile,glass,gable,0,0,economy,rocky,15.227400774767885,5113177.604413921
29144.432724333474,12,industrial,suburban,slab,wood,gable,0,0,economy,rocky,85.62026903572028,2991127.733200587
22211.463249884728,2,commercial,suburban,basement,steel,flat,0,1,premium,rocky,93.98422725950422,5701389.852085766
36400.254190549254,15,residential,urban,slab,concrete,gable,0,0,economy,rocky,56.36678887784522,7270282.875723892
24590.112600522792,4,infrastructure,rural,pile,wood,flat,1,0,economy,rocky,59.69713619213902,2083551.8503391407
43734.4502850422,18,infrastructure,urban,crawl_space,steel,hip,0,0,economy,clay,75.50305900592478,10303173.567664228
45084.7422685573,6,industrial,urban,pile,wood,mansard,0,0,luxury,sandy,40.61052863225362,19812402.842308097
21375.185880236044,19,infrastructure,urban,pile,wood,hip,0,0,luxury,rocky,32.80163444891474,14295895.836975766
14202.975963135053,11,residential,suburban,pile,steel,flat,0,1,standard,loamy,76.82016656399301,3374897.395911171
29821.34126537143,2,commercial,suburban,pile,glass,gable,0,1,premium,sandy,2.8285656964914363,7284504.624430294
45661.9856080262,8,industrial,rural,pile,wood,mansard,1,1,standard,loamy,88.53462881246472,6029317.839522332
10927.778355780496,11,infrastructure,rural,slab,steel,gable,0,1,economy,clay,44.09025247928137,1270930.4992025504
31336.8458863924,5,industrial,rural,slab,wood,hip,1,1,economy,sandy,50.42286149153811,2662018.506469973
31762.230894579767,18,industrial,suburban,crawl_space,glass,flat,1,1,standard,clay,63.42781576640705,9850611.459892536
36789.09460955641,18,infrastructure,suburban,pile,steel,mansard,0,1,standard,loamy,27.438574833091078,10268525.389396038
7012.6004137993605,14,industrial,urban,pile,wood,mansard,0,1,luxury,sandy,59.73874914497078,4594683.354243901
35933.335751763385,10,infrastructure,suburban,crawl_space,brick,flat,0,1,luxury,sandy,69.30389468500081,17357079.9603724
45497.10977294923,3,residential,urban,crawl_space,glass,flat,1,1,premium,clay,11.793144993594485,17477178.120579783
9394.313889076977,9,infrastructure,urban,basement,wood,mansard,0,0,luxury,sandy,52.04707805884847,5288638.868116513
12258.394583731942,3,commercial,suburban,crawl_space,concrete,hip,0,0,economy,loamy,32.94201361414347,1129926.1811035587
48584.05715506116,11,infrastructure,urban,crawl_space,steel,hip,1,1,economy,clay,55.73577256706515,8699503.613822276
9458.359159119744,12,commercial,urban,crawl_space,wood,gable,1,1,standard,loamy,2.1294287496887,2356243.157829005
42792.062121794166,12,industrial,rural,basement,glass,mansard,0,1,premium,sandy,74.26803562111681,12406599.328338256
24867.753894177724,3,infrastructure,urban,slab,glass,flat,1,1,luxury,loamy,16.84045045467143,13709671.069090951
12737.938182957263,7,commercial,suburban,basement,concrete,flat,0,1,premium,sandy,68.93869476548423,3339368.041584686
43602.120112989316,14,infrastructure,suburban,slab,concrete,flat,1,0,economy,loamy,76.8814912152753,6555078.373458464
22542.61012263194,11,infrastructure,urban,crawl_space,wood,flat,0,0,economy,loamy,75.26119924438215,3140656.6165837348
25983.459019519665,7,infrastructure,rural,basement,brick,mansard,0,0,luxury,rocky,81.75020945837637,8174982.73684259
18282.0517852884,10,residential,suburban,basement,glass,hip,0,0,luxury,sandy,30.774515118148436,10278190.16152826
29851.06714602891,11,commercial,suburban,slab,brick,gable,0,1,luxury,rocky,96.71131653352923,13809135.2628042
8594.431692958628,15,residential,rural,basement,brick,hip,0,0,standard,rocky,2.3818175134068587,1486268.4874230318
19858.536064262156,19,residential,urban,basement,wood,gable,0,0,economy,clay,48.12000961148877,3301111.7569046933
48485.90995559673,16,commercial,suburban,pile,steel,flat,0,0,standard,clay,27.02849383422956,12471450.417005276
13277.604918705812,12,infrastructure,urban,slab,steel,flat,0,1,economy,loamy,73.98804498468743,2479985.0097715254
33008.464894793964,18,residential,urban,basement,steel,mansard,1,0,luxury,sandy,80.52232854078689,27777993.8644327
16596.908179122394,13,residential,urban,basement,concrete,flat,0,1,economy,clay,82.2392527517827,2904985.925684452
38786.91972148673,5,residential,urban,crawl_space,glass,mansard,0,0,economy,rocky,29.690405563469046,6292332.997968396
6978.246205558316,4,infrastructure,suburban,pile,concrete,mansard,1,0,premium,sandy,27.414053611224098,1644034.8669802218
48506.141731387965,14,residential,rural,pile,glass,mansard,0,1,economy,loamy,67.69357192784567,5937848.803703439
22962.582298490142,8,industrial,suburban,crawl_space,glass,flat,1,1,economy,loamy,92.8184364583208,3419382.7810254977
12184.497935649966,9,commercial,rural,crawl_space,glass,flat,1,1,premium,clay,25.42052155860983,3816142.7482225266
4138.088992835626,19,industrial,urban,crawl_space,wood,hip,0,1,luxury,clay,91.05996994047713,3171416.4208267797
8903.016301833266,3,infrastructure,rural,crawl_space,steel,gable,1,1,premium,clay,59.146139308126656,1809756.5793287857
26228.810453522874,5,residential,urban,pile,concrete,hip,0,1,luxury,loamy,73.79380219353709,12686046.382606434
17181.657233348673,18,commercial,suburban,basement,concrete,flat,0,0,luxury,rocky,43.989207150781965,10208219.009239692
41529.726611189166,1,residential,suburban,basement,wood,gable,0,1,luxury,clay,80.68572216561053,11894193.784707354
21828.932421259393,8,infrastructure,rural,crawl_space,glass,mansard,0,1,economy,loamy,97.04928927654134,2377111.4257093687
12811.35649308768,19,commercial,urban,slab,steel,gable,0,1,premium,sandy,17.05757313896441,7838744.433626189
31048.67683689949,17,industrial,urban,crawl_space,brick,mansard,1,1,premium,loamy,38.55594250002493,15933162.290754875
35485.47223582957,17,commercial,rural,basement,brick,flat,0,0,premium,sandy,86.24566460622339,10303937.448868906
8768.574441097018,11,residential,urban,slab,wood,gable,1,0,premium,sandy,17.667288088726007,3134834.7252036557
8797.151206271725,2,commercial,urban,crawl_space,steel,mansard,1,1,standard,rocky,41.296344344860614,1875701.1654231818
2315.2356332103773,6,infrastructure,urban,slab,brick,hip,1,0,economy,clay,16.611510971082744,336249.1825548417
36951.89974574921,14,infrastructure,suburban,crawl_space,brick,hip,0,1,standard,sandy,64.83682587574428,8205898.152143274
33358.32411727935,3,commercial,suburban,pile,concrete,mansard,0,1,economy,clay,23.831915219943255,3080479.6897711116
23994.228349615787,12,infrastructure,suburban,basement,steel,hip,1,1,premium,loamy,38.08021053976014,8639132.816031583
42286.437223975256,4,infrastructure,urban,crawl_space,brick,hip,1,1,standard,clay,49.11336582536675,9015172.79535904
40380.67257102763,12,infrastructure,suburban,slab,concrete,gable,1,0,luxury,loamy,29.712887865868222,21830547.598096453
29475.041037639232,13,industrial,urban,basement,steel,hip,1,1,premium,sandy,67.99009304266265,14372400.819048008
43479.4283854063,2,residential,urban,crawl_space,glass,gable,0,0,premium,rocky,11.124945428839595,15424632.410124913
10689.139896820028,2,infrastructure,rural,crawl_space,steel,flat,1,0,luxury,sandy,87.98007647212214,3326859.7253519925
6040.02116018753,15,commercial,urban,crawl_space,wood,hip,0,1,premium,loamy,48.134045648671886,2399292.5232133796
13852.605770090986,17,infrastructure,suburban,crawl_space,concrete,flat,0,0,economy,sandy,57.28141339853511,2229818.1327978023
3325.799376421085,7,industrial,suburban,pile,glass,hip,0,1,premium,rocky,62.21296775804532,1118962.7666726115
26792.891636051085,14,commercial,urban,basement,concrete,mansard,1,0,economy,clay,5.968204768228958,5134529.322664733
46861.98176860059,12,residential,suburban,pile,concrete,mansard,1,1,economy,loamy,75.69907555334376,6851470.324286372
2447.505263091228,17,commercial,urban,basement,brick,flat,0,0,premium,clay,94.59418542034285,1109477.4771249578
6544.440743496327,14,commercial,rural,crawl_space,steel,flat,0,1,luxury,rocky,51.99079635594419,2983454.790733196
22883.851900030048,6,commercial,urban,basement,concrete,flat,1,1,economy,sandy,39.086870902699914,3379414.6364532774
46726.813367631294,19,commercial,urban,slab,concrete,mansard,0,1,standard,rocky,78.47958501115187,16658827.390293002
16149.72719634915,6,infrastructure,rural,basement,wood,flat,0,0,economy,loamy,72.0352958386703,1141244.5642327734
25608.123030075425,18,residential,suburban,slab,wood,mansard,0,1,luxury,loamy,65.0975796363222,13827741.78493548
2557.856522994409,5,infrastructure,rural,slab,wood,flat,0,0,premium,sandy,96.53514244191375,401146.66610340355
7842.988447623398,6,industrial,rural,pile,concrete,gable,1,1,luxury,loamy,58.17744219175476,2689920.4007277614
49338.191086462924,2,industrial,urban,basement,glass,gable,0,1,luxury,rocky,24.83757439200639,28796120.377597336
48273.37547358425,8,commercial,urban,crawl_space,steel,hip,0,0,premium,loamy,2.4766047932225477,18905942.87943749
744.5290562532759,15,infrastructure,rural,basement,concrete,gable,0,0,standard,clay,45.34620298817974,123990.92147992714
47614.68337845033,15,infrastructure,suburban,pile,brick,flat,0,0,standard,rocky,65.23235571717903,9763014.001412652
32136.43692186727,11,residential,rural,slab,glass,gable,0,1,economy,rocky,17.21391384940193,3615861.7196286977
43461.95557874109,1,residential,suburban,slab,glass,gable,1,1,economy,loamy,2.5763738034346173,5077571.454150826
23009.622853876026,18,residential,rural,pile,steel,flat,1,1,standard,sandy,90.90894552717,5569110.0379925
26022.003414672887,12,infrastructure,rural,pile,glass,gable,1,1,premium,sandy,30.194742783610916,8654825.997975754
24697.90572271755,12,residential,suburban,basement,steel,flat,1,1,luxury,sandy,46.60494344470658,14552987.451366622
33509.78074853217,11,residential,rural,slab,glass,gable,0,0,premium,loamy,9.107091619033614,10036593.04527272
7412.737110437489,8,residential,urban,pile,steel,flat,0,0,luxury,loamy,38.16133053517159,4452596.258950932
1983.6926986975586,7,commercial,rural,basement,wood,mansard,0,1,luxury,loamy,42.37733029975781,630260.4660751878
15742.53210876395,2,industrial,urban,basement,wood,mansard,0,1,standard,rocky,90.27445370153023,2513355.4688780745
35381.69775546401,11,industrial,suburban,crawl_space,glass,hip,0,1,standard,rocky,86.54574783833951,8111376.480719392
10491.745880085944,10,infrastructure,suburban,slab,glass,gable,0,0,premium,loamy,18.900204130996666,3578104.732928462
33834.905449583406,3,infrastructure,urban,basement,steel,hip,0,0,luxury,sandy,55.606222666569,17831047.465233885
48510.646282309885,10,commercial,rural,pile,steel,flat,0,0,premium,clay,73.12478041271315,12399676.646303166
5148.08543157621,18,industrial,urban,slab,concrete,mansard,0,1,economy,sandy,29.18505660338251,1116811.3657205654
33793.80485214375,14,residential,urban,pile,wood,flat,0,1,standard,rocky,39.44329837781897,8483746.614622274
22465.63585557627,18,residential,suburban,pile,concrete,hip,0,0,standard,rocky,98.48812878929904,6086190.509779981
43473.04159168652,8,infrastructure,urban,basement,concrete,flat,0,1,luxury,sandy,75.97321357339466,26592301.028453354
9268.914577645603,10,industrial,rural,basement,brick,flat,0,0,standard,sandy,43.71800627383554,1458058.8716144816
34784.98463519514,13,infrastructure,urban,crawl_space,steel,flat,0,1,premium,rocky,53.40817035331753,16346562.18310619
41986.706837581456,8,infrastructure,suburban,pile,brick,flat,1,1,luxury,rocky,62.57823547562318,17668577.428884722
47258.40386396415,4,residential,rural,basement,brick,mansard,0,0,luxury,loamy,49.88405549885101,14324869.862942245
34320.777400337465,4,residential,suburban,crawl_space,concrete,flat,0,0,economy,clay,41.16200321105108,3257981.9099102807
25110.15081841715,5,industrial,urban,slab,brick,flat,0,0,premium,loamy,35.93497101596943,8389336.710153926
31083.438389960083,1,infrastructure,urban,crawl_space,steel,mansard,0,1,luxury,loamy,16.89816341515836,14149589.027990123
43510.79673169655,17,commercial,suburban,crawl_space,concrete,flat,0,1,standard,sandy,97.36211268066135,10899362.786725499
28745.18245862207,2,industrial,suburban,pile,steel,flat,0,0,standard,sandy,9.14127042382834,4774622.677822955
2004.1594549934246,8,infrastructure,rural,slab,glass,hip,0,0,luxury,clay,60.10223922305259,840502.473846165
46581.9604275954,7,industrial,suburban,pile,brick,mansard,0,1,standard,loamy,95.96024446316756,8436066.155907216
34631.57417606228,15,industrial,suburban,pile,concrete,gable,0,1,luxury,loamy,37.493161706331314,18445722.42161295
33987.4125959737,5,industrial,urban,crawl_space,wood,flat,0,0,luxury,rocky,25.242134971167275,15477121.198480736
11175.920043687,2,commercial,urban,crawl_space,steel,hip,0,0,luxury,rocky,95.55229798110487,5843084.422591373
33114.83077651653,7,commercial,suburban,basement,brick,mansard,1,1,standard,clay,80.17393327954576,5798577.956537677
19996.288079880844,8,residential,suburban,crawl_space,steel,flat,0,0,standard,sandy,65.50250353638883,3738076.7616581335
32736.03236355386,7,residential,urban,basement,steel,gable,0,0,premium,rocky,61.198842701177135,11857784.153813293
5776.35500024554,7,infrastructure,rural,pile,glass,flat,0,1,economy,clay,36.01261219941615,588024.2157427873
33063.342577850286,14,industrial,rural,crawl_space,steel,hip,0,1,standard,loamy,64.13192982210275,6234933.899963388
49970.979425647995,18,infrastructure,rural,slab,glass,mansard,0,1,luxury,clay,72.50254232538752,28273532.531937983
2886.4959235975234,6,residential,rural,slab,glass,hip,0,0,standard,clay,3.1730976556135326,465312.2244603936
48870.12211895521,4,commercial,urban,pile,glass,mansard,0,0,standard,rocky,11.76900412623928,11081735.633634884
20641.944055782096,10,residential,suburban,pile,brick,gable,0,0,luxury,rocky,31.51104214386995,10330394.06085104
43602.29579169433,18,infrastructure,rural,crawl_space,steel,flat,0,1,premium,loamy,32.312841694632546,15312927.633450339
39228.08146088454,12,residential,urban,basement,steel,hip,0,1,luxury,loamy,90.0515934478664,26896765.46320195
28567.304918840055,16,infrastructure,suburban,crawl_space,glass,gable,0,1,premium,loamy,68.45053988499177,12880206.84641905
37053.235857940665,7,infrastructure,rural,basement,steel,gable,0,1,standard,clay,37.35044818119439,6034775.443807326
43986.52028441672,6,infrastructure,suburban,crawl_space,steel,flat,0,1,luxury,clay,80.92021526890491,19228693.544139273
20504.945921726132,5,infrastructure,rural,slab,glass,hip,0,0,standard,rocky,32.3194871471037,3366110.583597637
16688.141497380315,3,residential,suburban,slab,wood,flat,0,0,luxury,loamy,99.07561499491028,5361174.499813689
33545.87258539745,12,infrastructure,rural,basement,wood,flat,0,0,standard,rocky,78.16198081819262,5100248.594040196
40488.3741260923,15,infrastructure,rural,crawl_space,glass,mansard,1,0,standard,loamy,80.83900281615074,9869818.09795452
38233.11417144248,10,industrial,suburban,pile,brick,mansard,0,0,standard,loamy,26.097253976525447,7437511.132629023
39991.775618502405,19,infrastructure,suburban,basement,steel,flat,1,1,luxury,rocky,14.503382490759675,27008909.914369646
22061.37408324018,16,residential,suburban,slab,steel,mansard,0,0,premium,rocky,38.95390473181555,8610434.875641461
40982.79370066357,11,infrastructure,urban,basement,wood,hip,0,1,standard,rocky,33.42357504892621,9390335.39938081
6450.348240845118,8,commercial,urban,crawl_space,glass,mansard,0,1,luxury,loamy,76.9832140087103,4244247.19835723
27452.210349062054,3,commercial,suburban,pile,brick,gable,1,0,luxury,clay,17.428811977965943,10036818.35529838
785.0536946570178,7,infrastructure,urban,pile,glass,flat,1,0,standard,rocky,52.74662850537772,214924.92510036027
16566.99858006338,7,commercial,rural,basement,wood,flat,0,0,standard,rocky,62.819329982192286,1917382.076344492
18639.845976134195,14,commercial,suburban,crawl_space,wood,hip,0,0,premium,clay,38.51654858789642,5262721.437345537
20110.54823465814,2,residential,urban,crawl_space,steel,flat,0,1,standard,clay,20.0607312892516,3945693.7146349214
34925.62673114818,10,industrial,suburban,pile,concrete,mansard,1,1,premium,sandy,89.5666799902525,11340382.366737893
19733.626012882112,19,commercial,rural,slab,brick,gable,0,1,economy,rocky,13.884004571628438,2376053.6487639416
22710.33431981527,9,commercial,rural,crawl_space,brick,flat,0,0,luxury,sandy,30.380437398503556,8021340.185475095
12258.434478279209,16,industrial,urban,pile,concrete,mansard,0,0,premium,sandy,75.6567379325215,5543879.21805554
18975.963685652336,19,industrial,rural,pile,wood,gable,0,1,standard,clay,60.531153031200745,3529737.4902652698
11749.846549525999,18,commercial,suburban,crawl_space,glass,flat,0,0,premium,loamy,73.06455492028132,5593450.221001356
4123.19822653796,9,infrastructure,urban,crawl_space,brick,flat,0,0,standard,loamy,80.87666307897543,948486.4084266542
30370.705372378205,16,commercial,suburban,basement,concrete,flat,0,1,premium,clay,89.53928874693764,10516709.668328533
33576.5335284733,13,infrastructure,suburban,slab,steel,gable,0,0,luxury,sandy,30.45650154050853,20442699.477470335
31164.772127475917,10,infrastructure,suburban,basement,steel,flat,0,1,premium,sandy,47.43051602887971,11059384.91818598
23442.95516812833,14,infrastructure,rural,basement,wood,flat,0,0,economy,sandy,68.83101436291368,2100266.7761470904
19299.396118871875,12,industrial,suburban,pile,brick,mansard,0,0,luxury,sandy,79.47456638086145,9713579.194421588
43235.01565380535,19,commercial,rural,pile,glass,mansard,1,1,premium,rocky,57.78167638929489,16871446.83497724
26194.548364242793,7,commercial,suburban,slab,brick,mansard,0,1,economy,sandy,51.374817795665265,2546110.4137395634
24219.502942671683,15,residential,rural,basement,steel,mansard,0,1,economy,clay,69.17635455849872,3137935.9958438976
1769.2822574185666,16,industrial,rural,basement,brick,flat,1,0,premium,sandy,38.20289909337884,479008.40708731284
17391.76746749474,8,residential,rural,pile,steel,gable,1,1,luxury,sandy,89.37042961656017,7399095.4161413545
19319.683129899924,10,residential,suburban,pile,concrete,flat,1,0,premium,clay,21.22189355199283,5952404.740112848
20241.727654396575,4,infrastructure,suburban,crawl_space,concrete,hip,0,0,luxury,sandy,88.40042099878168,7885705.969958357
29218.532276752947,19,industrial,rural,basement,steel,gable,0,0,luxury,loamy,64.3616699773067,15443595.897503184
26913.326062980483,19,residential,suburban,slab,glass,hip,0,0,premium,clay,60.06584543313329,12507995.66844517
30591.30209327551,15,commercial,rural,basement,glass,flat,0,1,economy,rocky,46.99548634486855,3899308.7744236295
38361.72144633535,14,residential,suburban,pile,brick,gable,0,0,luxury,rocky,15.474604269403402,20145947.826980952
40742.79406644663,1,industrial,rural,crawl_space,steel,gable,0,1,standard,clay,86.49341403702817,4644248.475118835
36047.09227321147,16,commercial,rural,basement,wood,mansard,0,1,standard,rocky,5.25339583997082,5620097.320097444
47798.422949769265,10,commercial,urban,slab,glass,flat,0,1,economy,rocky,26.996566694766422,8449859.277404225
1402.5128424799007,19,commercial,suburban,pile,glass,hip,0,1,economy,rocky,10.970674697135841,288016.90277915256
10191.010291335531,3,infrastructure,suburban,crawl_space,concrete,gable,0,1,premium,clay,10.683531190114337,2416758.3719071103
874.362311418035,5,commercial,urban,basement,glass,gable,0,0,luxury,sandy,39.04227652024254,508271.24947956926
32549.998350652848,9,infrastructure,rural,slab,glass,mansard,0,1,premium,rocky,16.042569347865864,9082547.674832173
44952.512173024355,18,infrastructure,rural,pile,glass,gable,0,1,standard,loamy,58.138578605476276,11089754.855621392
12552.373680526814,11,residential,urban,slab,steel,mansard,1,1,standard,sandy,62.715893963977145,4079786.426506441
46388.20996741718,16,residential,urban,basement,steel,gable,0,0,luxury,sandy,88.20937274171212,36083083.0211519
3483.235819333262,2,commercial,rural,pile,concrete,gable,1,0,luxury,rocky,29.966792654001438,1006693.7643013516
46754.583326872955,12,industrial,suburban,basement,brick,flat,0,1,standard,rocky,30.91783834042856,9601757.06610443
17905.3230183619,6,commercial,urban,crawl_space,glass,gable,0,0,premium,sandy,24.636872482067453,6705745.276533053
5520.331008236218,11,residential,urban,basement,brick,mansard,0,1,luxury,rocky,78.18103319515653,3299844.1916569956
24550.65207972312,8,commercial,urban,crawl_space,steel,mansard,0,0,premium,clay,42.80600801865584,10289283.269729013
13210.440102165143,12,residential,urban,basement,glass,mansard,0,0,luxury,clay,55.24220133524926,10391051.46836434
14601.20864711518,2,commercial,urban,slab,brick,hip,0,1,economy,rocky,37.46175112738861,1492659.4517778684
15710.853263851186,9,industrial,urban,slab,brick,gable,0,0,premium,sandy,15.681292947329084,5831385.537495143
40249.781942716836,15,commercial,rural,pile,wood,flat,0,0,standard,rocky,10.252970882103929,6146449.00181155
27188.4831954251,2,industrial,rural,slab,steel,flat,0,0,economy,loamy,86.82734663233012,2150992.325847833
15909.73110822218,1,industrial,urban,slab,concrete,hip,0,1,premium,clay,26.548168165794962,4628571.676324686
30711.52227389046,10,commercial,rural,crawl_space,concrete,gable,0,0,luxury,sandy,94.16199155510569,12004562.824902609
35949.45837404808,2,industrial,suburban,slab,wood,mansard,1,0,standard,loamy,94.72934412799529,5014997.71963034
13994.888036309922,12,industrial,suburban,crawl_space,brick,hip,1,1,luxury,rocky,47.892155717295836,7170298.530975626
20970.6805255049,8,residential,urban,crawl_space,wood,hip,1,0,premium,clay,95.85882265352399,7271499.645512578
6533.361620178904,5,residential,suburban,crawl_space,wood,mansard,0,0,economy,loamy,2.8487216357079848,540608.6363047917
9466.892801966676,1,industrial,suburban,basement,steel,hip,1,1,premium,sandy,9.165057974541192,2292858.265024377
34215.33377126665,15,infrastructure,rural,crawl_space,glass,hip,1,1,standard,clay,24.330967994821286,8592772.625616228
9481.198210933533,6,commercial,rural,basement,brick,mansard,0,0,economy,rocky,20.919340164400325,781303.8090477102
26495.58749151948,12,industrial,rural,crawl_space,concrete,gable,0,1,standard,rocky,25.263784523982313,4362294.2770290645
35597.78995526042,8,commercial,rural,basement,concrete,flat,1,1,luxury,clay,45.22943304392768,14170718.95210302
5790.40769318982,13,residential,suburban,pile,wood,flat,1,0,economy,loamy,6.292135333088488,721200.7103948616
28581.954871630725,19,commercial,urban,pile,wood,mansard,0,1,premium,clay,55.53882836983482,12981262.782515189
13199.857793217507,1,industrial,rural,basement,wood,mansard,0,0,luxury,clay,30.94542250772635,3256717.8965239716
48164.8803242602,11,industrial,suburban,pile,brick,gable,1,0,luxury,clay,7.15475321450858,24125164.58087433
24435.509512636276,1,industrial,rural,slab,wood,hip,0,1,premium,loamy,75.32092689057404,3684100.5378688383
40396.63121387033,8,industrial,suburban,crawl_space,wood,gable,0,0,luxury,clay,65.34297692621307,16284285.30326319
27736.213836734958,5,infrastructure,rural,basement,glass,hip,1,1,standard,sandy,79.34300649663962,5016329.681560439
2648.920376313549,17,infrastructure,urban,pile,brick,hip,1,0,premium,rocky,93.92339583464484,1355195.012314374
31840.993091904107,8,infrastructure,rural,pile,steel,gable,1,0,luxury,loamy,58.57652438520823,12117970.890624696
47594.46543922952,10,industrial,urban,slab,steel,mansard,0,0,economy,sandy,78.67160023533691,7615785.071012001
30279.785097243395,2,infrastructure,rural,crawl_space,glass,mansard,0,0,premium,clay,19.918270837886396,6450776.353446454
41049.84854162612,9,commercial,rural,slab,concrete,gable,1,1,premium,sandy,41.036695577514045,11021205.221981999
44268.21993574619,3,industrial,rural,basement,steel,hip,0,1,luxury,loamy,53.007098749561365,14304376.536755444
11789.948711472158,18,residential,suburban,pile,brick,hip,1,1,premium,rocky,54.121380600405864,4787138.487445279
10996.219575457219,7,industrial,suburban,pile,concrete,hip,0,1,premium,loamy,71.83373134471783,3128179.8245771034
30743.55894812409,15,commercial,urban,pile,wood,hip,0,1,premium,clay,79.5941025682124,12222450.133982414
20845.909255431885,18,infrastructure,urban,slab,brick,gable,0,1,premium,clay,66.6852926794016,10046674.85615828
42073.13449190266,3,industrial,suburban,slab,concrete,flat,0,0,premium,rocky,4.724548934864958,9618489.310774004
45051.14460820155,14,infrastructure,urban,crawl_space,steel,mansard,0,1,premium,loamy,35.121676212139654,21349540.305077374
17994.358275484545,2,industrial,urban,basement,wood,mansard,0,0,standard,loamy,57.243902044763594,3026621.255830143
12225.092669236861,14,commercial,suburban,crawl_space,wood,flat,0,1,luxury,loamy,50.78694600571184,5541166.975837697
39136.01300457116,11,industrial,suburban,crawl_space,brick,hip,0,1,standard,sandy,4.479696751543216,8140217.287459999
14102.898759632737,16,infrastructure,suburban,pile,wood,flat,1,0,luxury,rocky,98.06365690528798,7135958.247331158
41219.40876642708,8,infrastructure,suburban,slab,concrete,flat,0,1,premium,loamy,95.61055272406507,10793806.000092562
21475.04355561376,7,commercial,rural,basement,glass,flat,0,1,luxury,rocky,77.37617925541625,8456313.827539494
33543.720014927785,11,industrial,suburban,crawl_space,steel,mansard,0,0,standard,sandy,5.535323962817529,7987769.433924471
5228.998034816075,3,residential,urban,basement,brick,mansard,0,1,luxury,loamy,43.02078355074595,2253734.825220377
31381.036571490364,17,industrial,rural,pile,glass,flat,0,0,premium,sandy,40.976955276883956,11720259.480518768
22862.50009749284,14,commercial,rural,crawl_space,glass,flat,0,1,premium,clay,55.802601712478065,7162533.647299884
29537.11892718597,6,residential,urban,slab,brick,flat,0,1,premium,clay,5.592845786580513,9608804.22763962
8816.70328337074,8,commercial,rural,crawl_space,concrete,hip,0,0,standard,clay,42.365664599837714,1230379.3701836735
36975.250374737014,5,industrial,urban,pile,steel,hip,0,0,economy,rocky,75.78393169976445,5150281.5022393335
43208.45533838981,8,residential,rural,crawl_space,brick,hip,1,0,premium,loamy,99.80079495674885,9363238.10559735
11228.620104493395,2,commercial,rural,pile,glass,mansard,1,0,premium,loamy,59.54432141469535,2537061.769675458
5237.870498248006,15,infrastructure,urban,crawl_space,glass,gable,0,0,luxury,sandy,94.06123112380061,4512466.492702636
1670.1100092936515,12,residential,urban,basement,brick,flat,0,1,economy,sandy,99.8538481186297,255628.18272599613
32277.589271941666,17,residential,urban,slab,glass,flat,1,1,luxury,clay,43.47819279166901,28432820.34479116
30551.154786394647,1,commercial,urban,pile,brick,gable,0,1,standard,rocky,66.86904314466967,4861255.821292579
27561.521929346465,15,infrastructure,suburban,basement,brick,flat,0,1,economy,rocky,21.321512159947144,3880823.6100761644
11981.381257740783,14,residential,suburban,pile,steel,hip,0,1,premium,sandy,47.56464437616338,4398249.652883216
19849.846797322974,16,commercial,urban,crawl_space,brick,hip,1,1,economy,sandy,7.84115430036898,3884509.4663352463
29926.578591715566,9,residential,suburban,pile,glass,gable,1,1,premium,loamy,2.9149778506417534,11394865.649930485
25089.959513528884,1,residential,urban,pile,wood,hip,0,1,standard,loamy,89.29193350046786,3776645.722099829
49395.38325063692,17,residential,urban,slab,steel,gable,0,0,luxury,sandy,85.84003316245739,40651527.48960534
7253.76775155829,13,infrastructure,rural,basement,glass,hip,1,0,standard,loamy,31.20646582577774,1624194.3938539298
34909.65542535589,5,industrial,urban,crawl_space,glass,flat,0,1,standard,sandy,45.695304371006685,9279084.780728862
20513.77902116246,10,industrial,urban,slab,steel,mansard,0,0,premium,rocky,49.36103041322142,9025509.681562284
21695.88093881793,6,infrastructure,urban,pile,steel,hip,0,0,luxury,clay,52.07011232068153,12798163.073140917
36021.08940007973,19,infrastructure,urban,slab,glass,gable,1,1,standard,sandy,13.457100450481418,14108633.898323156
34775.5894905563,13,commercial,rural,pile,wood,mansard,0,1,economy,sandy,77.50587617007498,3072701.3198602023
49567.17168825832,1,residential,urban,crawl_space,concrete,flat,1,1,standard,loamy,34.781569255523735,10225504.799166005
6855.517327979199,15,infrastructure,rural,pile,glass,mansard,0,0,premium,sandy,3.169518122994275,2431582.551871268
5653.427644516234,14,commercial,urban,slab,steel,gable,0,1,economy,rocky,67.6561522669848,1040597.3275627196
36354.771447872685,8,industrial,rural,slab,brick,flat,0,1,economy,clay,82.98774961002545,2888305.736782449
29130.15239181725,10,industrial,suburban,pile,brick,flat,1,1,luxury,loamy,91.81267867068485,13222673.243083574
14070.952994710391,9,industrial,rural,basement,steel,hip,0,0,economy,rocky,67.44053206371196,1538398.4200141388
4431.258764954837,17,industrial,rural,slab,steel,mansard,0,1,economy,clay,19.127901710584027,602850.2002574313
4740.083355023312,9,commercial,urban,basement,concrete,hip,0,0,premium,loamy,58.978053144005315,1897390.9010682676
44762.44829587385,3,residential,rural,basement,steel,flat,0,1,luxury,rocky,91.17619831612093,14409015.71180998
9997.432573577773,11,commercial,rural,basement,brick,hip,1,1,standard,sandy,35.056009763316176,1804155.1985074747
16506.892324718276,12,residential,urban,basement,wood,hip,0,1,economy,loamy,95.33507217739411,2209690.1342198323
11719.491910235907,10,industrial,suburban,slab,steel,gable,0,1,standard,sandy,9.767907172478928,2520675.297449438
18072.317138680897,17,infrastructure,suburban,slab,concrete,hip,0,1,standard,loamy,72.8052743905545,4350893.331743063
3936.480215931622,17,infrastructure,suburban,basement,wood,flat,0,0,standard,clay,11.991117249706695,890313.799896642
26193.459649959383,11,infrastructure,rural,slab,concrete,hip,1,0,luxury,loamy,79.88753029051557,10588939.824645106
3846.821897814638,4,residential,urban,basement,wood,flat,0,0,standard,loamy,9.765566384577163,661995.0785245751
40117.6471372069,7,industrial,suburban,basement,steel,flat,0,1,premium,rocky,32.572504006487776,12497587.034417171
12068.748054566435,14,commercial,suburban,basement,brick,gable,0,1,luxury,loamy,77.68617142138045,6756709.1019034
27230.589772923275,7,infrastructure,suburban,pile,wood,flat,0,1,luxury,clay,46.01932707743471,10815333.059944302
44063.91483429218,8,residential,suburban,crawl_space,glass,flat,0,1,luxury,rocky,88.2686471014386,23387345.69565522
32718.42976783611,1,infrastructure,urban,slab,concrete,gable,0,0,luxury,sandy,40.17378620574258,15308475.968016116
26881.410434291098,4,commercial,suburban,slab,wood,flat,1,0,economy,loamy,99.49581202885508,2673186.0477511315
16554.520779211092,12,industrial,rural,basement,concrete,gable,0,0,economy,clay,1.8674793060319828,1820799.549956541
16983.5946963808,3,commercial,rural,pile,brick,mansard,0,1,standard,clay,69.60622060842876,2073386.7805766328
33639.604282310414,13,industrial,urban,pile,concrete,mansard,0,1,economy,loamy,91.5887627858678,5620939.8785785595
49709.89838044779,6,industrial,suburban,slab,concrete,mansard,0,1,luxury,loamy,53.59864730125186,20876759.961947553
33261.03989754424,11,industrial,suburban,basement,glass,flat,0,0,standard,sandy,98.85092387276465,8201219.512204906
28110.279159816233,4,infrastructure,rural,slab,concrete,hip,0,0,premium,sandy,70.80245012709369,5678861.922980241
36667.20025684268,16,commercial,urban,basement,wood,gable,0,1,economy,sandy,42.952629419008005,5914465.766630157
23527.67780804405,7,infrastructure,rural,basement,concrete,mansard,0,0,luxury,sandy,51.53773777696403,7830794.430915312
3477.045958738868,11,commercial,urban,crawl_space,steel,gable,1,0,standard,sandy,87.74695616560145,1089047.4997994641
28333.692385956536,1,residential,urban,basement,concrete,mansard,0,0,economy,sandy,95.75834982741539,3120314.4440527293
47902.45158301632,7,residential,urban,crawl_space,steel,mansard,1,1,luxury,rocky,55.58862723971549,32455305.97635153
9177.495646704152,12,commercial,rural,slab,concrete,flat,0,0,standard,rocky,30.71502455864058,1585618.8799193683
34655.242095622954,7,commercial,urban,slab,concrete,gable,0,0,economy,clay,23.93251016011503,4534914.340436127
10446.217588623296,7,commercial,rural,pile,wood,flat,0,1,premium,rocky,47.704820970047216,2104182.8446820546
27023.470381417523,10,commercial,rural,crawl_space,steel,gable,0,0,economy,loamy,29.6338566654224,2920893.8679438126
5285.484257512621,16,industrial,suburban,slab,steel,gable,0,0,luxury,loamy,42.08367237262735,3447522.3328046384
22793.361344780165,8,infrastructure,rural,crawl_space,glass,hip,0,1,luxury,loamy,83.44668050654933,10486517.668575408
37930.08478031468,9,industrial,rural,slab,concrete,mansard,0,1,premium,clay,47.198758587956306,9157601.556054205
17704.790449829612,9,infrastructure,suburban,crawl_space,concrete,flat,0,0,premium,rocky,64.08788900561512,5175211.214694596
33413.13036211729,2,infrastructure,suburban,crawl_space,wood,hip,0,0,standard,loamy,9.010683857274504,3845191.5462009357
39874.773059091596,13,infrastructure,suburban,basement,glass,gable,0,0,standard,rocky,76.21272297016031,11117762.21202599
46395.30206423291,13,industrial,urban,slab,glass,mansard,0,1,luxury,loamy,48.29042426229151,35999753.222641006
12114.78305184495,4,commercial,urban,pile,wood,flat,0,1,economy,sandy,36.09425379696943,1239773.6693900898
20266.137832560755,12,industrial,suburban,basement,steel,hip,1,0,premium,rocky,61.098942842723424,7900945.918699337
8044.5926598556625,17,industrial,urban,pile,brick,gable,1,0,standard,rocky,10.19857925740556,2561855.3886363623
49627.933356839574,2,infrastructure,suburban,crawl_space,wood,hip,0,0,luxury,loamy,41.399865242716096,14227092.251451628
46386.547912252616,13,residential,urban,basement,steel,gable,0,0,luxury,rocky,81.09724310191434,34275645.01308721
27227.8779488877,18,residential,rural,crawl_space,glass,gable,0,0,luxury,sandy,26.206405264119205,17387323.456413116
42180.64807163285,15,industrial,urban,slab,wood,mansard,1,1,premium,loamy,91.4096136095232,17639880.829477154
26287.419874966086,8,infrastructure,urban,slab,brick,flat,1,1,premium,sandy,60.364359944989864,9469668.531289957
31367.491556136607,15,industrial,rural,pile,concrete,mansard,0,0,premium,loamy,54.07836507796232,9486347.268896127
4911.659389742823,1,industrial,suburban,slab,wood,flat,1,1,economy,rocky,39.957100071497884,429921.7920971943
37885.885814591995,10,commercial,urban,pile,brick,flat,0,0,premium,loamy,74.19994448088949,13829674.398002828
6821.817439944124,12,infrastructure,urban,crawl_space,brick,gable,1,0,luxury,clay,56.44676605002016,4248536.812265835
41390.347697500154,5,residential,rural,basement,wood,hip,0,1,premium,loamy,79.65422761796547,7427928.353463999
39210.390339684105,9,residential,rural,slab,steel,flat,0,0,economy,rocky,33.16789182047333,4095705.194728048
35582.86253827733,8,residential,rural,crawl_space,wood,flat,1,1,economy,sandy,70.20144195069385,3083478.568740342
2289.938835975725,16,industrial,rural,basement,glass,flat,0,1,luxury,sandy,94.34426731373682,1294198.7246264308
15504.853619293766,14,infrastructure,suburban,crawl_space,brick,flat,1,1,standard,clay,27.991879727057057,3370529.0727159474
13524.072210586723,13,commercial,urban,pile,brick,gable,0,1,premium,loamy,98.10016763629878,6051432.64981416
18326.752169840194,13,residential,urban,crawl_space,concrete,mansard,0,0,premium,loamy,41.05272535347196,7689461.069432975
4838.315964810008,5,infrastructure,urban,pile,brick,hip,1,1,economy,sandy,3.8532347702260217,709191.6540296212
46879.41224003761,16,residential,urban,pile,concrete,gable,0,0,economy,sandy,35.77011923304164,9174995.68727999
27913.210915262625,11,commercial,suburban,slab,brick,gable,0,1,standard,rocky,14.964232064247229,5619005.535344505
15623.453377572165,5,infrastructure,urban,pile,brick,gable,0,1,economy,clay,30.428537429200297,1933815.6041090565
20150.58509517703,13,industrial,suburban,pile,wood,flat,1,1,economy,sandy,9.596961734041576,2454314.512242999
22636.525754989365,11,industrial,suburban,crawl_space,wood,hip,1,1,economy,loamy,17.82036055066366,3007213.4484684574
30229.419501350556,19,residential,rural,pile,glass,gable,0,1,economy,sandy,12.66989542427891,4377086.704174478
26026.13167097664,3,residential,rural,pile,steel,gable,0,1,standard,rocky,4.3476291954457125,3583372.1675078315
46009.90267411366,15,infrastructure,urban,crawl_space,glass,gable,0,1,premium,loamy,29.618637278553106,23952106.762135565
25099.6924038386,7,commercial,suburban,basement,brick,flat,0,0,premium,rocky,94.0960024584657,6279297.130539178
49611.821733753975,7,residential,rural,slab,glass,flat,1,1,premium,rocky,94.93932714560272,13766923.927096084
42645.53540838224,6,infrastructure,suburban,crawl_space,wood,gable,0,1,premium,rocky,84.66464964769669,9457535.599358587
10821.270460688122,3,commercial,rural,pile,brick,flat,0,1,premium,clay,1.2140522462232295,2056809.0255970731
46564.46312487385,13,residential,suburban,crawl_space,brick,hip,0,1,luxury,loamy,2.8123469417916214,25179345.237095036
6260.136695331066,7,residential,urban,basement,glass,flat,1,0,luxury,loamy,1.0357431370821346,4617463.164196026
40963.760570313985,5,infrastructure,urban,crawl_space,concrete,gable,0,0,economy,rocky,36.66400855061443,5481232.326518229
19340.853027090714,18,residential,suburban,crawl_space,steel,hip,1,1,luxury,clay,98.02579614871209,12844877.757067196
43959.72886203094,8,industrial,rural,crawl_space,glass,flat,0,0,premium,sandy,89.68378148581182,11886268.474529028
43468.80616031879,17,commercial,rural,crawl_space,glass,gable,1,1,economy,loamy,25.053506011418403,7212465.57896054
40393.30730582224,1,commercial,urban,pile,steel,mansard,0,1,premium,sandy,41.01948658589259,11239985.209989857
39606.506597199535,14,industrial,urban,crawl_space,brick,mansard,0,0,premium,loamy,82.44283640865267,17960911.454186514
15581.617385353018,17,infrastructure,urban,basement,brick,hip,0,1,economy,rocky,75.85835118711071,2974942.000198016
4505.504511036983,10,industrial,rural,crawl_space,concrete,hip,0,1,premium,loamy,13.261803673492823,1146483.5293794118
20447.518848875494,12,industrial,rural,crawl_space,glass,hip,0,0,luxury,rocky,10.777687452967665,10455032.946801994
9089.463491832179,16,commercial,urban,pile,steel,flat,1,1,economy,loamy,54.37205284128771,2153395.897933945
34900.078900671855,14,infrastructure,suburban,pile,glass,hip,0,0,standard,rocky,10.21118184798706,8738107.04326323
17631.936463620383,16,residential,rural,crawl_space,wood,flat,1,1,standard,sandy,82.50186725207193,3086157.594840378
48792.70494256579,8,industrial,urban,pile,glass,gable,0,0,standard,sandy,25.332658971077993,13915826.507447917
32228.117828593935,10,industrial,suburban,pile,glass,flat,0,1,premium,sandy,18.832975859226476,11778088.448007878
41212.78789990087,17,infrastructure,rural,crawl_space,wood,flat,1,0,premium,loamy,18.567148673432264,12096748.495214066
7059.971300721497,18,industrial,suburban,pile,wood,gable,1,1,premium,clay,4.523152530115693,2287296.03761294
43169.71687249481,16,infrastructure,suburban,slab,steel,mansard,0,1,premium,sandy,64.1834819650891,18393546.438248914
46176.48093041302,17,residential,rural,slab,brick,flat,0,0,economy,loamy,16.449602803882023,5360387.657082852
24609.564981537325,16,infrastructure,urban,slab,concrete,flat,1,1,standard,rocky,23.33379777272544,8088756.73818575
30509.520418673383,19,residential,suburban,pile,wood,gable,1,1,luxury,clay,75.13060364953662,16656429.15340763
38358.08514469828,8,infrastructure,urban,slab,brick,hip,1,1,economy,clay,5.748125541272353,6108921.8038974255
9154.512049390421,6,industrial,rural,basement,steel,gable,1,1,standard,clay,20.274511267187467,1549326.2208387665
25377.0207849404,6,residential,suburban,slab,glass,mansard,0,1,standard,sandy,14.934852030493529,4907016.530577197
20233.8198747295,9,industrial,suburban,basement,steel,hip,1,1,economy,sandy,0.4849013209555886,3004266.722514256
7745.512612031331,4,residential,suburban,pile,steel,mansard,0,0,economy,sandy,53.934214851072014,778502.4890245167
18692.953903430807,12,infrastructure,suburban,slab,wood,flat,0,1,economy,sandy,19.00339988934633,2157594.118062754
3874.5293145819314,12,infrastructure,suburban,basement,concrete,mansard,0,1,luxury,rocky,63.29065037857015,2053326.504333537
1777.6893939996057,17,infrastructure,rural,pile,wood,mansard,0,1,standard,loamy,50.17795644637212,311885.98809454765
7190.731313163727,15,commercial,suburban,slab,glass,gable,0,0,luxury,clay,66.78780527498746,4501602.619620204
48174.1980236641,9,commercial,rural,crawl_space,wood,hip,0,0,luxury,loamy,98.15643392927397,14589179.619887695
27701.71202680334,7,residential,urban,slab,glass,flat,0,1,luxury,clay,21.98740506291029,19753688.717654627
48308.196977084386,10,commercial,rural,slab,wood,flat,0,0,luxury,clay,66.58771449260408,15817741.663462996
21908.644977341533,16,infrastructure,suburban,slab,concrete,flat,0,0,luxury,clay,83.36108723679096,13558745.009196702
15934.898587720349,12,commercial,urban,crawl_space,brick,hip,0,0,economy,clay,95.73862278800831,2371159.9581127567
25554.022210592084,7,commercial,rural,basement,concrete,hip,0,1,luxury,rocky,62.2334335981641,9313992.027299484
22255.82858732905,18,industrial,rural,basement,wood,mansard,1,1,premium,rocky,13.083402100775455,5854463.824809914
5730.401870956323,15,residential,rural,crawl_space,steel,mansard,0,1,economy,clay,5.3847905909911065,724222.0627429768
32220.90257716521,6,residential,suburban,slab,brick,hip,0,0,standard,clay,27.85131389244698,5596510.881688478
11193.89003422518,12,residential,suburban,slab,steel,flat,1,0,standard,sandy,92.81573024118414,2557883.8732967274
31169.603767442564,11,commercial,rural,slab,concrete,hip,0,1,economy,clay,53.69318292838107,3068054.633400142
32684.95407370859,3,infrastructure,rural,basement,brick,gable,0,1,luxury,loamy,57.930553863485834,9231519.295648437
8025.230229868082,2,industrial,urban,basement,wood,hip,0,0,economy,rocky,61.06025284665797,826136.6368426145
3536.8065419780737,6,residential,suburban,crawl_space,steel,hip,1,1,standard,loamy,33.22152502068826,700082.3130124315
39147.698510387774,5,commercial,suburban,pile,wood,flat,1,0,standard,sandy,18.159088616585628,6378606.7062864
23260.120976581347,18,infrastructure,urban,crawl_space,glass,mansard,0,1,economy,rocky,95.42416931627162,5782002.5999964895
3379.1078775210517,16,industrial,rural,basement,brick,gable,1,0,premium,sandy,75.5385073022808,951423.9095558184
49745.88269990347,8,industrial,rural,slab,steel,gable,1,1,premium,sandy,51.10501222789423,12771065.66983017
3360.1377693201484,11,residential,urban,slab,concrete,gable,0,1,premium,loamy,37.670516964212986,1312195.9364878135
34904.24382849838,10,residential,rural,slab,concrete,hip,0,0,standard,clay,48.27722757435421,5687416.811690923
49192.106800538975,12,infrastructure,rural,slab,concrete,flat,1,1,premium,rocky,3.366519650108246,13695728.06950624
12339.415158688318,6,commercial,urban,pile,concrete,hip,0,0,premium,rocky,24.74935070651185,3973678.9930758686
7541.343750016211,5,infrastructure,urban,crawl_space,steel,mansard,0,0,economy,clay,25.07060057811913,1098016.183587141
6508.55450141023,9,residential,urban,crawl_space,glass,flat,0,0,luxury,loamy,44.53473400234008,4728298.928329729
15512.119804595979,16,infrastructure,rural,basement,concrete,gable,0,1,luxury,sandy,23.626920956402575,6828048.636424628
5501.767645027011,14,commercial,urban,crawl_space,concrete,hip,0,0,economy,loamy,18.5457158084137,1059291.7057414164
34761.98641385953,8,industrial,rural,pile,concrete,flat,0,1,luxury,sandy,76.55277574406779,13286582.262231464
3583.444007438103,19,industrial,suburban,pile,glass,hip,0,1,premium,rocky,89.35054154888181,1579840.6594165773
25716.39534341459,14,industrial,suburban,pile,brick,flat,1,1,standard,clay,6.713995954482033,6320554.226875297
49836.49426572235,7,industrial,urban,slab,concrete,gable,0,0,premium,clay,20.96538170269836,18861662.231602862
40791.52834054793,5,residential,rural,basement,concrete,mansard,0,0,economy,rocky,77.36868055394895,3034135.5490345466
30953.362192435037,18,residential,rural,pile,concrete,mansard,1,0,luxury,sandy,81.58347896358184,15083877.39899246
15659.554228937277,2,commercial,rural,crawl_space,brick,hip,1,0,economy,loamy,50.01601020831311,1318575.107885906
31382.843896436105,11,commercial,urban,crawl_space,concrete,gable,0,1,economy,sandy,69.48828070719497,5495908.984199217
26588.552463626755,8,commercial,rural,crawl_space,brick,hip,0,1,premium,clay,7.7600306989947025,6051025.708494287
21591.12750257339,1,commercial,rural,pile,brick,hip,0,0,luxury,loamy,84.9528729488185,5318047.416836653
6970.163648639874,12,infrastructure,rural,pile,wood,flat,1,1,standard,loamy,83.27287564189079,1028183.6131717161
44386.9086544031,2,commercial,suburban,crawl_space,wood,flat,0,0,premium,sandy,69.34020470667066,8338925.712264845
22764.340116655465,18,industrial,rural,pile,concrete,flat,0,0,economy,sandy,91.6326973510295,2628168.8728900435
10133.81433512787,7,industrial,suburban,crawl_space,steel,gable,1,1,economy,sandy,4.763426344881849,1319021.5021369974
18704.087868425835,17,industrial,rural,slab,wood,gable,0,1,luxury,loamy,23.096350452780744,7938381.840054505
20999.42275018189,14,infrastructure,rural,pile,wood,hip,1,1,economy,rocky,36.25453610565342,2313680.1720241318
41463.125830560275,7,commercial,rural,slab,steel,flat,0,1,economy,loamy,15.858887408262202,3897593.428073959
36813.911837789405,3,industrial,suburban,slab,glass,gable,0,0,premium,clay,81.48276613494787,10802866.28527018
38580.59223524632,6,industrial,rural,pile,concrete,hip,0,1,luxury,rocky,75.7193223017735,12323272.974136896
1046.047589218037,2,industrial,urban,crawl_space,glass,gable,0,1,premium,rocky,77.32524344643046,352790.4631863545
21099.622909898193,17,industrial,rural,basement,glass,hip,1,1,standard,sandy,29.12934727081582,5321833.546055201
24326.53550594852,12,residential,suburban,slab,brick,mansard,1,1,economy,loamy,76.26863090688794,3281894.103406799
1450.017702741306,12,commercial,suburban,pile,brick,flat,1,0,premium,clay,12.30573942635348,484193.378626257
13360.753832879194,17,commercial,urban,slab,concrete,mansard,0,1,premium,loamy,10.680048481274573,6961735.478081938
38134.34624454568,10,infrastructure,urban,crawl_space,steel,hip,0,0,luxury,sandy,58.40573668489269,26616833.588642076
7286.930433585453,3,residential,urban,pile,brick,hip,0,1,economy,loamy,4.866865876179983,882672.5343668371
26997.851506903287,18,infrastructure,suburban,basement,wood,flat,0,1,premium,clay,93.86505936074705,8352454.558954248
11152.492664853256,13,industrial,rural,pile,concrete,flat,0,0,economy,sandy,32.88464055370072,1126478.631223991
1099.9783448727171,12,infrastructure,rural,slab,glass,hip,1,1,standard,loamy,47.70326069818845,239142.76597293085
12439.472151177304,17,industrial,urban,pile,concrete,gable,0,0,economy,clay,81.32292361732834,2592452.3093758365
48805.75086804766,4,industrial,urban,pile,brick,flat,0,0,economy,clay,40.00528644410315,5858631.0455813585
40176.08703820799,10,commercial,rural,slab,steel,hip,1,1,premium,sandy,43.06453287188552,11202339.766716227
47999.043893891154,11,commercial,urban,basement,glass,flat,0,0,luxury,sandy,34.794397019765796,38031856.339233115
24648.77517435494,6,commercial,rural,crawl_space,steel,flat,0,0,luxury,rocky,35.17234430609732,8519117.206328938
5931.941834536424,6,commercial,rural,pile,concrete,mansard,0,1,luxury,rocky,46.795531383501896,2044847.2239742805
27623.9947041978,9,commercial,rural,basement,steel,mansard,1,1,standard,clay,94.59285523714578,4705889.165086565
22991.678060718063,15,residential,rural,crawl_space,steel,gable,0,1,standard,sandy,93.6018120588765,4725302.369445209
42295.67559561099,2,commercial,suburban,slab,concrete,flat,0,1,premium,sandy,54.51616613088994,9647241.840484839
5355.087748820107,4,infrastructure,rural,basement,glass,hip,1,1,luxury,loamy,45.595979799504875,2024798.932135178
24667.93628257802,5,industrial,urban,basement,steel,hip,1,1,standard,loamy,80.8161152568603,6521196.336009406
7927.408902352221,17,commercial,urban,pile,steel,flat,1,1,luxury,loamy,68.09291569366148,6557150.9010104565
16571.458381057968,8,residential,urban,slab,concrete,flat,0,0,luxury,loamy,88.15634021211409,9240699.024441363
36999.17533069608,8,infrastructure,urban,pile,wood,gable,1,1,standard,rocky,73.06118412886762,8171656.369932916
24062.897403753945,12,infrastructure,suburban,slab,steel,gable,0,0,luxury,loamy,95.23443218306524,14653062.444908492
19106.470114715583,8,industrial,rural,crawl_space,brick,gable,0,0,economy,sandy,88.6245740636963,1604514.5381496137
20026.57578921675,19,infrastructure,rural,pile,glass,hip,0,1,premium,clay,85.52491781696736,8123836.765725122
23242.61503609634,3,infrastructure,urban,slab,steel,mansard,1,1,standard,clay,39.15481298170101,5486470.122520369
39358.31891993432,18,infrastructure,urban,slab,concrete,gable,0,0,standard,clay,38.62123366889145,13496701.310735226
44658.1921025416,19,infrastructure,urban,basement,brick,hip,0,0,luxury,rocky,74.12028398422075,37754914.480533324
47789.06698194445,19,residential,rural,pile,concrete,gable,0,0,standard,clay,8.374900624777837,10028326.117271401
39451.71761963711,15,industrial,suburban,pile,steel,hip,0,0,economy,rocky,32.22144546310911,6303503.698294939
16112.64133952663,6,commercial,suburban,crawl_space,brick,flat,0,0,luxury,rocky,93.22238378405713,6507632.073884143
34562.66795128384,16,infrastructure,suburban,slab,glass,hip,0,1,economy,clay,45.010122579875386,6327274.717283677
22161.3546407419,8,residential,suburban,basement,glass,flat,1,0,premium,rocky,26.989824917413884,7523455.685529275
13106.195791279533,16,industrial,urban,slab,glass,hip,0,0,premium,loamy,47.64522018173426,7787724.87301899
42123.14318158317,18,commercial,rural,slab,wood,mansard,1,1,economy,loamy,28.858961076483368,5301883.592677042
2402.1042736350873,16,industrial,urban,slab,concrete,hip,0,1,luxury,loamy,76.82608921254041,1862734.044946891
45137.218610703465,11,residential,suburban,pile,steel,flat,0,0,premium,rocky,85.06050869143863,14407448.984382885
23343.13449892434,7,residential,urban,slab,brick,mansard,0,1,luxury,loamy,78.2658247295111,13174686.95189459
32041.47310200988,17,residential,suburban,crawl_space,concrete,hip,1,0,luxury,clay,14.904705675597151,18688536.982932746
33138.01914918624,17,infrastructure,rural,basement,steel,hip,0,1,premium,clay,33.605716566233646,11792226.742509156
44808.32816497355,12,residential,suburban,basement,wood,gable,0,0,premium,rocky,21.397101999311452,11660414.8756398
32015.149267276764,13,commercial,urban,slab,steel,mansard,0,1,economy,rocky,4.279911880658494,6353875.820479365
30889.712445623056,10,infrastructure,rural,basement,concrete,flat,1,1,luxury,loamy,73.91754246755987,12220984.820010817
3799.276007754153,7,industrial,suburban,slab,steel,mansard,0,1,economy,sandy,42.83595814229035,475091.0574673876
26161.1970862876,14,commercial,suburban,pile,brick,flat,0,0,standard,clay,27.662308864798078,5623044.271240767
7933.365540443562,1,infrastructure,rural,basement,wood,gable,1,1,standard,sandy,30.75275081915886,885386.4697726674
37002.971551713534,17,residential,urban,pile,brick,gable,1,0,standard,loamy,13.501646371076959,11006485.283704083
25854.985080227387,4,industrial,rural,pile,wood,flat,0,0,standard,rocky,82.676063342291,2972977.3420932475
34171.27507081349,5,residential,urban,crawl_space,wood,flat,0,0,premium,loamy,14.392448583868934,8830925.825208666
2562.8085798180214,7,commercial,suburban,crawl_space,steel,flat,0,1,premium,sandy,33.83162873975524,825971.1108258329
4697.20479426726,10,commercial,suburban,basement,brick,gable,1,0,economy,loamy,0.7387934337443669,621903.920127266
35958.00770910277,17,infrastructure,rural,slab,wood,mansard,0,1,premium,rocky,43.64115302480649,8962981.065460915
4068.1746319343315,7,commercial,suburban,slab,wood,gable,1,0,premium,sandy,35.480056976288886,1028045.4777528679
4027.2080243803007,1,industrial,rural,slab,steel,hip,1,1,premium,loamy,71.91020069698538,821136.421596746
1099.3695241269288,7,infrastructure,suburban,slab,concrete,gable,1,0,standard,rocky,71.53136317474959,204537.29995453436
47846.81921582427,11,industrial,suburban,crawl_space,concrete,hip,1,0,economy,loamy,3.8631231946042788,6223719.8525356725
37006.66379322085,9,residential,urban,slab,glass,hip,0,0,luxury,loamy,11.586392148790136,29019405.992010962
17985.944720852174,12,industrial,rural,slab,glass,gable,0,1,luxury,rocky,90.46260066345376,9083125.865160052
15178.511273738934,3,industrial,rural,pile,wood,gable,0,0,luxury,rocky,79.17983307836263,3755940.40225396
17810.30987241955,4,commercial,suburban,slab,concrete,gable,0,1,standard,loamy,38.948489223567485,2831634.8818409736
38845.3497934685,4,residential,urban,slab,wood,mansard,0,0,premium,clay,16.637448374317632,9912279.68393739
33237.84524798551,13,commercial,urban,crawl_space,brick,gable,0,1,premium,loamy,26.078128682551636,13274328.670626264
9667.180609439663,19,residential,rural,basement,concrete,flat,1,0,luxury,rocky,65.8026683488274,4733115.647975586
9118.412099037176,10,residential,rural,pile,concrete,gable,1,0,luxury,clay,94.54929861714221,3894657.3954245364
5370.584660813167,5,industrial,suburban,pile,concrete,hip,0,1,economy,rocky,61.57380830413778,519537.0815135172
33184.98462521624,7,commercial,rural,basement,glass,mansard,0,0,standard,loamy,2.6445601848432365,5822810.6784463925
38336.44677997593,16,industrial,suburban,pile,steel,mansard,0,0,premium,sandy,65.07181271207004,14860402.192491438
13619.798202087699,1,industrial,urban,slab,steel,hip,1,0,luxury,rocky,94.47516429014483,6321550.167305459
1536.7755710301842,12,industrial,rural,slab,glass,mansard,0,1,luxury,rocky,35.86410121533456,718973.8703152214
4567.497540083154,2,residential,urban,basement,glass,mansard,1,0,economy,sandy,93.35556789849163,712113.4417355153
48409.07172482901,7,commercial,urban,crawl_space,glass,flat,1,0,premium,rocky,67.06198252166966,19877799.27337489
15124.516485132302,11,commercial,suburban,crawl_space,steel,flat,1,1,premium,rocky,18.983548263780413,5092823.2136835
38576.545817987615,13,industrial,urban,pile,wood,mansard,1,0,economy,rocky,14.530558710602415,5854237.231949578
31420.846658286056,2,residential,suburban,crawl_space,glass,gable,1,1,economy,sandy,17.62995986912994,3698220.439734119
19406.012162818348,7,commercial,suburban,crawl_space,wood,mansard,1,1,premium,loamy,69.92245745308409,5172229.168896053
10681.519478679978,15,infrastructure,urban,crawl_space,wood,flat,0,1,economy,rocky,58.9521286289382,1810996.1009211233
6508.627698890618,11,commercial,urban,crawl_space,brick,mansard,0,0,luxury,clay,45.55435709965126,3802686.979910565
30943.1419179239,2,industrial,suburban,crawl_space,steel,gable,1,1,premium,loamy,26.335472838207906,7324037.496600649
38844.37214157051,7,infrastructure,suburban,crawl_space,wood,gable,0,0,standard,loamy,90.72312079911318,6126637.256497496
32373.26055028597,4,residential,urban,crawl_space,steel,flat,0,0,premium,clay,21.374349523294732,10782730.036334062
26749.955595833337,11,infrastructure,suburban,pile,steel,mansard,1,1,economy,clay,28.360621785598916,4318569.438517475
2576.585559865995,2,infrastructure,suburban,slab,brick,flat,1,0,standard,clay,5.491814665356253,371531.0967972012
48440.194490922,16,industrial,rural,crawl_space,steel,hip,0,0,luxury,sandy,27.53253038807486,24919777.33029006
40036.35248690144,7,commercial,rural,slab,wood,flat,0,1,luxury,rocky,92.28976767154042,11089590.453934351
14994.690816697754,13,residential,rural,basement,concrete,flat,0,0,luxury,loamy,18.760402325549986,6852204.868221835
49008.53130326311,5,infrastructure,rural,slab,wood,flat,0,0,economy,clay,20.39628746177152,3209065.1567664053
30293.138686997943,17,industrial,rural,basement,wood,mansard,1,0,premium,rocky,59.99773964567909,8021929.340897245
29329.9215812587,12,commercial,suburban,pile,steel,hip,0,0,economy,rocky,56.69534905274362,4157560.254381125
37529.62238176184,19,infrastructure,suburban,slab,wood,mansard,1,0,premium,sandy,17.595855363076552,12904355.650641851
40682.60451046181,7,industrial,rural,basement,concrete,gable,0,0,economy,loamy,15.426486892930136,3289690.193158001
32995.691062909376,6,industrial,urban,slab,steel,hip,0,0,luxury,rocky,11.697696336797915,18242571.84937968
6840.739445126901,8,industrial,rural,pile,glass,flat,1,1,economy,clay,86.10854815122846,897092.3514381101
17244.24154672767,13,residential,urban,slab,wood,flat,0,0,premium,clay,65.44352210038682,6263258.644492746
46440.14019613946,5,commercial,suburban,basement,wood,flat,0,1,luxury,sandy,95.34456718542332,15617556.078616982
11618.47278627067,2,infrastructure,urban,crawl_space,brick,mansard,1,1,luxury,clay,16.583351950509208,5613680.4864102965
18922.26767995691,9,commercial,suburban,crawl_space,glass,gable,1,0,standard,clay,46.06036258817001,4825741.0208892245
21887.8057057377,11,commercial,urban,crawl_space,glass,hip,0,0,premium,sandy,74.30463946520506,10974155.693355452
22250.546989875384,6,infrastructure,suburban,pile,concrete,hip,0,1,standard,sandy,21.354832124490052,3900707.3557235687
30840.509333479014,7,commercial,suburban,crawl_space,glass,mansard,0,0,standard,clay,68.46767432626496,6814558.9394304035
47182.253968363024,7,residential,rural,pile,brick,gable,1,1,standard,loamy,47.380335675946505,6713707.955846746
12414.289235708995,19,infrastructure,suburban,crawl_space,concrete,hip,1,0,luxury,loamy,43.08288016649746,8315855.923944581
6514.318126895444,6,infrastructure,rural,pile,glass,mansard,0,0,standard,sandy,64.4997644539515,978485.5024230904
10274.789248066898,11,industrial,rural,pile,concrete,gable,0,0,premium,loamy,46.769445505269225,2425723.851547733
44402.78256035884,11,commercial,rural,slab,glass,gable,1,0,premium,loamy,82.0012999202182,13395465.081135716
32467.635226432696,7,infrastructure,urban,crawl_space,glass,hip,0,0,standard,loamy,93.05213674672147,9196501.100752246
14652.386067338426,2,infrastructure,urban,slab,glass,hip,1,0,standard,sandy,58.88587314439917,3675284.121415191
40889.37347894655,19,residential,suburban,basement,wood,gable,1,0,standard,loamy,30.059450110194064,9993046.28938861
43137.81481999008,4,industrial,rural,crawl_space,glass,hip,1,1,standard,clay,77.7222184069655,6998008.223019697
42402.459765168765,6,infrastructure,rural,crawl_space,wood,mansard,1,0,standard,clay,17.04897457465677,5605941.608132557
45986.863415157946,17,residential,suburban,crawl_space,steel,gable,0,1,standard,sandy,9.499082827041882,12805915.541612219
12985.930498581398,5,infrastructure,rural,crawl_space,brick,hip,0,0,economy,loamy,51.87315150538937,1004833.3082836242
37874.57547294078,7,infrastructure,suburban,slab,concrete,hip,1,0,luxury,rocky,64.67358337384883,17179415.991015945
23296.70511506993,9,infrastructure,rural,slab,concrete,mansard,0,0,luxury,rocky,83.4997970567295,8381812.267679249
42178.92836805805,1,residential,urban,pile,steel,hip,0,1,luxury,clay,95.52124051890723,20548775.611636486
36560.28851949985,1,commercial,suburban,slab,glass,hip,0,1,standard,clay,87.33380858609854,5478462.7451782385
38934.14860173637,19,infrastructure,suburban,pile,brick,hip,0,0,economy,rocky,98.8699573546163,5954890.417045767
32980.010965213034,6,infrastructure,urban,basement,steel,flat,0,0,luxury,sandy,47.56999993245595,20724164.20527265
9282.72408875049,18,commercial,suburban,slab,steel,mansard,1,1,premium,loamy,31.653761831787907,3884896.6690462236
27478.83248539845,10,infrastructure,urban,pile,concrete,mansard,0,1,luxury,rocky,45.97062786696144,16332341.342014693
49241.15210646315,11,industrial,rural,crawl_space,wood,flat,0,0,luxury,loamy,64.41305002408812,18284264.801718738
46900.70929160739,1,infrastructure,urban,basement,wood,mansard,0,1,luxury,rocky,50.72566095404491,18526556.373994794
2637.0999219520777,1,industrial,urban,pile,glass,hip,0,0,luxury,clay,63.41198218651832,1315569.0642631901
8658.333378607138,13,commercial,suburban,basement,glass,hip,1,0,premium,loamy,88.67226241838392,3408755.421690124
7020.574286000815,5,residential,rural,crawl_space,steel,hip,0,1,standard,sandy,16.58118662920911,989290.6787323664
36436.00554427213,1,commercial,urban,crawl_space,glass,mansard,0,1,premium,loamy,12.026401544928934,11720884.800218025
40980.37382791878,3,infrastructure,rural,pile,wood,mansard,0,0,premium,loamy,49.8518812919509,6814287.453180264
11068.81263237826,18,industrial,urban,pile,brick,gable,1,1,standard,rocky,98.1768117596728,3468047.075731169
25539.708301115534,9,residential,suburban,crawl_space,concrete,flat,0,1,premium,sandy,5.904350120180246,7785196.248875293
42114.7998865544,14,infrastructure,urban,pile,wood,mansard,0,0,premium,clay,98.65573049877324,17356317.25135017
36773.676465929406,17,residential,urban,crawl_space,glass,gable,0,0,luxury,loamy,96.7706614704794,33737626.68342748
27340.74167184649,14,residential,rural,slab,concrete,flat,0,0,luxury,loamy,29.259951414562302,11201200.139479563
29722.21067770926,4,infrastructure,urban,pile,concrete,flat,0,0,standard,rocky,89.10037963132255,6364519.700812841
25663.847072355857,5,commercial,suburban,basement,steel,hip,1,1,luxury,clay,0.7758583685436249,12121107.098407729
15228.648340281617,17,infrastructure,suburban,crawl_space,glass,hip,0,0,standard,rocky,45.40611460307561,4195700.105356626
28468.588646521297,2,infrastructure,urban,slab,steel,gable,1,0,standard,sandy,40.212349123728686,6325072.27708993
34599.822451479486,5,commercial,urban,pile,concrete,gable,0,1,economy,clay,90.26580067794983,4763225.802752059
43729.48433510998,4,industrial,rural,crawl_space,steel,hip,0,1,standard,sandy,47.22961759194456,5710024.819108597
31996.42202197278,4,infrastructure,rural,slab,glass,hip,1,1,premium,rocky,41.79387534888964,7495050.158833694
38175.51608363632,6,residential,suburban,pile,wood,flat,0,1,standard,clay,63.959461037323685,5316014.466358838
8423.545930251363,13,infrastructure,rural,crawl_space,brick,flat,1,1,economy,sandy,37.579918855599814,1072483.8566879998
23347.0949837796,5,infrastructure,urban,crawl_space,wood,mansard,1,1,premium,sandy,53.655956776950156,6608413.742994546
961.9151814411182,7,residential,suburban,crawl_space,concrete,hip,1,0,economy,rocky,95.55665751697674,96615.85749399508
12710.603793820339,1,commercial,rural,pile,wood,flat,0,0,luxury,clay,20.26173088084242,2712938.261279288
36459.85489809374,14,industrial,suburban,slab,steel,gable,0,1,premium,sandy,45.89127986411703,14909457.190554157
49594.59259179349,4,industrial,urban,crawl_space,glass,flat,0,0,standard,loamy,1.537733434701516,11559898.667139584
5409.315929567188,17,residential,rural,slab,wood,hip,0,0,economy,clay,84.22370815744713,563597.1807864706
20373.96863513377,14,commercial,urban,slab,wood,flat,0,1,standard,clay,9.201736110508907,4735062.754634856
40103.5129506084,16,infrastructure,urban,basement,glass,hip,0,0,luxury,loamy,9.47623449777314,38147025.927675866
10599.763914130494,14,infrastructure,suburban,slab,steel,flat,0,0,premium,clay,88.2839378118908,4165542.9611401903
27976.704990463168,16,infrastructure,suburban,slab,brick,mansard,0,0,standard,clay,40.92960285260047,5933580.28710173
36787.0291534689,8,infrastructure,suburban,slab,wood,mansard,1,0,luxury,loamy,68.7295447284305,13944710.549906477
30991.279787878862,3,infrastructure,rural,slab,concrete,gable,1,1,standard,rocky,85.78463702260552,4045275.7017423995
9807.2243634631,19,residential,rural,slab,steel,gable,0,1,premium,sandy,37.447755452561196,3353285.3890761016
18091.536149944102,1,infrastructure,suburban,pile,steel,hip,1,1,luxury,loamy,26.15474558028662,7250436.213886763
39297.693332027164,2,infrastructure,rural,basement,wood,hip,0,0,luxury,clay,16.95179933953416,8836268.590993598
27934.21244953482,15,commercial,rural,crawl_space,glass,hip,0,1,economy,sandy,60.711941300167915,3890229.967734169
758.8658703741805,10,infrastructure,suburban,basement,wood,flat,0,1,premium,sandy,25.22724513168335,196113.6510399586
38169.04262139065,18,industrial,urban,basement,wood,flat,1,0,luxury,sandy,63.42879858213614,26489574.294376064
2247.912069541834,14,residential,rural,crawl_space,glass,flat,0,0,premium,rocky,31.71421654115457,676890.0382802411
37413.82224519599,17,residential,rural,slab,concrete,gable,0,1,standard,clay,34.77767892750009,7113162.466689874
10522.787728179252,13,residential,urban,crawl_space,glass,hip,1,1,premium,clay,24.911439927055724,5340297.571188046
47924.63726590932,1,industrial,urban,slab,wood,flat,0,1,economy,sandy,41.84682069440496,4492229.887034095
18713.06718945318,5,infrastructure,urban,crawl_space,brick,gable,1,0,premium,sandy,16.212992208671785,5781454.873081683
16683.115008734916,13,residential,suburban,pile,glass,mansard,0,0,premium,rocky,31.970662752240976,7025067.281552831
7869.958491456012,14,industrial,urban,basement,concrete,hip,1,1,standard,rocky,77.78801753249311,2566941.497832023
15627.408666765637,3,commercial,suburban,slab,glass,mansard,0,0,economy,sandy,21.56188916291083,1809433.623321414
43894.21271049593,15,infrastructure,urban,basement,glass,gable,1,0,standard,clay,94.7113217656441,17667460.399618633
49818.549712548745,19,industrial,urban,slab,steel,hip,1,0,luxury,loamy,49.292177949361374,49073645.61443034
18731.32176008899,17,infrastructure,suburban,crawl_space,steel,flat,1,0,standard,rocky,10.692004643476183,5132005.661709726
22706.226232249857,3,commercial,suburban,crawl_space,wood,gable,0,0,economy,clay,94.30612119912585,1726646.070160459
36242.51144103549,16,industrial,urban,crawl_space,wood,mansard,1,1,economy,rocky,45.667826539417256,6516904.631642584
44366.69113302119,14,infrastructure,urban,pile,glass,mansard,1,1,premium,clay,55.696519243324374,24007806.24815274
29855.694542245816,12,industrial,urban,crawl_space,brick,mansard,0,0,economy,sandy,18.519477457251764,5170604.965412055
19880.52205980255,12,residential,rural,crawl_space,wood,gable,1,0,standard,rocky,33.33089878783873,3094268.85891995
20924.781122006876,11,infrastructure,urban,pile,glass,gable,0,1,economy,loamy,70.36380354010144,4234918.4807868665
34933.09825159194,17,industrial,suburban,basement,glass,hip,0,0,luxury,sandy,12.39693955121578,25452599.02223087
659.3040484117947,8,residential,rural,basement,glass,hip,0,1,economy,rocky,57.045884934273936,77039.39359512324
31169.672204262115,17,commercial,suburban,slab,glass,mansard,0,0,economy,sandy,69.35227662041478,5815628.0699155945
18096.90401684719,11,infrastructure,rural,basement,glass,gable,0,1,standard,loamy,0.18366402588184672,3429617.549696176
39812.76789821567,2,infrastructure,rural,slab,steel,hip,0,0,premium,rocky,83.75764311861553,7303071.525238457
5103.036671245042,10,commercial,suburban,slab,concrete,gable,0,1,premium,rocky,5.633329592447089,1653530.1125935877
29616.01221394533,10,residential,rural,basement,concrete,flat,0,1,standard,rocky,24.692019120356534,5005311.093231469
24308.158049363126,11,commercial,suburban,basement,glass,gable,1,1,premium,clay,96.3544898289717,9974738.988776416
32295.113532308755,6,infrastructure,urban,pile,wood,mansard,0,1,luxury,clay,8.104079634459705,15699100.986140626
3710.252926906933,4,industrial,rural,slab,brick,gable,0,1,luxury,rocky,82.59405594964669,1056752.7011439744
29209.197477692498,12,residential,suburban,basement,glass,mansard,0,1,premium,sandy,65.1998289649915,11327253.755922306
28293.487103996424,11,residential,rural,basement,brick,hip,0,1,standard,sandy,59.83786233249969,4707390.237011697
28252.67467360046,13,residential,suburban,pile,steel,hip,0,1,standard,rocky,58.16824411925262,6363604.339385077
30372.639496524513,5,commercial,urban,basement,concrete,hip,0,0,premium,loamy,16.64585983799022,9938661.541713942
33985.16289270493,6,commercial,urban,crawl_space,steel,flat,1,0,economy,loamy,66.8822006093893,5448246.736055929
40346.9554841981,1,industrial,rural,crawl_space,wood,mansard,0,0,premium,loamy,95.16317437599976,5955381.678261463
13856.12564634661,6,industrial,rural,slab,wood,flat,0,0,luxury,clay,7.703450542774471,4074592.7219650955
41339.94580391307,18,residential,suburban,pile,glass,flat,0,1,luxury,clay,33.24125309834343,30890922.738240797
25163.656272040953,9,industrial,suburban,basement,wood,hip,1,0,economy,clay,47.22516950179002,2802089.1125425533
4314.384817149393,15,commercial,rural,slab,wood,mansard,0,1,luxury,clay,23.22911763691231,1604761.9331107808
3398.2709975769703,8,industrial,suburban,basement,steel,gable,0,1,standard,sandy,74.08912408179333,714112.45357442
17044.796775455008,19,commercial,suburban,crawl_space,brick,gable,1,1,economy,rocky,68.862284325091,3068529.9594933386
39352.400367017646,16,industrial,suburban,basement,concrete,mansard,1,1,economy,rocky,11.777711803286927,6046693.937228329
35530.20626967533,6,infrastructure,rural,basement,wood,gable,0,0,economy,rocky,56.94624076543875,2373927.029335006
39536.44075128412,6,commercial,urban,basement,wood,hip,0,1,standard,sandy,36.88729767022978,7817210.2153861085
26104.818293859662,3,infrastructure,urban,crawl_space,steel,hip,0,0,luxury,loamy,22.838196837392832,13389743.51401667
22289.85039879678,10,commercial,suburban,crawl_space,concrete,flat,0,1,premium,loamy,84.82936501371239,6470854.539472699
7798.900071961056,1,industrial,rural,pile,steel,hip,0,0,luxury,clay,5.467400559619451,2304128.45047908
16745.541303660924,14,infrastructure,suburban,crawl_space,brick,gable,0,0,premium,clay,46.739027858159,5671337.25007886
21983.958625606825,4,industrial,urban,slab,steel,flat,1,1,economy,sandy,47.53115624659131,3202815.493524082
4885.721269141053,12,commercial,suburban,basement,concrete,mansard,0,1,premium,sandy,57.012239735751635,1716772.7278674815
11420.291659204957,6,infrastructure,urban,crawl_space,concrete,mansard,0,0,luxury,loamy,19.759419649401476,6060259.2507083
30112.15205615507,11,residential,rural,slab,wood,flat,0,1,standard,rocky,87.12010757447118,4097309.6558360034
36915.324154839895,12,industrial,suburban,crawl_space,brick,hip,0,0,luxury,rocky,96.5302663697285,18065355.912495043
49918.201813951004,10,commercial,rural,basement,glass,flat,0,0,standard,sandy,54.895489200487724,9767071.186369844
46689.109901506105,18,infrastructure,suburban,slab,wood,flat,1,1,standard,sandy,25.61253613026452,11458841.28345947
32306.97737699198,7,industrial,suburban,crawl_space,steel,hip,1,1,standard,sandy,87.68264339430827,6567610.88117286
21351.778638056563,7,infrastructure,suburban,crawl_space,steel,mansard,1,1,premium,clay,98.81728992282802,6288193.853693439
31990.77955305752,11,industrial,suburban,slab,concrete,flat,1,1,economy,rocky,74.18794817471773,4331969.73802956
39389.755094971486,4,industrial,suburban,pile,concrete,mansard,1,1,economy,sandy,33.37044735597466,4108474.1099437326
6357.641450707672,1,industrial,rural,slab,concrete,gable,0,0,economy,sandy,23.60202931724992,431324.6604650265
20790.29203996627,13,infrastructure,rural,slab,glass,hip,0,0,standard,clay,15.661903296955959,4487665.629666457
42070.21313896305,18,infrastructure,urban,slab,glass,gable,1,0,premium,sandy,23.493904550509683,25627712.157664448
19499.73112068568,9,industrial,suburban,slab,wood,mansard,0,1,premium,rocky,22.734977282978285,5277925.866161895
28807.677425745733,9,residential,urban,crawl_space,glass,gable,0,0,premium,clay,96.74188675487333,13564603.213720795
29594.58336267881,9,residential,rural,slab,concrete,gable,1,0,luxury,sandy,64.32383953782458,11345348.918237753
9631.574530115147,10,residential,urban,slab,wood,gable,1,1,premium,rocky,16.697547059473173,3203387.018552287
18430.654361788274,2,commercial,rural,basement,wood,flat,0,0,premium,rocky,48.80412594003673,2774156.7684285995
17058.308792725642,6,residential,suburban,crawl_space,brick,flat,0,1,premium,clay,18.46358162732201,4275506.691173971
1796.7370723372073,15,infrastructure,urban,basement,glass,hip,0,0,economy,rocky,60.601680113699764,388074.3787278597
1697.4923126220847,3,residential,urban,crawl_space,steel,mansard,0,1,standard,clay,34.14062041972193,378814.9466722279
41669.00366195079,11,infrastructure,urban,pile,steel,mansard,0,0,luxury,rocky,19.559267106658908,28770656.26461199
14017.005093654214,6,commercial,urban,pile,brick,hip,1,0,economy,sandy,24.279098802664002,1866207.1298984096
26144.898928821363,3,infrastructure,suburban,crawl_space,concrete,mansard,0,1,premium,clay,67.5098688175267,6340201.207319205
15286.915892644267,11,infrastructure,rural,pile,brick,mansard,0,1,standard,rocky,40.80356789895158,2512246.030329552
47063.62263320936,15,infrastructure,rural,pile,concrete,gable,1,0,standard,clay,51.31589833199954,10053807.04086282
13335.1895638558,13,residential,suburban,crawl_space,glass,gable,0,0,standard,rocky,82.13388987280553,3709684.9551040637
21768.012230577286,10,industrial,rural,slab,glass,mansard,1,0,standard,clay,65.54214026309107,4175829.040997978
43700.14739898779,6,infrastructure,urban,basement,wood,hip,0,0,premium,sandy,46.24135621146266,12474404.253361905
42175.711556194525,15,residential,suburban,crawl_space,wood,hip,1,0,luxury,clay,95.40568050908989,22458122.93438994
9712.020183390727,18,residential,rural,crawl_space,wood,mansard,0,1,premium,clay,21.450509644030724,2775188.07137703
40230.843834887666,18,residential,suburban,crawl_space,wood,hip,0,0,standard,sandy,28.89919925245167,8026241.5959931845
23180.250893525685,7,industrial,suburban,basement,steel,hip,0,0,premium,rocky,91.14314507511202,6788275.971223137
24406.959168225083,15,industrial,rural,crawl_space,wood,gable,0,1,standard,loamy,85.32252421915192,3638649.2063451367
7107.258634589217,18,industrial,rural,basement,wood,hip,0,0,premium,sandy,13.00574019262568,1978037.9876930607
4489.77493097767,18,industrial,suburban,basement,wood,flat,0,1,luxury,clay,92.99471105453429,2479879.975822166
36532.995695201374,9,commercial,suburban,pile,concrete,gable,1,1,standard,sandy,1.0168724419688857,7848088.562366466
25074.827041587338,2,industrial,rural,slab,wood,flat,0,0,premium,sandy,82.24208784478677,3708569.836342763
22124.109779451388,8,industrial,suburban,pile,brick,mansard,1,0,economy,clay,27.88024188118009,2674953.0553734093
36610.65731829364,2,industrial,rural,crawl_space,wood,hip,1,0,luxury,clay,18.86569971791905,9043996.169975808
38392.88850005993,11,infrastructure,suburban,crawl_space,wood,flat,1,1,economy,loamy,44.870963018984725,4620178.793199438
8365.954299633002,7,infrastructure,suburban,basement,steel,hip,1,1,premium,sandy,89.70828922039557,2823550.5938435416
30706.144899143244,6,industrial,suburban,pile,wood,flat,0,1,luxury,clay,78.58978729248598,10248791.921952693
7200.0270727454335,10,commercial,rural,basement,concrete,gable,0,1,luxury,rocky,96.7068834026938,2720126.3839903623
37693.06675843776,5,infrastructure,urban,pile,glass,mansard,0,1,luxury,rocky,54.09988329897432,24612768.47843764
33019.28023522341,11,residential,rural,pile,wood,flat,0,1,premium,rocky,51.055994608356094,6999659.2079938715
47852.42374363117,1,infrastructure,suburban,pile,wood,gable,0,0,luxury,rocky,1.3031991623989714,14773452.13043383
3913.4218096428485,2,residential,urban,pile,wood,mansard,0,0,luxury,sandy,18.06075829015298,1493611.336140756
3324.208696987089,1,infrastructure,urban,pile,steel,flat,0,0,economy,sandy,49.76202957191841,409314.85241942346
14468.260197313408,19,industrial,suburban,slab,glass,flat,1,1,premium,loamy,75.25670453214552,7443658.067046697
13454.431344927345,2,infrastructure,rural,crawl_space,steel,gable,1,0,standard,sandy,82.26025780207767,1727736.4008211782
12725.450554063991,4,industrial,urban,pile,steel,mansard,1,1,premium,clay,28.326634091681456,4501883.797486832
45359.601735791315,12,industrial,urban,pile,steel,mansard,0,1,premium,loamy,71.24572423244332,20281909.71940568
12852.536892550552,18,infrastructure,rural,basement,concrete,gable,0,0,luxury,sandy,82.85294404501118,6353940.529275735
13961.511443367235,1,residential,rural,crawl_space,glass,hip,1,1,economy,sandy,37.480441432469824,1322920.1332522389
38090.213989689204,1,residential,urban,crawl_space,concrete,gable,0,0,economy,clay,69.55558627088242,4414522.468022118
22762.12220130173,14,infrastructure,rural,crawl_space,concrete,mansard,1,0,premium,clay,43.728113735853135,6306064.513227591
38947.17256928147,4,industrial,urban,pile,glass,gable,1,1,standard,clay,98.56522473721611,9527785.443597525
3735.624799437069,5,residential,suburban,basement,concrete,hip,0,1,premium,rocky,0.6667545151270327,893466.8077774023
24634.774086832524,11,commercial,rural,crawl_space,glass,gable,0,0,standard,sandy,41.43450396394389,4978606.103871623
2163.87320907249,13,industrial,urban,basement,wood,gable,0,0,standard,sandy,26.371640287957632,556180.478586631
3601.333571040049,16,infrastructure,rural,slab,steel,flat,0,0,premium,sandy,84.97365532216166,1118594.3615153872
45368.65394054834,13,industrial,rural,slab,concrete,hip,0,0,luxury,loamy,28.71258331229726,18138845.092739057
7392.645870320961,2,commercial,urban,basement,glass,mansard,1,1,luxury,loamy,54.384547357804806,3920083.904939262
26854.823772623247,16,commercial,suburban,pile,brick,hip,0,0,standard,loamy,74.0269448197261,5706933.285794522
20849.232328734975,6,residential,urban,crawl_space,concrete,mansard,0,1,economy,loamy,49.72302739662964,2890052.7549593025
17693.494649812714,14,commercial,rural,slab,concrete,mansard,0,1,luxury,loamy,41.04025496857723,7577734.597153367
45041.75061151999,1,industrial,urban,slab,glass,flat,0,0,luxury,clay,4.251800495631109,24910230.430873126
1580.2581403867302,17,residential,rural,basement,brick,hip,1,0,standard,loamy,2.2932168754681737,301828.70481920976
33357.58946569166,11,commercial,urban,pile,brick,flat,0,1,standard,sandy,95.7322195057039,9030504.740192326
48188.024493570745,19,residential,suburban,basement,wood,gable,1,0,standard,rocky,64.32440575002182,11116476.101711202
28228.325081361178,3,residential,suburban,basement,concrete,hip,1,1,luxury,sandy,82.52537983092695,11489875.488079192
46872.71187063804,11,infrastructure,suburban,basement,steel,gable,1,0,luxury,sandy,48.04383822248436,28475790.387957536
3086.7650246581766,5,residential,suburban,basement,concrete,hip,0,0,economy,clay,26.158099617094877,329719.9861939994
21230.26929417099,17,residential,urban,basement,steel,mansard,0,0,economy,rocky,29.453777975989993,4786284.920283757
13377.810652621532,7,commercial,suburban,pile,steel,gable,1,0,premium,sandy,4.349161850592676,3932111.190911701
36675.637766546126,10,industrial,urban,basement,glass,hip,1,1,standard,clay,79.08835163285485,10942463.792312961
49074.20597961371,11,industrial,rural,pile,concrete,hip,1,1,luxury,rocky,58.157078069838555,21310402.657528598
13198.238090990266,3,commercial,rural,crawl_space,glass,gable,0,0,economy,rocky,48.08017768884283,1225000.4059925417
32881.64277296669,10,industrial,rural,crawl_space,wood,flat,0,0,standard,clay,85.22970446678858,4208115.534966567
10305.832821607137,10,residential,suburban,crawl_space,steel,hip,1,0,standard,loamy,44.48450276270827,2547677.46014882
28483.84760129469,14,infrastructure,suburban,crawl_space,brick,flat,0,0,premium,clay,94.79301498343379,9546153.514693491
23464.65809107264,12,residential,suburban,slab,steel,flat,0,1,standard,clay,1.3236529382460671,5121274.437732598
48614.263816761086,15,residential,rural,pile,wood,flat,0,1,economy,loamy,98.46163611621999,4499422.585319927
30622.099998475096,10,infrastructure,rural,crawl_space,steel,flat,1,0,premium,clay,81.58835324473067,8014842.723670337
17800.56541829753,10,commercial,rural,slab,glass,flat,0,1,luxury,clay,35.49392021757834,7792587.794250325
6147.741351952702,19,residential,rural,pile,concrete,mansard,0,1,premium,clay,59.5363560118582,2035336.8933635622
7986.71802237926,1,residential,urban,slab,brick,flat,0,0,standard,sandy,86.46050121552533,1272505.8848959284
11653.188032586137,10,commercial,urban,slab,glass,mansard,0,1,standard,clay,48.15983530804756,3607120.636788902
12922.849736344751,2,residential,suburban,basement,concrete,hip,1,0,economy,clay,5.104971198815445,1379755.768794531
42605.49486313632,17,residential,suburban,slab,brick,mansard,0,1,standard,rocky,90.36960822088928,10593754.841106571
28280.528019984984,7,industrial,rural,slab,wood,mansard,0,0,luxury,rocky,51.70162468775557,8581971.939680316
26407.850113031138,7,commercial,urban,pile,steel,flat,0,0,economy,rocky,54.51572412015413,4140668.1084954105
6181.059157526265,9,residential,urban,slab,brick,hip,0,1,standard,clay,1.3718176698690243,1571535.267950176
43076.91482079703,2,residential,suburban,basement,wood,hip,0,1,luxury,loamy,10.00660699435013,12608663.506269127
36279.30800881994,14,infrastructure,urban,crawl_space,concrete,hip,1,1,economy,clay,77.73978455320211,6741921.556819763
3849.5839140500784,17,infrastructure,suburban,crawl_space,brick,gable,1,0,standard,sandy,43.49493486747815,1006503.2925927405
35537.83731287355,1,infrastructure,rural,pile,wood,mansard,0,1,luxury,sandy,99.80583128779642,7623095.15947551
27405.14175846098,9,residential,rural,pile,concrete,flat,0,0,luxury,sandy,69.56776757133046,9787825.767441053
4545.404614465524,19,residential,suburban,slab,glass,gable,0,1,premium,sandy,94.96011443909158,2121516.7510910183
23185.881755668495,4,infrastructure,rural,pile,steel,flat,1,1,economy,clay,27.93521277702692,2265224.7067504576
24492.466212937325,8,industrial,rural,slab,wood,gable,0,0,premium,rocky,17.615356505196544,4914699.895758749
8705.83973808215,13,industrial,urban,pile,glass,hip,0,0,luxury,clay,37.658942548053695,6763155.089432424
47312.05827651398,4,industrial,urban,crawl_space,concrete,gable,1,1,premium,clay,26.47685455048806,15513101.730697474
42573.780888292764,9,industrial,urban,crawl_space,brick,hip,0,1,premium,clay,61.33656805404063,16261636.755411057
33616.60569779086,9,commercial,urban,crawl_space,steel,gable,0,1,premium,clay,74.44420462105641,14481736.59437384
23383.63026953006,18,infrastructure,urban,crawl_space,concrete,flat,0,0,economy,loamy,40.20975129423328,4815254.447921373
20882.39430843317,12,residential,suburban,slab,wood,flat,0,1,standard,rocky,8.984602683332,3638871.7975938427
32723.18662397223,10,infrastructure,suburban,slab,steel,gable,1,1,premium,rocky,2.6331961463967546,11221226.130115831
27498.87753564182,11,industrial,urban,slab,glass,mansard,1,1,standard,sandy,21.80277068948584,8667234.694323642
3582.518741153338,7,residential,rural,crawl_space,steel,mansard,0,1,economy,clay,73.24874359053992,340611.34678451525
25868.881114131418,9,commercial,rural,basement,glass,gable,0,0,standard,sandy,22.155241330481413,4767049.760971608
40416.979053025556,6,infrastructure,suburban,crawl_space,concrete,mansard,0,1,economy,rocky,91.09742621916882,4326505.461708436
23232.373941049424,19,residential,suburban,crawl_space,brick,flat,0,1,standard,rocky,65.16435092896225,6082482.651702367
3071.8505889362864,16,residential,suburban,basement,steel,mansard,0,0,economy,sandy,86.20896371661148,443862.138271088
39420.77086950964,15,industrial,rural,basement,brick,gable,0,0,luxury,rocky,38.58147248085042,16841764.79825202
10467.507215730733,7,industrial,suburban,pile,brick,mansard,0,1,economy,rocky,98.3549862523052,1096683.317727352
13301.731326957919,16,infrastructure,rural,crawl_space,steel,gable,0,0,standard,loamy,67.94984109053237,2801546.0298121567
8652.964494898646,5,commercial,suburban,basement,steel,flat,0,0,premium,clay,35.695987550639316,2198861.3594826967
16845.64571113913,16,residential,rural,pile,brick,hip,0,1,luxury,clay,21.253913283993143,7179055.262865893
37959.19953158744,1,industrial,suburban,basement,wood,flat,0,0,premium,rocky,86.65313313089716,7192343.394371508
26209.6000454449,19,infrastructure,suburban,basement,wood,flat,0,0,standard,rocky,31.809827587541616,5834365.068749069
10641.623070460271,5,industrial,rural,pile,steel,gable,0,1,premium,loamy,4.436424255326021,2328132.1113763894
43952.58886852602,7,infrastructure,suburban,crawl_space,brick,flat,0,0,premium,sandy,27.865871274122988,12153434.631867003
44039.30182010069,19,industrial,urban,pile,brick,flat,0,1,economy,loamy,17.945136996246635,8118190.97440799
43593.632039777345,5,commercial,rural,crawl_space,concrete,mansard,0,0,standard,loamy,31.973121597598908,6091675.170083935
12320.412463386194,17,residential,suburban,basement,brick,gable,0,1,premium,sandy,61.326617962424734,4099991.920157197
22836.34753695891,8,industrial,rural,pile,wood,mansard,0,0,premium,rocky,50.043188743874964,4473791.772726225
49256.98797897332,1,residential,suburban,slab,concrete,gable,0,0,premium,clay,71.08503823423064,10420802.854808906
38714.61757734452,2,infrastructure,urban,basement,wood,mansard,1,1,standard,loamy,33.3832138636758,6919576.235849018
1844.787350665211,15,commercial,suburban,pile,glass,mansard,0,0,luxury,loamy,11.980841978996292,1157829.5073992345
3727.6272673943563,18,residential,suburban,basement,steel,hip,1,1,premium,clay,16.026777093469047,1658875.4218400815
23464.60315221047,11,industrial,urban,pile,glass,flat,1,1,premium,loamy,79.72827647646223,11058323.341049545
45506.40019014723,10,residential,rural,crawl_space,steel,mansard,0,1,luxury,sandy,9.799065768056503,18366000.219234057
27165.738998659355,4,residential,suburban,slab,wood,hip,1,0,luxury,clay,79.812621768644,8961219.387659915
25141.719147697368,5,infrastructure,suburban,basement,wood,mansard,0,1,luxury,clay,21.26293504809803,8854208.737813894
5720.948147853214,4,commercial,urban,slab,glass,mansard,0,0,premium,sandy,67.84046180265693,2087272.817047564
33010.615183852555,13,commercial,rural,crawl_space,steel,hip,1,0,economy,sandy,62.30962887319266,4080093.4566045473
41194.10644971116,13,residential,rural,pile,steel,hip,1,0,standard,clay,9.826043676044128,8211947.430658034
19330.790371624335,18,residential,urban,slab,concrete,hip,0,1,premium,sandy,66.58635020838439,9100435.221060405
38892.78662080371,2,infrastructure,urban,pile,brick,flat,0,1,luxury,loamy,44.7507492074815,17437620.4487644
48241.59436809018,16,residential,suburban,crawl_space,concrete,flat,1,0,luxury,rocky,70.71619362811306,29342871.368952822
10586.43972682061,1,infrastructure,urban,basement,wood,mansard,1,1,luxury,loamy,83.5473868577297,4056831.5809826017
26404.816744139694,19,commercial,urban,crawl_space,glass,flat,0,1,luxury,sandy,3.9499369205348023,27885090.359329224
14713.32892518649,9,commercial,urban,slab,steel,hip,0,0,economy,loamy,64.79628318784385,2457982.692439353
39746.29374217505,3,infrastructure,rural,slab,concrete,gable,0,1,standard,rocky,10.495782760378102,5080874.859175585
29090.871611117298,7,residential,urban,slab,glass,flat,0,0,economy,rocky,37.887557439683185,4970893.563375816
31911.829668740036,10,commercial,suburban,pile,glass,hip,1,1,economy,rocky,1.2678506027301917,5016754.454101199
39996.75090098676,1,industrial,suburban,basement,brick,hip,0,1,standard,sandy,32.86438113800953,5237481.368218699
20100.53839679152,10,infrastructure,suburban,slab,steel,hip,1,0,premium,sandy,16.93548492895586,6611644.496439808
45796.95838614864,9,commercial,urban,slab,glass,hip,1,1,premium,sandy,55.626429484670346,22127308.389747426
26884.928928683927,15,commercial,rural,slab,steel,mansard,0,0,economy,rocky,51.22714861350365,3612297.730202973
8318.763730349727,15,commercial,urban,crawl_space,concrete,hip,0,1,standard,sandy,79.32744203037838,2404362.7421471486
34947.006349355725,3,industrial,urban,slab,glass,hip,0,0,luxury,clay,63.99613134974993,19411774.66810416
39766.43684669359,5,industrial,suburban,crawl_space,glass,mansard,0,1,standard,loamy,71.4625883420646,7635683.634585037
16179.703014842571,9,industrial,urban,slab,concrete,flat,0,1,premium,loamy,9.248007755121401,6177663.392202071
42930.37322143827,9,residential,rural,crawl_space,steel,gable,0,1,economy,clay,2.7764827087029986,4590465.513935278
45354.091110905436,7,infrastructure,suburban,pile,steel,mansard,0,0,luxury,sandy,96.95415396501073,20417814.034072317
14206.772125201542,12,residential,rural,pile,glass,mansard,0,1,premium,loamy,42.70324085084219,4268255.555630824
49184.31289940349,9,industrial,rural,crawl_space,concrete,flat,0,0,luxury,rocky,39.49743686794117,18615612.89849359
7465.220638413542,6,infrastructure,rural,basement,wood,flat,0,0,standard,loamy,3.5012410725158705,885238.8767376818
10499.775585923253,2,residential,urban,basement,steel,hip,1,0,standard,loamy,11.891080617668237,2311248.2904863604
9619.129542282293,9,residential,urban,crawl_space,wood,flat,0,1,premium,loamy,94.04739275609263,3111961.385620604
44752.49064538959,17,residential,urban,pile,glass,gable,0,0,premium,sandy,69.48450659670165,27051673.63431021
32887.48134008561,1,industrial,urban,crawl_space,wood,mansard,1,1,luxury,clay,40.921204957234956,12204482.882703409
8029.162019502507,19,commercial,suburban,basement,wood,gable,1,1,luxury,loamy,90.4484132728283,4351194.317665342
22296.009209233274,6,infrastructure,urban,crawl_space,steel,hip,1,1,standard,rocky,58.989284385180326,5700093.351436753
30957.2522409552,5,industrial,suburban,pile,glass,gable,0,0,economy,loamy,74.64680485854869,3815676.814088982
4631.472206974473,2,infrastructure,rural,basement,wood,hip,0,1,luxury,sandy,43.15995640893392,1048716.183900444
44179.610236163266,9,industrial,suburban,basement,steel,gable,0,0,standard,sandy,43.152806623348525,8670082.886442346
40278.37500435599,14,residential,urban,slab,wood,mansard,0,1,economy,rocky,6.835049978353547,6512785.216261746
25507.73529204359,4,residential,suburban,slab,steel,gable,0,1,premium,loamy,73.39732691696568,6486172.900458918
48372.76745532894,4,commercial,urban,basement,glass,flat,0,1,premium,loamy,9.911740346041153,19430806.649037957
21179.168474117436,15,commercial,urban,basement,concrete,gable,0,1,luxury,rocky,76.4267388227639,16884303.379671324
49213.46079230664,8,infrastructure,suburban,crawl_space,steel,mansard,0,0,economy,clay,19.085808788226267,6290229.701776151
33562.03994077954,4,commercial,suburban,pile,steel,hip,0,0,standard,sandy,24.73672516788469,5965257.391939631
31916.2280260701,16,commercial,rural,basement,wood,gable,0,0,luxury,clay,91.78897556049725,13160728.218009159
8714.767317141357,4,infrastructure,rural,pile,glass,gable,0,0,standard,clay,47.15676644814424,1226650.5731442776
44155.42403607988,16,industrial,rural,basement,brick,flat,1,1,economy,loamy,12.524252620480214,5617643.524015304
21660.73955207045,12,commercial,rural,pile,brick,hip,1,0,luxury,rocky,90.50815495195867,9319129.964184353
8530.553586232727,16,industrial,rural,slab,concrete,hip,0,1,economy,sandy,45.239701922114904,1050363.7285068478
1124.0722388000725,19,residential,suburban,basement,glass,hip,1,1,economy,clay,13.055132864546016,255125.33256594953
28207.906340099937,8,commercial,rural,crawl_space,steel,mansard,0,1,economy,clay,39.08229715323095,2986922.5318486574
26606.281295072476,6,residential,suburban,pile,brick,mansard,0,1,standard,loamy,58.93292530566302,4158730.356279655
36108.004307273346,10,residential,rural,basement,concrete,flat,0,0,premium,loamy,36.234202921337,9100443.305723807
44567.7736243812,5,industrial,urban,slab,glass,gable,1,0,luxury,loamy,92.43265581611347,29149470.122913692
4430.625939829961,18,infrastructure,rural,slab,concrete,mansard,0,1,standard,rocky,26.96838237127517,957344.71712187
36709.07627184794,10,commercial,urban,slab,brick,hip,0,0,economy,sandy,17.582541554877096,5252038.30199204
9776.89123283032,10,industrial,suburban,slab,wood,gable,1,0,standard,sandy,22.09511716375544,1869978.1188054224
42979.76413127962,7,infrastructure,rural,basement,wood,gable,0,1,economy,loamy,8.374994659949719,3189044.3373934473
41043.64393615198,18,residential,suburban,crawl_space,glass,gable,1,1,economy,clay,45.22961341588309,8073050.629162314
27269.290871784448,1,commercial,rural,pile,concrete,flat,0,1,economy,loamy,87.83339279746923,1691237.311654519
35657.01853185392,7,residential,suburban,crawl_space,steel,mansard,0,0,economy,loamy,30.533960547872653,4572891.271582095
16060.330602595546,1,residential,rural,pile,brick,mansard,1,1,standard,rocky,25.833761849449278,1971952.7936031206
23822.810997174325,15,commercial,rural,crawl_space,wood,gable,0,1,economy,loamy,83.73846642474666,2361766.487511784
41171.02643666835,4,infrastructure,urban,basement,wood,flat,1,1,standard,sandy,30.599485543093095,7513340.149286852
23233.62726007409,10,infrastructure,suburban,basement,concrete,flat,1,0,standard,loamy,47.6891979555022,5062653.662933612
18211.01413360937,9,commercial,suburban,pile,wood,mansard,0,1,premium,sandy,3.123809696802693,4928553.724559731
24963.516138889845,2,commercial,suburban,basement,concrete,mansard,0,1,standard,clay,28.707174855387496,3391061.921781812
41498.33799564231,14,industrial,suburban,pile,brick,flat,0,1,premium,sandy,13.055997005982467,14764646.107615856
17092.7983448582,16,industrial,suburban,crawl_space,concrete,hip,0,0,premium,sandy,10.584611197250393,6206573.433862994
9101.198860219318,1,residential,urban,basement,wood,flat,0,1,premium,loamy,43.141739931961865,2296266.212065375
35744.69400637365,2,commercial,rural,basement,concrete,hip,1,1,standard,sandy,27.73323899120529,4740517.434580849
41385.92152905005,7,infrastructure,urban,pile,wood,mansard,0,1,premium,sandy,16.644676409992144,12243716.407333476
5481.555186914899,10,residential,suburban,pile,glass,flat,1,0,luxury,clay,51.148527027028365,3185980.4686033917
12373.768581419265,1,residential,suburban,pile,wood,flat,1,0,economy,sandy,78.40439829445484,1025287.0371444651
7527.613493169198,13,residential,rural,pile,wood,flat,1,0,standard,sandy,73.48591499546167,1193154.112701738
17723.09987331725,1,residential,urban,slab,wood,flat,1,1,economy,loamy,25.076293238261492,1977003.8345607796
22792.373455817928,5,infrastructure,rural,pile,glass,gable,1,1,standard,rocky,26.313464683907227,3602267.3473025407
37566.90367968367,16,residential,rural,slab,steel,gable,1,0,premium,loamy,73.19018142586063,13591550.428824557
32731.805451642867,15,commercial,urban,crawl_space,wood,mansard,1,1,luxury,clay,55.7168526535654,22241189.819247592
31235.964090182344,17,industrial,rural,pile,steel,mansard,1,1,premium,loamy,74.24164946267902,11573885.670839943
17942.559857177894,16,infrastructure,urban,slab,brick,flat,1,0,standard,sandy,0.1365364838952443,5769693.269012887
42151.653877695615,13,commercial,urban,slab,concrete,gable,1,0,premium,rocky,8.713811986196717,18984588.191282354
23828.714786209144,11,commercial,suburban,slab,steel,mansard,0,0,luxury,loamy,80.19700646254155,12485222.68255768
48965.69443175015,17,commercial,rural,basement,brick,hip,0,1,economy,loamy,85.11187907758864,5650543.2860559495
31890.035845638973,17,industrial,suburban,slab,concrete,gable,0,0,economy,clay,34.34401782417849,4977991.637059804
6750.104707442885,2,industrial,rural,pile,wood,gable,0,1,premium,sandy,95.83348589572812,1070880.5182790903
33970.78932273398,13,industrial,rural,pile,wood,gable,0,1,standard,loamy,30.156943262145532,4950109.750991597
16592.6487638691,14,commercial,suburban,pile,wood,flat,1,0,standard,loamy,89.02832401854704,3440053.9740255014
34473.19623596182,11,industrial,suburban,slab,glass,hip,0,0,economy,rocky,42.17090849064403,5261650.315196359
3947.236834039084,10,residential,suburban,slab,glass,flat,0,1,luxury,clay,56.18086584185589,2322623.8828842076
9156.63114020999,3,industrial,urban,basement,glass,mansard,1,0,premium,sandy,64.32722693315884,3154615.1427832185
42858.994315836426,17,infrastructure,rural,crawl_space,glass,hip,1,1,premium,loamy,13.31082777066509,16038732.474182088
11745.388072663987,15,commercial,urban,basement,brick,flat,1,1,economy,rocky,3.7111401960042367,2375967.852368944
41933.535699525535,9,commercial,rural,pile,brick,gable,1,0,standard,loamy,42.680028744016354,7051316.634992868
14324.166378493317,10,residential,rural,pile,wood,hip,0,1,premium,loamy,16.035652342331975,3003106.6960320068
32322.65454790603,8,industrial,urban,pile,concrete,gable,0,1,standard,clay,54.893381647836705,8304654.557380317
34860.453388736634,13,industrial,urban,basement,glass,mansard,0,0,standard,rocky,45.36419495792621,12388313.547145192
25876.41028068012,18,infrastructure,rural,pile,concrete,hip,0,0,economy,rocky,12.209762290148962,3336575.855342593
15612.878496488198,5,residential,suburban,pile,brick,mansard,0,1,standard,sandy,66.57850469450207,2440369.644097875
11025.896630369258,6,infrastructure,suburban,pile,glass,mansard,1,0,luxury,loamy,2.0494788720483825,5760303.453592839
2142.8730508400977,17,infrastructure,suburban,slab,brick,mansard,1,0,luxury,rocky,12.63833066704847,1207941.3620946133
15545.346861415828,11,commercial,suburban,crawl_space,brick,hip,0,1,economy,loamy,70.01642208446735,1873100.4711852653
32831.55813129851,16,commercial,rural,slab,steel,mansard,0,1,premium,loamy,52.785541978645426,10617226.041497009
46946.088513199895,9,industrial,suburban,slab,brick,flat,0,1,standard,sandy,28.193296782092848,8143902.369464367
43624.621872021075,2,industrial,suburban,crawl_space,wood,flat,0,0,luxury,sandy,18.024613066386863,14140474.44386517
38420.20643849748,5,infrastructure,suburban,crawl_space,brick,mansard,1,0,economy,rocky,64.22837302255665,4078155.3026770046
39528.14349103828,1,industrial,rural,basement,glass,gable,0,1,economy,loamy,20.559666499688124,2969392.3466283875
33416.75272206176,4,infrastructure,urban,crawl_space,wood,mansard,1,1,standard,rocky,98.46110797465622,6305191.63588621
13384.19944951715,4,industrial,suburban,basement,brick,mansard,1,1,economy,loamy,86.9311220842194,1469199.18355354
45406.15401993858,3,industrial,rural,basement,wood,gable,0,0,premium,rocky,13.215794981757778,6839009.386785271
33701.24943933878,9,commercial,rural,slab,brick,hip,1,0,standard,rocky,85.91525629438817,5121497.564760151
28241.81123353178,12,commercial,suburban,pile,wood,hip,0,1,premium,loamy,34.504278170799154,7583652.062850693
5993.978726067313,10,commercial,urban,slab,concrete,mansard,0,1,luxury,clay,48.99818202117401,3678644.774267483
22629.249418418058,2,commercial,urban,slab,steel,flat,0,0,luxury,sandy,14.282429515236695,10902787.979657596
23287.734424495353,11,residential,urban,crawl_space,wood,flat,0,0,luxury,loamy,11.857224130513188,13014717.012307188
43295.89867137216,10,commercial,rural,crawl_space,glass,flat,0,1,luxury,rocky,86.54929660622834,18535955.509161014
27559.08689929553,6,residential,suburban,basement,steel,mansard,0,1,economy,clay,62.990224103369876,2959571.4137509936
19329.82717403528,18,commercial,suburban,basement,steel,flat,0,0,premium,rocky,46.046101001677954,8517132.107093856
48851.61626127764,2,industrial,rural,basement,brick,flat,0,0,economy,clay,3.6163856373495507,3236071.8053173125
5980.669369652626,2,infrastructure,suburban,crawl_space,wood,hip,1,0,economy,loamy,92.1961987242839,511711.5978767383
21416.147201441257,10,industrial,suburban,basement,steel,mansard,0,0,luxury,sandy,37.60882271326291,10525608.561212055
2580.221420984562,16,industrial,urban,basement,glass,hip,1,0,premium,rocky,41.66491705971155,1449512.287842736
37125.25397796305,12,residential,suburban,crawl_space,glass,gable,0,0,standard,clay,28.980952939120307,9825371.558101052
45944.78933385796,1,commercial,suburban,pile,glass,hip,1,1,standard,clay,89.12900198940818,7941229.200507942
14361.847812749227,8,infrastructure,rural,slab,brick,mansard,0,1,standard,sandy,34.45847687178563,2171489.6189587703
42987.91300155648,16,infrastructure,rural,crawl_space,concrete,flat,0,1,premium,rocky,17.424930785881322,12424291.83671319
14964.80240786394,18,commercial,urban,basement,wood,mansard,0,1,luxury,loamy,50.055719492444474,10307708.284073636
45583.1230013738,13,residential,rural,slab,steel,hip,0,0,luxury,loamy,78.14926593061196,22492280.023349687
37821.1142280408,15,residential,urban,crawl_space,wood,mansard,0,0,premium,rocky,37.133847634478826,16199993.092939842
40342.885453651215,12,residential,urban,slab,steel,mansard,1,1,luxury,sandy,65.20461428763737,29892157.55801823
1391.3245022224978,8,infrastructure,suburban,slab,brick,hip,1,1,premium,sandy,30.422430310728576,377970.34896122717
48159.11267516429,10,residential,urban,pile,wood,hip,0,0,premium,sandy,71.97623099699464,16386221.004850782
36470.214107481,14,residential,suburban,basement,brick,gable,0,0,standard,clay,66.87238735834194,7924143.281363838
15585.1792216136,5,infrastructure,urban,crawl_space,brick,gable,0,1,standard,clay,68.07548014226099,3391291.283828361
41555.035910512925,18,infrastructure,rural,basement,wood,hip,1,0,economy,sandy,64.5907642594025,4969119.622097
14435.299321539032,19,industrial,rural,pile,wood,mansard,0,0,premium,rocky,15.631233319089832,3688001.36872076
43701.31505852333,15,infrastructure,rural,pile,steel,hip,0,1,standard,loamy,88.79909846749085,9094029.761399325
6072.729325390882,6,commercial,urban,crawl_space,glass,flat,0,1,standard,clay,58.57527330062068,1480973.590183052
35332.45588430939,11,infrastructure,urban,crawl_space,brick,gable,0,1,standard,sandy,38.23870600213708,8854195.985614458
27264.574593923062,11,infrastructure,suburban,pile,concrete,flat,0,0,luxury,clay,17.23352983524531,13539296.420736695
5278.45627467432,18,residential,suburban,crawl_space,steel,mansard,0,1,standard,clay,78.35810999895845,1399091.5472700177
12473.74449881253,18,industrial,suburban,slab,steel,flat,0,1,luxury,sandy,50.90482934260218,9124954.73003017
1113.999795727082,10,residential,suburban,slab,glass,hip,0,1,standard,rocky,14.72930810667491,267343.77833210333
23704.01429049304,2,industrial,urban,pile,glass,hip,1,0,luxury,loamy,92.14208557319118,14118167.190993862
15412.63040762002,9,residential,urban,basement,brick,hip,1,1,luxury,rocky,10.608243080344714,9239668.511599453
30118.695472739062,14,commercial,suburban,crawl_space,steel,flat,0,0,standard,clay,52.422119543910306,7799536.330498492
15213.27148157655,19,residential,urban,crawl_space,steel,flat,0,0,premium,rocky,61.05813967901979,8563330.940978678
15345.996019595743,10,residential,urban,slab,concrete,flat,0,0,economy,rocky,99.89845951471733,2599434.61057148
37288.06333721437,4,commercial,urban,crawl_space,brick,hip,0,1,economy,loamy,14.091570976250667,4568956.725427209
2883.0703809284955,6,commercial,urban,basement,brick,hip,0,1,premium,sandy,61.356019725864265,885161.291095818
45193.302262003366,14,infrastructure,suburban,crawl_space,glass,hip,0,1,standard,sandy,47.67157944793576,11162796.832596662
42687.06178236348,4,residential,suburban,crawl_space,brick,flat,0,0,premium,sandy,25.711458437623424,10486281.702639593
33556.33181970712,15,commercial,urban,slab,concrete,flat,0,1,standard,rocky,94.22101698555647,10418272.794001132
29864.467720315522,16,commercial,rural,crawl_space,brick,mansard,0,0,standard,rocky,79.08436830618024,5078121.994344647
44668.973657912786,7,infrastructure,suburban,pile,wood,gable,0,0,standard,loamy,77.70577859229103,7042690.222315459
9673.843886671366,17,industrial,suburban,pile,wood,hip,1,1,standard,sandy,89.9186045322149,2081420.5074528013
4408.973528446017,19,commercial,rural,basement,concrete,flat,1,0,standard,loamy,72.50440625769706,1014222.3629676563
12355.753410522137,19,commercial,suburban,basement,glass,gable,1,1,premium,loamy,50.67394609663781,6162698.296460692
39831.624795659416,17,residential,rural,basement,steel,flat,1,0,premium,rocky,39.15365050199527,12952010.2253462
2216.1782029609244,6,infrastructure,rural,basement,brick,flat,0,0,economy,sandy,70.41335269634361,152007.41402400803
29348.93833663274,11,residential,urban,slab,glass,hip,1,0,standard,clay,60.281180275177526,9675385.354417354
49774.15705146984,16,industrial,suburban,crawl_space,glass,gable,0,0,premium,clay,54.287647668695726,23286797.45866373
42856.9566449582,8,infrastructure,rural,slab,brick,flat,0,0,premium,rocky,58.90571502453857,9340929.501217838
26311.561607657677,11,residential,urban,basement,steel,gable,0,0,standard,rocky,65.53475926194274,7974825.881807459
3650.225009688796,7,commercial,suburban,crawl_space,brick,gable,0,1,standard,rocky,96.87041926920575,606536.9121241638
41652.98896209263,19,commercial,urban,pile,steel,hip,1,0,premium,rocky,75.31580615951906,23822604.634343233
30149.436154771924,10,infrastructure,urban,slab,concrete,gable,1,1,standard,clay,17.643268836767845,8641914.660639534
6189.183354448558,9,commercial,rural,crawl_space,steel,mansard,0,1,luxury,sandy,46.676877786566415,2538639.0677933437
5145.935598756132,4,residential,suburban,pile,glass,mansard,0,1,premium,loamy,67.82416759324508,1393129.8847676292
45526.527562111325,15,infrastructure,urban,pile,concrete,hip,1,1,economy,clay,17.56539341303467,8813082.494267743
33625.41301543488,13,commercial,rural,basement,wood,hip,0,0,standard,sandy,93.27065651444227,5066362.275547587
41549.6965661794,2,commercial,rural,pile,concrete,mansard,0,0,luxury,rocky,7.702529451792783,11542673.613230104
44009.45556397223,2,industrial,urban,pile,steel,hip,0,1,economy,loamy,61.098320912592065,5408347.2940962445
28802.73142639195,16,industrial,urban,basement,concrete,gable,1,1,economy,sandy,97.59353468498946,6088813.292723133
26113.594411874543,9,infrastructure,rural,crawl_space,concrete,flat,0,0,economy,sandy,72.78682932672285,2495477.2769558085
21806.156810889013,13,industrial,urban,crawl_space,wood,hip,1,1,standard,loamy,67.72581743159331,5464699.98451363
16188.856095660405,3,residential,urban,basement,steel,mansard,1,1,economy,sandy,99.74204042010832,2311504.3333476833
22012.50006250623,9,commercial,suburban,slab,glass,flat,0,1,premium,sandy,79.17974280536517,8011106.67340372
38807.04295864274,13,commercial,rural,basement,concrete,gable,0,1,premium,loamy,97.02934319459646,11126562.657385359
30295.209835249014,2,commercial,urban,crawl_space,brick,flat,0,0,standard,loamy,69.88922262914392,5211100.070668593
44679.902852764884,8,infrastructure,rural,slab,glass,mansard,0,0,standard,clay,66.54587742674933,7567344.134566341
22447.31071176979,9,infrastructure,suburban,basement,concrete,flat,0,0,economy,rocky,76.25674778251204,2525986.808561996
30550.934146578325,16,industrial,rural,crawl_space,glass,mansard,0,0,standard,rocky,18.875400324937097,6548115.285358527
31749.723878053443,2,commercial,rural,crawl_space,brick,hip,0,1,premium,sandy,80.5784992018418,5225095.276555565
29789.009534163113,6,commercial,rural,crawl_space,glass,hip,0,0,premium,rocky,97.0140328898535,7446872.141009302
35280.37176773306,8,commercial,suburban,pile,glass,mansard,0,0,premium,clay,61.16432747563043,11966134.93462958
12252.956684552912,5,commercial,suburban,pile,brick,hip,0,0,standard,sandy,1.2355342993489171,1969630.1167841668
25862.006988516638,9,commercial,rural,slab,brick,gable,0,1,premium,rocky,7.209239184489258,5388154.674406722
5659.12773901321,1,residential,rural,slab,brick,flat,1,1,standard,rocky,23.470722236045404,687430.6181707955
19533.310718418223,9,commercial,suburban,slab,wood,mansard,0,1,luxury,sandy,49.10976632043056,7569177.065078362
24639.519896752587,10,residential,urban,pile,brick,mansard,0,1,economy,loamy,41.375582319786275,3564117.315734854
32785.100847500886,4,commercial,suburban,slab,glass,mansard,0,0,luxury,clay,97.92120005390854,15759758.165284323
47551.28710301707,3,infrastructure,rural,crawl_space,brick,gable,1,0,premium,sandy,94.5587655117807,8560877.06941571
30232.227794143615,10,infrastructure,urban,crawl_space,concrete,gable,0,1,economy,sandy,39.27224896399126,4660108.323551207
37307.89885073971,15,residential,urban,slab,brick,gable,1,1,premium,rocky,79.4316479276838,17421208.90617402
25560.169945012538,11,commercial,urban,slab,brick,mansard,1,0,premium,loamy,63.63633487338814,10575491.640410697
31888.1495531284,14,infrastructure,suburban,pile,steel,gable,0,0,luxury,rocky,24.31356792123921,17957950.85208181
4011.1446986217848,6,infrastructure,suburban,crawl_space,glass,hip,0,1,premium,sandy,93.11772559096626,1161585.7462480613
13092.383251671426,12,commercial,suburban,basement,glass,flat,0,0,economy,sandy,25.951756958025396,2074445.0963211746
18411.728113654364,13,commercial,suburban,basement,concrete,hip,0,0,premium,rocky,87.03433953781153,6616207.215675253
23888.42107282242,17,infrastructure,rural,pile,wood,hip,0,1,economy,loamy,63.7640729971665,2673485.5706046824
2759.612902367995,16,commercial,urban,pile,steel,gable,0,0,luxury,sandy,62.11271090583368,2477020.107863077
7431.192828889225,3,industrial,rural,pile,concrete,mansard,1,1,standard,clay,83.840999276601,975603.2112765255
14202.308235669636,2,commercial,suburban,crawl_space,concrete,hip,0,0,premium,loamy,49.431020523457306,2992763.271707416
48590.86819960201,11,infrastructure,suburban,slab,glass,flat,0,0,luxury,sandy,85.3373949469629,27266359.71988953
16901.676851601012,9,infrastructure,rural,slab,steel,gable,0,1,premium,loamy,55.02284613917836,4233507.218276622
24361.032376548086,3,residential,urban,pile,glass,hip,0,0,economy,loamy,98.464786155596,3340260.369140538
10206.836780550451,18,industrial,urban,crawl_space,wood,gable,1,1,premium,clay,65.99300540729055,4626602.433262128
30733.613518250528,15,infrastructure,suburban,basement,glass,flat,0,0,standard,sandy,37.40605749191742,8304591.430460368
14393.819168040729,14,industrial,suburban,pile,brick,gable,1,0,premium,loamy,76.33639773289056,4737946.232518144
10746.132632702125,2,commercial,suburban,crawl_space,glass,mansard,0,0,standard,sandy,50.98972999609305,1856194.536652587
26070.345108075962,17,infrastructure,suburban,pile,brick,hip,1,1,standard,sandy,80.6024998425622,6303742.62984674
772.5370584408306,8,residential,urban,crawl_space,concrete,hip,0,0,premium,loamy,83.34626668602832,261772.21560844054
879.3696161366537,10,infrastructure,rural,crawl_space,wood,mansard,1,0,luxury,rocky,61.6913191302902,299272.679967476
11343.90605054196,18,residential,urban,pile,brick,flat,1,0,premium,loamy,87.21884263109887,5266499.534319419
2317.7074437906467,19,industrial,rural,slab,wood,flat,1,1,standard,rocky,40.34270240488852,470662.6356493357
5847.274829469223,8,residential,suburban,pile,glass,gable,0,0,luxury,rocky,5.7377011353884955,3391434.9907775186
17273.602142268202,8,commercial,suburban,slab,glass,hip,0,1,standard,rocky,66.26481754582062,3782583.4704272086
40227.991139200734,3,commercial,rural,slab,concrete,flat,0,1,standard,rocky,76.44518062296692,4875145.671547607
28816.407846780392,3,commercial,suburban,basement,glass,mansard,1,0,premium,loamy,7.280151388938072,8201087.337823072
25877.05243484261,12,infrastructure,urban,crawl_space,brick,mansard,0,0,economy,rocky,77.09097418802176,4459659.289594707
15027.696748802022,17,commercial,suburban,pile,concrete,mansard,1,1,premium,sandy,63.91616945439231,5558301.596301544
46621.80911192441,4,commercial,suburban,crawl_space,wood,flat,0,0,economy,loamy,11.64112457839418,4051486.215144997
20152.244541240987,17,infrastructure,suburban,basement,concrete,mansard,0,1,economy,clay,53.99401336260071,3121585.5487817274
4811.091956390689,14,industrial,suburban,slab,wood,hip,0,0,premium,rocky,10.874210440652575,1493260.8141247218
31044.792547831163,19,commercial,urban,pile,steel,flat,0,0,economy,loamy,32.16187497273012,7556173.964949916
6135.000477091769,9,commercial,rural,crawl_space,brick,flat,0,1,standard,rocky,80.39849262405228,888628.9670329201
17588.54556868376,12,infrastructure,suburban,basement,brick,hip,0,0,luxury,sandy,10.078903169314879,8426516.900047567
25616.89096653154,5,industrial,suburban,slab,wood,mansard,0,0,premium,rocky,45.93878111040423,5771106.974091566
43774.0149719162,11,industrial,urban,slab,glass,flat,1,1,economy,loamy,60.57130020828937,9699219.263860641
24930.555726835875,3,industrial,urban,crawl_space,glass,hip,0,1,standard,sandy,94.05114479027445,5958868.049374227
35261.80891856738,15,infrastructure,urban,slab,steel,hip,1,0,luxury,rocky,73.72654780679241,30821989.29159936
49644.433530453985,14,residential,suburban,basement,wood,gable,0,1,economy,clay,13.92471736742058,6124659.740644857
7008.71143495009,11,residential,rural,slab,steel,mansard,1,1,economy,rocky,96.88685330393726,935306.1823622789
14099.210513216216,8,commercial,urban,pile,wood,mansard,0,1,standard,rocky,47.79576411902332,2930269.990213197
20031.5157420835,4,commercial,urban,pile,steel,hip,0,1,luxury,sandy,36.97173885687515,10814296.69314044
21380.49483767215,12,commercial,urban,crawl_space,wood,flat,0,1,luxury,rocky,12.871120687530901,12775596.875461226
20845.543225644516,8,residential,rural,basement,brick,gable,0,1,standard,loamy,93.34822582810486,2718731.77124154
45426.744626549465,6,infrastructure,suburban,slab,steel,gable,0,0,luxury,loamy,58.62059353395086,20879200.914869636
35844.61590110939,15,commercial,suburban,slab,steel,flat,1,1,premium,sandy,98.79875256057655,15181418.720515938
30591.308097489837,12,infrastructure,suburban,slab,wood,gable,1,0,luxury,loamy,17.38658752873906,13363933.404497666
15813.949534207713,16,commercial,urban,pile,concrete,flat,0,0,economy,clay,54.58355785178283,2963147.109927235
41277.624018954084,16,infrastructure,suburban,basement,concrete,gable,1,1,luxury,rocky,10.988619768320362,24303746.75049576
47775.49531850695,4,infrastructure,urban,slab,brick,flat,0,0,premium,sandy,52.42758268272083,13897473.030308558
41149.31498623621,11,residential,rural,crawl_space,glass,hip,0,1,premium,loamy,88.97918238922942,12636371.664309734
577.4727069779087,13,infrastructure,rural,basement,glass,hip,0,1,economy,clay,10.93208519866512,83696.54486186837
32001.867824078647,9,industrial,suburban,basement,brick,gable,1,0,economy,clay,26.96488074421417,4251925.279385994
3031.201381383986,4,residential,urban,slab,glass,gable,0,0,premium,sandy,68.24019122065305,1040082.1961469762
13251.557406519232,12,commercial,urban,pile,wood,hip,1,1,standard,sandy,7.628703608002252,3308786.5345970374
3446.4726672146985,9,residential,suburban,basement,concrete,mansard,0,1,premium,loamy,45.39849244745157,937164.6470837329
30387.874920994695,13,industrial,rural,crawl_space,brick,flat,1,1,luxury,rocky,33.30616276976457,12331526.456311312
34486.200717884036,16,industrial,rural,basement,wood,mansard,1,0,economy,clay,83.81481937640359,4151954.7566581136
6167.138084262303,6,infrastructure,rural,pile,brick,gable,1,1,standard,clay,4.907599311620448,848193.6983685639
19500.024710726484,10,industrial,rural,crawl_space,concrete,hip,0,0,premium,sandy,86.339546774377,4434255.096098688
23083.70719329933,13,industrial,rural,pile,glass,gable,0,0,economy,clay,70.36320361943358,2894268.392512784
18768.12457716537,7,industrial,suburban,slab,wood,mansard,0,0,luxury,sandy,29.719052775933854,7331940.174788911
6490.737524017056,19,industrial,suburban,basement,concrete,hip,0,0,standard,rocky,19.776853449349385,1716505.0895305679
21237.91561428003,19,commercial,suburban,crawl_space,brick,hip,1,1,standard,sandy,95.01763379053764,5807859.512054592
37683.3133665167,17,commercial,rural,pile,steel,hip,0,1,standard,rocky,55.3907983308612,7528635.579107133
4014.8793943961455,13,residential,rural,slab,wood,flat,0,1,luxury,loamy,34.477762356833644,1500292.3408935436
4468.910697054221,13,infrastructure,suburban,crawl_space,brick,gable,0,1,economy,sandy,4.446850551911396,578773.3584617287
18061.17894588122,2,commercial,suburban,basement,brick,mansard,0,0,premium,loamy,16.57842504888197,4029649.566888628
47115.42272513679,10,industrial,rural,basement,concrete,flat,1,1,economy,rocky,59.81650150625061,5498871.033510243
33594.34601278425,13,infrastructure,urban,pile,brick,mansard,0,0,luxury,clay,51.31095968543896,22079576.474742804
34094.16285529196,9,commercial,suburban,crawl_space,wood,flat,1,1,economy,loamy,75.76101165595469,3978941.0126388096
18415.039546474316,1,residential,rural,slab,wood,hip,0,0,standard,sandy,83.4837573038732,1686422.0142825837
29886.209164822652,14,industrial,rural,slab,brick,flat,0,0,premium,sandy,39.717480265198134,7807794.817976681
1001.4936093732972,16,infrastructure,suburban,slab,concrete,gable,0,0,luxury,loamy,10.092991582642874,599449.6483350688
31986.75429727234,15,commercial,urban,pile,wood,gable,0,1,standard,loamy,79.15297600714594,7892040.063199606
45707.70390502372,1,infrastructure,rural,slab,steel,mansard,0,1,economy,loamy,55.37401003296431,3275198.0657949783
30822.38668306855,17,commercial,suburban,crawl_space,glass,hip,1,1,standard,sandy,97.97918884389664,9135659.496336756
43748.08037658408,13,residential,rural,pile,concrete,hip,0,0,economy,loamy,79.63499162127846,4913486.050272014
36336.66624557164,15,industrial,rural,basement,concrete,mansard,0,1,economy,loamy,32.90727216111027,4450430.774132112
6467.641611982667,16,residential,rural,pile,glass,gable,1,0,luxury,rocky,42.84901356512425,3659448.5144414934
45171.43871064916,16,industrial,rural,pile,glass,gable,0,1,economy,loamy,23.55759734580275,5902890.682946429
3788.9702956108567,2,industrial,urban,pile,wood,mansard,1,0,standard,loamy,51.199849703583176,609330.0476681561
26931.389891114308,17,infrastructure,suburban,crawl_space,brick,hip,0,0,luxury,sandy,71.07249600063179,15249274.539148139
7535.787627776154,11,commercial,suburban,basement,brick,mansard,0,1,premium,sandy,61.24887597627473,2222504.72477577
1079.4772311797512,8,residential,suburban,basement,steel,mansard,0,1,luxury,clay,34.20834627337344,510788.85783333675
21390.695876318132,3,residential,suburban,pile,brick,flat,0,1,standard,sandy,82.32999077257439,3204496.127307508
15104.515028880734,12,residential,suburban,pile,steel,mansard,0,0,economy,sandy,10.50587566999982,2151849.06584322
24557.02444298135,16,infrastructure,urban,pile,steel,gable,0,1,luxury,sandy,14.25546929981627,19281734.56425992
29071.394393360264,14,infrastructure,rural,crawl_space,concrete,mansard,1,0,luxury,sandy,40.415956677325426,12466413.83527936
2665.0840792928943,16,infrastructure,rural,crawl_space,concrete,hip,0,0,luxury,loamy,70.2243313691413,1228893.4041373574
6588.663108625409,17,industrial,suburban,slab,wood,hip,0,1,standard,clay,69.41856780972648,1300737.4735391343
28152.798624296054,11,residential,rural,basement,glass,gable,0,1,economy,sandy,36.65234427163578,3416129.6546051423
17486.78398204658,17,industrial,rural,slab,glass,hip,0,1,premium,loamy,69.6607904449187,6177528.91326629
36594.08763369767,19,residential,rural,slab,steel,mansard,0,0,premium,sandy,6.058577525273079,13651042.651726546
32788.436605301016,1,residential,suburban,pile,glass,gable,0,1,economy,clay,29.00219498248604,3242421.810432123
42357.41596800039,12,commercial,suburban,crawl_space,steel,hip,1,1,premium,rocky,69.37733132741121,16021973.888284402
34778.39492012665,15,residential,urban,slab,glass,mansard,0,1,economy,rocky,18.404140104189725,8077651.022761292
21781.588330812334,18,infrastructure,suburban,slab,wood,hip,0,0,luxury,clay,21.271202860845662,11235083.337982854
33811.847808524406,14,infrastructure,urban,slab,concrete,flat,0,1,luxury,loamy,8.688261893481608,24425510.320087843
14131.368125643217,1,infrastructure,suburban,pile,concrete,hip,0,1,standard,loamy,36.44710161433977,1816367.690653075
15662.518189521528,13,commercial,rural,pile,steel,gable,0,0,luxury,clay,82.49272405931733,7281990.637062793
39554.765416079266,15,commercial,urban,crawl_space,glass,mansard,0,1,standard,rocky,83.6359123822719,13918236.486022139
22597.76606187832,7,industrial,urban,slab,brick,mansard,0,0,premium,sandy,86.23625328008345,7533236.630688963
40019.82685565845,15,residential,urban,slab,wood,gable,0,1,premium,rocky,3.6704029488881518,14930447.849187465
41209.907496579784,10,residential,suburban,crawl_space,glass,flat,1,1,luxury,sandy,99.3488705886604,24113560.380005047
42949.335714233544,14,infrastructure,urban,crawl_space,brick,mansard,0,0,economy,clay,50.264123895466696,7796082.550021854
45873.44417413976,6,infrastructure,suburban,crawl_space,wood,gable,1,1,premium,clay,87.27270303317354,11773680.774165224
21833.768415408165,14,infrastructure,urban,basement,wood,hip,0,0,premium,clay,90.511463470723,8064304.841142538
16283.907506896372,12,infrastructure,suburban,crawl_space,concrete,flat,1,1,premium,rocky,51.449823989942914,5369341.217145614
29318.837956408635,11,infrastructure,urban,pile,steel,gable,1,1,economy,clay,5.108975101585522,5262447.149333905
18873.034960162564,19,infrastructure,rural,basement,glass,hip,1,0,luxury,rocky,59.746976641415294,11023492.578515863
30253.17125661153,2,residential,rural,crawl_space,wood,mansard,0,0,standard,loamy,33.4093454351274,2893084.917050913
35426.50020086932,1,commercial,urban,pile,glass,mansard,0,1,economy,sandy,20.67666725092928,4749943.9290632885
34576.048415360776,8,infrastructure,suburban,crawl_space,wood,flat,0,1,economy,sandy,18.250101824182362,3257126.9376972388
19040.367907496006,14,residential,suburban,crawl_space,concrete,hip,0,0,premium,sandy,55.92642281521586,6138852.274367385
8759.579984088265,9,infrastructure,suburban,basement,steel,gable,0,0,standard,clay,10.44748171722304,1898936.342693857
21811.202253879273,2,industrial,rural,pile,brick,mansard,0,0,economy,sandy,82.16445541324298,1441573.2957607058
7558.410132054482,5,industrial,rural,slab,brick,gable,0,0,premium,clay,22.729335087499237,1451112.3986437523
44559.803241598514,8,residential,rural,crawl_space,concrete,gable,0,1,economy,rocky,54.929085031994504,3930925.2904443657
17620.93430652394,16,commercial,suburban,basement,wood,gable,0,0,premium,clay,12.546020836620519,5648433.708453243
8145.757487554527,16,industrial,suburban,pile,concrete,flat,0,1,standard,sandy,85.96291964797803,2061962.2342369005
1759.6641153346684,13,industrial,suburban,crawl_space,steel,gable,0,0,standard,clay,69.20873812896026,410571.26165728545
32468.20812118097,15,commercial,urban,slab,brick,flat,0,0,premium,clay,20.652187737695616,14547710.31331273
32026.664714009792,1,industrial,urban,pile,glass,flat,1,0,luxury,rocky,71.57407568002469,16773614.243638838
17359.90624577394,3,infrastructure,urban,pile,brick,hip,0,1,economy,clay,8.29001335338766,1863003.1881281633
4049.738497958725,6,commercial,rural,basement,steel,mansard,1,0,luxury,sandy,77.22166814539483,1518048.3652007384
20776.630297313986,14,industrial,rural,crawl_space,wood,gable,0,1,economy,clay,49.03467783408419,2111112.5973308557
15905.266005637983,4,commercial,suburban,crawl_space,concrete,hip,1,0,standard,loamy,12.018366571275951,2811706.130081511
34017.471666882964,18,infrastructure,urban,pile,brick,hip,0,0,economy,clay,55.04782568656125,6523727.430992974
30486.072847908174,15,industrial,suburban,crawl_space,brick,hip,1,0,premium,loamy,20.086630473910294,11027783.412409188
18547.38954577823,9,residential,urban,pile,glass,hip,0,0,premium,sandy,67.27726814184227,8504520.090680506
11285.68143562201,18,industrial,urban,slab,concrete,hip,1,1,premium,loamy,70.86196112074435,6254073.751192796
49407.780324701795,3,industrial,suburban,basement,glass,gable,0,1,luxury,loamy,76.08400536602561,20775806.2819916
22973.080249207687,10,infrastructure,suburban,crawl_space,glass,hip,0,0,standard,loamy,89.48704979515904,5730657.034288079
34569.574671121736,17,residential,urban,crawl_space,wood,mansard,0,1,standard,loamy,65.49395281495659,9748730.193174813
7457.371895128858,7,residential,urban,basement,brick,flat,0,1,standard,loamy,49.176911118789945,1542837.171739791
24536.69013314019,15,residential,rural,slab,concrete,flat,0,1,premium,clay,85.42256362642372,6859074.268401589
1863.0676335385417,1,infrastructure,suburban,slab,wood,mansard,1,0,standard,rocky,89.98440748125583,225604.96312248553
25520.028336567273,11,infrastructure,suburban,slab,wood,gable,0,0,luxury,loamy,78.17533789058156,10274378.636436583
48218.86165232627,17,infrastructure,suburban,slab,wood,flat,0,1,luxury,sandy,94.24281873099446,25206517.783640087
19518.23229279711,5,infrastructure,suburban,slab,steel,mansard,0,0,luxury,sandy,97.9433944540596,8268560.467703291
2430.3026224581236,7,infrastructure,urban,pile,steel,mansard,0,1,premium,clay,25.131176253368725,945256.8718148238
2032.3116505075047,19,residential,rural,crawl_space,wood,hip,0,1,economy,rocky,18.369474139731366,228481.68106525205
19705.34461737004,15,commercial,suburban,crawl_space,steel,flat,1,0,standard,rocky,44.859236168784044,5313083.047548273
8421.234354928105,3,infrastructure,urban,crawl_space,concrete,hip,0,1,luxury,loamy,99.69267212393792,4261990.139522788
1655.9287682452027,15,commercial,urban,pile,brick,gable,0,1,economy,sandy,8.847335176581472,316609.9854952255
37932.57389053376,5,industrial,urban,basement,concrete,flat,0,1,economy,sandy,71.19940046605315,5264962.492748568
23196.88893965359,12,industrial,urban,slab,brick,flat,0,1,luxury,clay,85.0835647020962,15125419.34454584
14817.616212646399,5,infrastructure,urban,basement,steel,mansard,0,1,luxury,loamy,99.64476449100404,8656036.552432083
45054.1175593158,3,industrial,suburban,slab,concrete,flat,0,0,standard,sandy,61.971247172489385,6677379.276093149
6248.878529926018,9,commercial,suburban,slab,glass,gable,0,1,standard,loamy,38.009444553557884,1475579.3101624474
47817.9820332883,9,industrial,rural,basement,wood,gable,1,0,economy,rocky,16.64937835938418,4354202.2260848135
16041.352510178966,7,industrial,suburban,crawl_space,brick,flat,0,0,economy,loamy,98.1762069225106,1642119.2045962785
44475.98177927972,2,commercial,urban,pile,brick,mansard,1,0,economy,loamy,92.4203253184804,5694091.404858111
30345.672385733345,16,industrial,rural,basement,glass,gable,0,1,premium,clay,80.45188242877641,11088928.752530426
41422.01430720363,9,infrastructure,urban,crawl_space,glass,hip,0,0,economy,clay,94.37746756103707,7216667.051659162
49208.65157891798,13,commercial,urban,slab,wood,gable,0,1,premium,rocky,6.085440724798296,17495223.486351345
14776.069172027914,19,commercial,suburban,crawl_space,steel,flat,0,1,standard,rocky,63.149284447244256,4054525.466111112
48076.20652767585,17,residential,urban,slab,concrete,hip,0,0,economy,loamy,27.4796296502803,10079259.541401496
19779.353797669806,6,residential,suburban,slab,concrete,flat,0,0,standard,sandy,76.5592064312589,3160182.8202043227
19582.839284477654,4,commercial,urban,crawl_space,concrete,flat,1,0,economy,loamy,9.571662444935825,2950478.566735824
17349.16166059803,1,commercial,rural,slab,steel,flat,0,0,standard,rocky,25.87199687526357,2233650.2753179325
27299.676563705467,18,residential,urban,pile,wood,mansard,1,0,economy,clay,85.02520446026757,5351886.170290884
8130.179637335111,19,infrastructure,suburban,crawl_space,concrete,mansard,0,0,premium,clay,74.94469319723932,3363495.4719325406
27908.718525221553,9,industrial,urban,basement,brick,gable,0,1,luxury,rocky,99.2022027021183,17424466.40889787
27314.3882142952,13,industrial,suburban,slab,brick,flat,0,1,standard,loamy,64.39835506718342,5490134.389586066
38214.139723941065,8,industrial,suburban,slab,brick,hip,0,1,standard,sandy,30.307521269556247,6314045.717918355
41765.67311591048,13,commercial,rural,pile,glass,hip,0,0,luxury,clay,54.78835445381053,22477970.316505466
22301.84684046499,15,infrastructure,suburban,pile,glass,hip,0,0,economy,loamy,94.39664072745988,3573811.4542111633
15465.495842898941,11,residential,rural,basement,steel,mansard,0,1,premium,sandy,65.17635647014556,3957051.720155537
13337.077417196177,12,infrastructure,rural,slab,concrete,mansard,0,1,premium,rocky,88.14988979035911,3298949.3434129353
10133.879916891161,14,infrastructure,urban,basement,glass,flat,0,0,premium,loamy,2.2886901230190104,5379850.505061049
3353.5553188517315,4,industrial,rural,basement,brick,hip,0,0,economy,sandy,36.955097618298204,239243.02501782303
17451.17495231831,1,residential,suburban,slab,glass,hip,1,1,standard,loamy,93.53072098979855,2874516.831065755
13877.260760473771,4,infrastructure,suburban,basement,brick,mansard,0,0,economy,clay,3.9289601793309425,1264366.295043235
48337.660600387164,19,residential,rural,basement,concrete,mansard,1,0,premium,rocky,51.91014722001112,16413495.904441848
28106.586899377173,9,commercial,urban,pile,steel,hip,0,0,luxury,clay,34.65295192686171,20117836.371757526
17690.213432010125,10,industrial,rural,pile,wood,hip,0,1,premium,clay,64.62041885579279,3531680.12681488
29233.14624918795,4,residential,rural,basement,wood,gable,0,1,standard,loamy,16.222278750335974,3009490.2345755342
7390.2367166119275,9,commercial,suburban,slab,brick,mansard,0,0,economy,rocky,65.3300331463135,800227.8959070132
22480.165585509043,13,commercial,urban,pile,glass,flat,1,0,economy,loamy,99.18415315546392,5379640.598197225
31498.59891034266,12,commercial,urban,basement,glass,flat,0,0,premium,sandy,27.116369095403712,15446347.629670074
24700.442673726342,11,infrastructure,urban,crawl_space,brick,hip,0,0,standard,rocky,46.14279461247873,5796031.1926896125
20388.05063238905,12,infrastructure,urban,crawl_space,concrete,mansard,0,0,standard,clay,2.969921442964507,5396813.456284017
49695.49525053506,18,industrial,suburban,basement,brick,flat,0,0,luxury,clay,43.404872242524284,29685405.96575896
44075.58072637189,12,industrial,urban,crawl_space,concrete,mansard,1,0,premium,clay,40.59924643950079,19033480.55410329
31358.594928892286,16,commercial,urban,pile,steel,hip,1,1,luxury,loamy,56.470721606859186,27897056.330738347
28684.179378522997,5,industrial,urban,slab,steel,hip,0,1,economy,loamy,25.677056275853616,4194393.541102627
31222.69375131691,12,infrastructure,suburban,basement,brick,hip,0,1,economy,loamy,32.86541008179407,3913923.8272776958
10464.949337210446,11,industrial,suburban,pile,steel,mansard,1,1,standard,rocky,60.989668874649816,2432638.485686171
20059.31829158377,9,residential,urban,slab,glass,flat,0,1,luxury,rocky,90.84748660637423,14718101.803275792
2453.246878099516,18,infrastructure,suburban,crawl_space,concrete,gable,1,1,standard,rocky,23.519814933359896,675873.8850844613
24039.52885559792,3,commercial,rural,crawl_space,wood,flat,0,0,premium,rocky,67.74582068143164,3599560.6393024237
27379.716905904326,17,commercial,urban,crawl_space,wood,mansard,0,0,standard,sandy,52.38834161094562,7768037.071881579
11773.611937108875,14,industrial,suburban,crawl_space,steel,flat,1,1,economy,clay,10.460916270213927,1939934.5911434127
48219.42793469293,1,infrastructure,urban,pile,concrete,gable,0,1,economy,loamy,56.54332684521084,5470394.489487763
45518.00324139348,17,commercial,urban,pile,glass,flat,0,1,standard,loamy,70.88079751512846,16413635.764482055
36246.09015506734,8,commercial,suburban,slab,wood,gable,0,1,premium,sandy,59.82538927023807,9028412.2962728
26902.63812388545,5,infrastructure,rural,basement,glass,mansard,0,0,luxury,clay,10.441421412980922,9546669.057396112
43563.473402560405,5,infrastructure,urban,slab,glass,hip,0,0,economy,clay,85.45395840437116,6408922.0253085755
6967.2910192614145,9,commercial,rural,basement,wood,gable,0,0,economy,sandy,4.100359598956615,596130.6814962353
39630.234816606804,3,industrial,suburban,crawl_space,wood,mansard,0,1,premium,rocky,23.600468531669705,7805650.109315571
6678.630291358991,19,industrial,urban,crawl_space,steel,hip,0,1,standard,clay,61.57096790864022,2468972.417500076
39813.42779619557,9,industrial,suburban,crawl_space,concrete,gable,0,0,economy,rocky,21.80126479328046,4982743.064113511
14150.49462844217,18,residential,suburban,crawl_space,brick,hip,1,1,economy,sandy,10.179874065859762,2310910.380380211
43915.983760400355,16,infrastructure,suburban,pile,concrete,flat,1,1,premium,loamy,51.19182656578079,17215150.187108744
47230.08364435719,1,commercial,suburban,slab,brick,mansard,0,0,standard,loamy,72.24601508273693,5852957.102965414
7865.400485553224,2,residential,urban,basement,wood,mansard,0,1,premium,loamy,41.07551326627119,1806680.8858513087
23402.44245073698,14,industrial,rural,basement,glass,mansard,0,1,premium,loamy,69.84610380239191,7539677.254264338
49058.87521905291,14,residential,rural,pile,concrete,mansard,1,0,standard,clay,86.06541833177772,10014867.408755252
24428.66808067076,1,commercial,urban,crawl_space,glass,gable,0,0,economy,rocky,95.8796640839573,3129701.199782031
43245.60236446998,16,commercial,urban,slab,concrete,flat,1,0,luxury,loamy,23.326488973275904,31911573.125188842
29642.210345500334,15,infrastructure,rural,crawl_space,concrete,hip,0,0,luxury,loamy,60.53611129876023,13630848.500641875
19078.83044202029,15,industrial,rural,pile,glass,mansard,0,0,luxury,loamy,26.687398224589497,9981576.209223239
14646.285998530575,12,industrial,urban,basement,steel,mansard,0,0,premium,sandy,87.0918516780872,7254262.2364415685
10559.54300876132,16,residential,suburban,pile,wood,gable,0,1,economy,clay,89.02878680834078,1341104.3844078688
38209.01047319601,14,industrial,urban,basement,steel,gable,0,1,economy,sandy,32.21609200696977,8128811.011150375
19633.75508773988,15,residential,rural,slab,steel,gable,0,1,economy,rocky,64.53432463252868,2276138.683746749
25808.135378937182,15,commercial,suburban,basement,concrete,flat,0,1,economy,loamy,88.76753681759013,3392082.002868985
24870.111260058504,19,commercial,rural,slab,wood,hip,0,1,premium,clay,50.836363325405166,6781352.088494722
29075.311947039998,8,commercial,suburban,crawl_space,concrete,flat,0,1,luxury,clay,72.0470643386749,13949892.932819674
43346.06870841533,2,commercial,rural,crawl_space,brick,mansard,0,0,luxury,clay,80.08555037923902,11680843.717903668
49046.59750737975,2,commercial,suburban,pile,concrete,gable,1,0,standard,sandy,87.18960960368155,8214207.550388378
20675.418324403938,10,residential,urban,slab,glass,mansard,0,0,economy,sandy,51.52075865258622,3657253.1291903933
41462.186644262,3,commercial,urban,crawl_space,concrete,hip,1,1,luxury,sandy,94.18243745161729,21191816.40721264
38344.12583540852,17,residential,suburban,slab,brick,hip,0,1,luxury,sandy,62.8953234681068,22650596.315717388
28889.683097050874,8,commercial,suburban,crawl_space,concrete,flat,0,1,economy,rocky,15.172756216087823,3308688.8923421446
47824.33360879069,4,residential,urban,crawl_space,brick,flat,0,1,economy,loamy,61.245675592812695,5632700.038556193
10423.488518655939,14,residential,urban,basement,wood,gable,1,1,luxury,loamy,29.847384438378377,6756938.8685768545
5908.5784103262595,10,residential,suburban,pile,concrete,gable,0,1,standard,sandy,37.20853427389109,1183423.1187301637
42771.11736429339,1,industrial,suburban,basement,brick,mansard,0,1,economy,sandy,80.88595235377278,3293183.454545748
22237.91592337054,4,residential,urban,slab,wood,gable,1,1,luxury,sandy,97.33474687073671,9274515.37143137
42424.95828324949,1,residential,rural,crawl_space,glass,gable,0,1,standard,rocky,86.98539473015349,5409919.726740668
44707.965157173036,17,commercial,urban,pile,steel,mansard,0,1,premium,rocky,32.58036173734269,24115199.398392204
3591.6508841440364,17,residential,suburban,crawl_space,brick,hip,0,0,standard,clay,45.365881088356886,832505.8433489848
44231.505767810006,7,residential,suburban,crawl_space,glass,gable,1,0,economy,loamy,98.34977466992285,6317767.412040639
22691.7932407864,15,infrastructure,rural,basement,wood,gable,0,0,premium,sandy,92.35308825752993,5383545.212901259
25766.408205709493,13,industrial,urban,slab,glass,mansard,1,0,standard,clay,97.69489451079201,8858896.519391436
31516.329299113906,2,infrastructure,suburban,pile,concrete,mansard,0,1,luxury,loamy,43.29174850400299,10705608.287969183
46355.93903313929,19,commercial,urban,pile,steel,mansard,1,0,economy,clay,80.056326984089,11356616.442247156
1446.2466742733195,13,industrial,suburban,pile,brick,mansard,0,0,premium,rocky,87.12172573410017,470307.54697305843
24103.751681731945,11,industrial,rural,slab,wood,mansard,0,0,luxury,rocky,4.426335214727583,8835383.570810143
34542.241100312756,15,infrastructure,urban,pile,steel,gable,0,0,premium,clay,26.608776335426676,18939076.514845118
36273.99440606231,10,industrial,urban,slab,wood,flat,1,1,standard,clay,88.3483938059453,7976749.070006245
34780.35536108685,9,infrastructure,rural,pile,glass,flat,0,0,luxury,loamy,38.87424867526143,14861809.690921962
7154.538905702032,9,residential,suburban,crawl_space,wood,flat,0,1,economy,sandy,27.86220784646015,754405.0420361869
15320.08162439822,1,infrastructure,suburban,slab,wood,gable,0,0,luxury,loamy,27.269149305885975,4509135.393196578
18256.418508142167,17,industrial,urban,basement,glass,hip,0,1,standard,loamy,37.540497378491565,6539559.046605031
40319.6417801355,12,industrial,rural,pile,glass,gable,1,1,premium,rocky,24.396281952646458,13385848.794399086
14298.613684520375,10,commercial,urban,basement,steel,flat,0,1,luxury,rocky,0.33633123582521574,9781972.770441642
10929.895711426556,5,commercial,urban,slab,brick,flat,0,0,premium,clay,17.25951474329066,3655695.085677912
47893.67694238576,18,commercial,suburban,crawl_space,glass,mansard,0,1,economy,rocky,88.25750546543237,9357968.490023835
938.7326131167106,15,commercial,suburban,basement,steel,mansard,1,1,luxury,loamy,7.564859733151163,570062.0077692154
49892.13235625792,6,industrial,suburban,basement,wood,mansard,1,0,premium,clay,41.30020401212572,11180872.001493588
34002.65429344108,7,commercial,suburban,crawl_space,wood,gable,1,0,economy,clay,45.64878541655546,3634674.3216446973
41509.230322731295,17,infrastructure,suburban,crawl_space,concrete,hip,0,1,standard,rocky,77.81539637923898,9393289.814194607
15083.66011913656,6,residential,rural,slab,glass,hip,1,0,luxury,sandy,25.258997749181756,5848751.174541058
1208.6062445194689,8,industrial,urban,pile,steel,mansard,0,1,luxury,rocky,30.964178835761402,840802.4972946318
37024.54116879574,12,commercial,rural,basement,steel,hip,0,1,luxury,clay,1.4275957884051782,17697804.75294987
41790.15755153345,14,industrial,urban,basement,brick,flat,1,0,premium,clay,90.28306150142225,19049008.095461704
37153.568531699195,12,commercial,suburban,slab,steel,flat,0,0,premium,sandy,68.55569393226935,13930663.37962242
7571.08922139151,10,industrial,rural,pile,glass,mansard,1,1,economy,loamy,26.284622876125464,958622.2970846356
37794.68215171997,15,commercial,urban,slab,steel,mansard,0,1,luxury,clay,88.75149466366159,31841045.332972817
38561.67771432823,7,residential,suburban,basement,concrete,mansard,0,0,economy,sandy,8.658147544343109,4287034.886273759
33097.755525667715,9,commercial,suburban,basement,wood,hip,0,1,luxury,loamy,36.83956549472598,14094338.310800372
38422.738673381515,10,infrastructure,rural,crawl_space,wood,gable,0,0,standard,rocky,56.359753467037564,5022537.705850602
42373.111264047744,10,industrial,rural,crawl_space,steel,mansard,0,1,luxury,sandy,50.55116687618397,18853427.718547866
30873.40365475419,16,industrial,rural,pile,steel,hip,0,0,economy,loamy,65.49075480347008,4187027.799580827
4885.933341499113,7,infrastructure,suburban,basement,steel,mansard,1,0,premium,clay,29.759504251307,1540214.181719019
24637.57657852694,5,infrastructure,urban,basement,steel,gable,1,0,standard,clay,75.78414626493874,6016231.546958769
4343.642066244451,3,residential,urban,crawl_space,concrete,mansard,0,0,standard,sandy,40.54461824295716,900029.1268514729
20673.380036105325,18,industrial,rural,slab,glass,flat,0,1,luxury,rocky,12.529719369297377,11599414.2621081
20651.77121171857,11,residential,urban,slab,concrete,mansard,0,1,standard,sandy,74.04014479305675,5086529.483530869
3767.487284941958,15,industrial,suburban,basement,concrete,flat,0,1,economy,clay,91.19429813129899,504459.1509387611
17766.616431489227,5,industrial,urban,basement,concrete,flat,0,1,economy,loamy,36.442447749468975,2401324.1897641174
5994.405890170085,12,residential,suburban,pile,wood,hip,0,0,luxury,rocky,58.965282382208336,2787275.1230458296
40507.6428954565,4,industrial,rural,pile,concrete,hip,0,1,premium,loamy,68.78245280715231,8095764.647451915
47410.5572852413,15,industrial,urban,crawl_space,steel,flat,1,1,standard,sandy,83.15235222221979,16160843.96670676
4079.665525267961,9,residential,suburban,basement,concrete,flat,0,0,standard,sandy,19.799350728902287,833693.0221234555
47778.20276093922,7,commercial,rural,slab,steel,mansard,0,0,luxury,loamy,56.997835880114714,18111419.478798244
26367.541667168887,10,residential,rural,pile,glass,mansard,0,1,standard,loamy,74.03633980399282,5350013.524470874
15328.501058716758,13,industrial,rural,crawl_space,wood,flat,0,0,premium,loamy,19.912617369352493,3763702.70423422
4304.672726170094,8,infrastructure,rural,crawl_space,glass,hip,0,0,luxury,sandy,47.24814717291016,1822681.2355790616
25280.901269485683,12,commercial,urban,slab,glass,mansard,0,1,economy,loamy,46.43620884688397,4820370.198283299
39828.51945229206,19,infrastructure,suburban,pile,wood,mansard,0,1,standard,clay,83.93452555891928,8268362.265774257
35500.78062470156,1,commercial,urban,slab,steel,mansard,0,1,luxury,loamy,77.73064004522209,17065538.610668827
2986.1875674667012,16,infrastructure,suburban,crawl_space,steel,hip,0,1,economy,clay,23.19264953260175,508694.7436982973
4108.640850711224,17,commercial,rural,basement,steel,flat,0,0,economy,clay,23.29526726690716,511682.1575854295
20442.227490315538,18,residential,urban,slab,wood,mansard,1,1,economy,loamy,72.33541294033398,3732136.5717684287
15116.879455373191,11,commercial,rural,crawl_space,concrete,hip,0,1,luxury,rocky,73.96124813985364,6219572.148459497
12003.023991274367,18,commercial,suburban,basement,brick,hip,0,0,luxury,rocky,17.8899872399379,7057744.711059668
14409.722695981323,7,commercial,rural,basement,concrete,hip,1,0,economy,rocky,41.11803903886977,1491131.3906618108
40272.39579319579,18,industrial,urban,pile,concrete,hip,0,1,economy,clay,82.57708623510064,8360770.015012256
46496.78865477677,8,infrastructure,urban,pile,glass,mansard,0,1,luxury,rocky,7.942065385438779,32027886.30359234
20552.583379114538,6,residential,suburban,crawl_space,brick,flat,0,1,luxury,rocky,37.389456278532016,8601912.523029022
45352.494605558604,7,infrastructure,suburban,slab,steel,flat,0,0,premium,loamy,64.45410319383181,13987235.590308262
16414.037211770155,10,infrastructure,urban,basement,concrete,hip,0,0,economy,sandy,77.10867921869765,2661106.2269808925
24083.630824017684,11,residential,urban,pile,wood,flat,0,0,standard,clay,65.26578889131947,5174203.108864425
11688.435391891986,13,industrial,urban,pile,concrete,mansard,1,0,standard,sandy,39.752077301574694,3471586.5170014906
32203.564087704275,9,commercial,urban,slab,steel,flat,0,1,luxury,clay,99.19510967319314,21827045.882955395
48959.56520115304,7,industrial,suburban,pile,concrete,flat,0,1,standard,clay,4.15323584204732,8318215.656742995
30372.90825414724,9,industrial,urban,crawl_space,glass,gable,0,1,luxury,rocky,49.475586274632164,23028437.220500544
18211.797163620668,13,commercial,suburban,slab,glass,flat,0,1,premium,loamy,51.00550159626951,6844757.403918915
32566.963576531154,3,infrastructure,urban,basement,concrete,flat,0,0,luxury,sandy,23.97911737954098,14766615.348123675
6584.573584036684,3,commercial,urban,crawl_space,glass,hip,1,1,economy,sandy,55.87074126296901,1026748.3259108214
44488.624473137235,1,residential,rural,basement,wood,hip,0,0,luxury,rocky,22.00574071721435,9647989.74017141
25402.6555636019,2,commercial,rural,basement,brick,gable,0,0,standard,sandy,44.34120663824598,2549045.0803995323
22742.81223096228,3,infrastructure,urban,pile,concrete,mansard,0,0,standard,sandy,43.163427370468,4367843.013693898
29500.3070284492,15,industrial,suburban,crawl_space,wood,gable,0,1,standard,clay,77.31223562370481,6003529.713026551
31426.801208075423,6,industrial,urban,crawl_space,wood,flat,1,0,economy,loamy,94.25918858206921,4126273.7099518343
4052.9024082123947,13,commercial,rural,slab,wood,flat,0,0,luxury,loamy,20.284325768115608,1383244.3546237184
34289.55245055842,1,residential,urban,crawl_space,steel,mansard,0,1,luxury,sandy,99.15172808387584,15694439.333531294
12475.618175618714,19,infrastructure,rural,slab,concrete,mansard,1,0,standard,sandy,94.03164600730601,2767508.9695049347
35840.655309076195,1,industrial,urban,crawl_space,concrete,hip,0,0,economy,clay,11.265320016380098,4060556.2478843858
41215.47232201774,2,commercial,urban,basement,concrete,flat,0,1,standard,rocky,91.23660356563018,8033964.2615032755
40295.94612384975,15,residential,suburban,slab,brick,flat,1,0,standard,clay,56.45779296505648,9527987.32445928
27848.79788669051,14,residential,rural,crawl_space,wood,flat,1,1,economy,rocky,87.89564074665988,3130420.934839633
26248.40966938218,19,industrial,rural,slab,concrete,flat,0,1,standard,rocky,94.5635216715493,5790184.181174441
7572.36008630088,11,industrial,rural,pile,glass,flat,0,0,premium,clay,85.89072024723376,2097686.2927628276
38879.63444495521,15,infrastructure,suburban,pile,steel,flat,0,0,economy,loamy,40.28775867536931,5683259.394093991
13934.764332112361,6,residential,urban,slab,brick,flat,0,1,standard,clay,63.675919346955226,2923141.0470134877
25086.423429488354,9,infrastructure,suburban,slab,steel,flat,0,0,luxury,rocky,46.47703190465482,13141989.648438537
14571.567599912078,5,residential,urban,basement,wood,hip,1,1,premium,loamy,36.64479125863098,3972944.8768091504
7124.503968484811,2,residential,suburban,crawl_space,glass,gable,0,1,luxury,loamy,25.07099472414258,2976506.1522229435
31663.10599614096,6,commercial,suburban,pile,wood,flat,0,1,luxury,clay,44.1507930986995,10804905.009041412
3189.4357237337395,18,industrial,rural,pile,concrete,hip,0,1,premium,loamy,80.59719252532727,1010075.7589100022
37557.9390892469,19,residential,suburban,crawl_space,steel,flat,0,1,economy,loamy,84.40226950824346,6316453.363758508
16220.546365425274,9,infrastructure,urban,pile,glass,mansard,0,0,standard,clay,95.80055190877755,5085344.412121775
506.66730372202335,6,industrial,suburban,pile,steel,flat,1,0,luxury,sandy,29.06166524443401,218465.44411679715
25800.892392242877,14,infrastructure,suburban,slab,brick,gable,0,1,luxury,loamy,65.03975054040193,14295777.242961446
2819.169472116355,13,industrial,urban,pile,glass,hip,0,0,luxury,clay,69.3778948137399,2291504.3041764637
14170.393112134523,11,industrial,rural,pile,brick,mansard,0,1,economy,clay,19.133233403324958,1446736.7507383216
35495.33612905795,12,residential,urban,pile,glass,mansard,1,1,luxury,sandy,36.68819129241139,30615880.29511449
3603.1362702823603,19,commercial,urban,crawl_space,concrete,flat,1,0,luxury,loamy,34.22568567320196,2910812.310877216
42047.255371622115,19,residential,urban,basement,steel,gable,1,0,luxury,rocky,98.59099947402473,36038012.298171125
689.0861715998639,19,industrial,suburban,slab,steel,gable,0,1,premium,rocky,95.83785631215684,303159.2581145861
12717.781525494162,13,residential,suburban,basement,wood,flat,1,1,premium,loamy,82.17678998449595,3667004.3041202724
37174.75077952754,14,residential,urban,pile,glass,flat,0,0,luxury,loamy,47.28359552955891,34082856.401217625
16155.372411600685,18,industrial,urban,pile,glass,hip,0,1,economy,clay,26.40718138164454,3622585.546359564
5543.673209267669,12,industrial,rural,pile,brick,hip,1,0,economy,clay,91.59642424871613,597454.3613763464
18331.57898062118,4,residential,suburban,basement,glass,flat,1,0,standard,rocky,26.80436020846314,3407179.2581892903
13884.467676034013,10,residential,suburban,crawl_space,steel,flat,1,0,premium,loamy,52.19430181588226,4686940.7016800055
42214.23915694747,17,residential,suburban,crawl_space,glass,mansard,0,0,economy,clay,24.507252257656344,7643790.310816694
16010.721920464584,4,infrastructure,suburban,slab,wood,gable,0,1,luxury,rocky,97.1257892624867,5426533.577151425
39552.157352912356,12,residential,urban,basement,wood,hip,1,1,premium,rocky,4.176160812703489,15491644.841701178
44647.67116813137,13,infrastructure,urban,crawl_space,steel,flat,0,1,economy,sandy,17.43498182411458,9008573.468719605
21973.962269038213,4,commercial,rural,slab,steel,flat,0,0,standard,loamy,76.50492392402516,2819738.383560798
45542.18562079241,10,infrastructure,suburban,pile,steel,hip,1,1,luxury,sandy,15.144528678227132,26040628.7411683
19177.243671178046,3,residential,suburban,pile,glass,mansard,0,1,premium,clay,97.93495436691187,5079411.917811728
48221.881616260354,15,commercial,urban,slab,glass,mansard,1,0,standard,clay,32.13523148080114,16990733.486124516
4919.83146401586,2,infrastructure,rural,crawl_space,concrete,flat,1,0,standard,rocky,91.86461600582234,596302.9464020312
34507.453691910516,17,infrastructure,urban,basement,brick,gable,0,1,premium,clay,66.22783012482931,17073196.22618857
24943.795002617968,6,industrial,suburban,slab,glass,gable,0,1,economy,sandy,63.411748924895285,3180830.7583965436
19688.61587005453,8,commercial,suburban,crawl_space,concrete,flat,0,1,luxury,loamy,91.53724488660473,9063500.890416747
31819.237998055745,3,industrial,rural,slab,concrete,hip,1,1,standard,rocky,51.327933225232755,4359395.622248531
35340.92603589939,18,commercial,urban,crawl_space,wood,gable,0,0,standard,rocky,40.07780308880077,9791124.916846748
715.9818476902998,1,infrastructure,suburban,pile,glass,hip,0,0,premium,clay,21.762275540593233,172323.87527296183
8764.177892986336,16,industrial,suburban,slab,concrete,hip,0,0,premium,rocky,14.453619451042988,3036877.062982349
35795.77950639877,7,residential,rural,basement,wood,hip,0,0,premium,rocky,79.1768814469655,6506093.803647547
33486.07797212122,3,infrastructure,suburban,slab,brick,mansard,0,1,standard,loamy,12.793832532002414,4807187.122297917
48319.35150386952,4,commercial,suburban,pile,wood,gable,1,1,economy,rocky,39.40175522428107,4809982.215463226
38171.370617413755,9,commercial,urban,pile,brick,mansard,1,0,economy,loamy,40.92168296195566,5702539.898646397
47563.249032701235,5,industrial,rural,crawl_space,steel,gable,0,1,luxury,sandy,66.44993783527191,16355087.241189737
35275.754825972945,19,industrial,rural,pile,steel,flat,0,0,premium,rocky,27.851450719189174,12010124.250692246
15253.584327652436,15,commercial,rural,crawl_space,wood,hip,0,0,luxury,sandy,83.82289382098018,5972124.870211283
5715.563651417396,8,infrastructure,urban,pile,steel,gable,0,0,standard,loamy,20.74841521610611,1545712.6540529614
39200.28123557431,6,industrial,rural,crawl_space,glass,gable,0,0,standard,rocky,78.9148654932726,6491751.334532194
32385.38646305784,18,residential,suburban,basement,wood,flat,1,0,standard,clay,84.97591744214755,7563422.075650687
2885.2076134681633,19,commercial,rural,crawl_space,concrete,mansard,0,0,luxury,clay,19.318064024053548,1420622.3155520668
18322.498062098428,15,residential,suburban,crawl_space,glass,gable,0,0,premium,rocky,80.94158340268505,8192435.716821917
47861.590866472165,7,commercial,rural,basement,wood,gable,0,0,luxury,loamy,71.3740148203268,14974947.336427655
25269.85671265496,10,residential,rural,crawl_space,brick,mansard,1,1,luxury,clay,87.43779051321302,9259978.184328062
21920.09223297538,6,infrastructure,urban,crawl_space,steel,mansard,0,0,standard,sandy,50.996831718753334,5446937.250570161
23156.130455385053,14,commercial,rural,basement,steel,gable,0,1,standard,loamy,23.38565078712741,4874751.921925242
10839.694838255604,17,infrastructure,rural,pile,steel,mansard,0,1,economy,loamy,91.20397367289443,1415069.593381613
18751.004957807363,9,industrial,urban,slab,wood,flat,0,1,premium,rocky,79.00436169083594,6556255.647777846
18805.756171365243,19,commercial,suburban,crawl_space,glass,flat,0,1,premium,sandy,2.098537189847638,8260201.463380554
3091.573499279884,5,infrastructure,rural,pile,brick,hip,0,1,premium,loamy,93.94135862944825,588318.5651359074
38494.59761163696,7,residential,rural,slab,steel,gable,0,0,luxury,rocky,94.85252586494329,14139895.451675963
21116.96937924201,19,infrastructure,suburban,basement,glass,flat,1,1,standard,sandy,35.53041307765137,6581160.241401485
41197.90439741295,7,commercial,urban,crawl_space,concrete,flat,1,0,standard,loamy,1.0018257274248987,10732922.22068006
42592.226055434825,2,infrastructure,rural,crawl_space,concrete,flat,0,0,economy,clay,55.25373212100553,2903949.686631829
10993.705707583575,16,residential,urban,basement,brick,hip,1,0,luxury,sandy,91.36757730943516,7528469.949325
33038.99736742137,13,residential,suburban,crawl_space,steel,mansard,0,0,premium,loamy,12.44402835971109,12233054.259527735
23877.949306067596,8,residential,suburban,slab,concrete,hip,1,0,luxury,sandy,59.050968725772194,12019480.546024662
44067.75852711351,6,industrial,urban,slab,glass,hip,0,1,standard,clay,73.17692802096528,10850518.134699073
11179.16361923448,6,commercial,suburban,basement,glass,hip,0,0,economy,loamy,13.468986052387532,1347013.9935956986
34051.753415347186,9,residential,suburban,crawl_space,concrete,hip,0,1,luxury,clay,51.32734096514536,15941511.446171751
30583.730051509767,4,industrial,rural,pile,steel,gable,0,0,standard,rocky,8.8804273835132,4427041.837480231
15117.423139805724,11,residential,urban,crawl_space,brick,gable,0,1,luxury,rocky,55.812617373399554,9085266.557969924
7261.744730733044,5,infrastructure,rural,basement,steel,flat,0,1,standard,loamy,44.21156084090825,1019218.3796356651
32756.16814362519,17,commercial,urban,pile,wood,hip,0,1,luxury,loamy,26.46980233043521,21673654.51060421
37060.57417755037,7,infrastructure,rural,slab,concrete,hip,1,0,premium,sandy,85.30805391802173,8466619.807781814
16123.553516285825,15,industrial,suburban,slab,wood,flat,0,1,luxury,loamy,38.17894770241895,7519766.433480476
32419.213899104532,15,infrastructure,urban,pile,concrete,mansard,1,0,luxury,rocky,69.98170781380837,26177939.865577057
20058.97992676941,14,infrastructure,urban,pile,brick,gable,1,1,premium,loamy,79.0682667908688,9319588.93482472
35803.74072248958,13,residential,urban,basement,steel,hip,0,1,luxury,sandy,17.862790041878373,29500329.378976725
10361.156107255629,11,infrastructure,urban,crawl_space,steel,mansard,0,0,standard,rocky,11.911350287365108,2955856.049085703
44565.642630490634,13,residential,suburban,slab,concrete,mansard,0,0,standard,loamy,0.7835173112860194,9024878.589929871
14726.775025046196,9,residential,suburban,crawl_space,glass,hip,1,0,standard,clay,30.58078891995987,3345800.805279026
18705.40639392957,10,commercial,suburban,slab,wood,hip,0,1,standard,clay,81.5955682417861,3096790.367259899
3375.551627977314,4,industrial,rural,crawl_space,steel,mansard,1,1,standard,clay,77.27658286860162,545089.6137501427
6019.854509903182,17,industrial,suburban,slab,steel,gable,1,0,premium,clay,87.18059410973979,2762524.9115920938
26035.164184260244,14,industrial,rural,crawl_space,concrete,gable,1,0,premium,sandy,76.06002032466282,7983412.843454679
13745.837498034589,18,residential,rural,basement,glass,hip,0,0,luxury,clay,2.3991573455061976,7796504.515503837
41856.271174238624,11,industrial,suburban,slab,wood,hip,0,0,standard,clay,38.55176389420475,7525566.813918996
1227.3227384202153,16,residential,suburban,basement,glass,flat,1,1,luxury,loamy,0.5927226931881302,903165.081705529
19265.155409260842,1,commercial,suburban,slab,glass,flat,1,1,standard,clay,3.6051013837931523,3608288.6139697544
17198.604565070087,7,industrial,rural,slab,concrete,gable,0,1,luxury,clay,47.85587304491311,6021687.783701094
1456.7177304212512,10,residential,urban,slab,glass,flat,0,1,premium,loamy,36.000554381125895,671162.4645613005
6656.235750525256,9,industrial,suburban,crawl_space,wood,mansard,0,1,standard,rocky,55.85235092330675,1007196.742887059
20975.312408472444,3,industrial,rural,slab,brick,mansard,0,1,premium,sandy,6.616094112496795,3877097.341071303
24896.79693014861,14,commercial,rural,basement,brick,mansard,1,1,luxury,sandy,58.83001151396796,10942798.113360072
20512.34248911602,15,infrastructure,suburban,crawl_space,wood,mansard,0,1,premium,rocky,6.5002368798377175,6321869.129015277
26781.415081398645,2,industrial,rural,crawl_space,concrete,hip,0,1,premium,loamy,42.36842052422814,5073509.477328554
29959.017907831236,14,commercial,suburban,slab,steel,mansard,0,1,premium,rocky,35.235762899955844,11349335.447532011
991.2291458278637,16,industrial,rural,pile,concrete,gable,1,0,economy,sandy,22.394794126074725,123216.34604545005
23472.710392948444,7,industrial,urban,crawl_space,wood,flat,0,1,luxury,sandy,31.19712677433898,11137483.64847386
48193.21242393562,4,industrial,rural,slab,glass,gable,0,1,luxury,rocky,0.05241040704807576,16360680.070988243
26192.097866412663,18,industrial,suburban,basement,brick,hip,0,0,standard,clay,32.40935434929092,5912487.534495347
34038.34223921818,5,infrastructure,urban,pile,glass,flat,0,1,standard,sandy,7.840834223625981,8008574.751043141
15937.260966885719,6,infrastructure,suburban,crawl_space,concrete,flat,0,0,standard,rocky,92.13021727481411,2589921.7950760378
38812.573218561745,7,industrial,rural,pile,wood,flat,0,1,premium,clay,7.433288004684602,6769396.889731534
38759.613352867695,15,industrial,urban,crawl_space,brick,mansard,0,1,luxury,clay,95.31058877156744,26663249.193011183
26304.154358879878,1,commercial,urban,pile,wood,hip,0,0,premium,loamy,49.142633474346376,5777733.579147189
48812.68425232107,4,commercial,rural,pile,brick,gable,1,1,luxury,rocky,51.31731552932926,16114366.406265482
6714.735630751342,1,residential,urban,basement,brick,mansard,0,1,premium,sandy,78.81257386811264,1864259.9349834097
1338.9094120342593,11,infrastructure,urban,pile,brick,flat,0,1,standard,loamy,69.53797125684524,343092.68855250266
38622.83148197625,18,industrial,urban,basement,concrete,gable,0,0,premium,sandy,23.706112288919577,20454925.66597552
40454.19909956169,14,infrastructure,suburban,slab,wood,gable,0,0,economy,clay,2.5466349044062864,4941702.308776285
6450.257841468524,11,commercial,suburban,crawl_space,steel,gable,0,0,standard,rocky,77.84492091546666,1502127.9169575071
13646.350231451,10,infrastructure,urban,basement,steel,hip,1,0,economy,clay,12.974279922407227,2626108.9882673984
1368.8419866481308,17,infrastructure,rural,crawl_space,steel,mansard,0,1,economy,clay,59.836922852353666,179351.00205084207
15018.776233637953,4,industrial,rural,basement,wood,hip,1,1,standard,clay,94.26317739377791,1944787.3853948826
38770.52275897424,15,industrial,suburban,crawl_space,glass,flat,0,1,economy,rocky,54.94434898921994,6526677.381661787
26139.04612177266,16,commercial,rural,basement,wood,flat,0,0,economy,loamy,28.55732585777765,2585445.4720257227
17730.73186183026,13,industrial,urban,crawl_space,brick,gable,1,0,luxury,sandy,17.88021223140033,12304048.584242268
18901.09509786335,9,commercial,rural,slab,glass,gable,0,1,premium,clay,2.6949910868230287,5675397.790669408
567.0044729156737,11,commercial,suburban,crawl_space,brick,gable,0,0,economy,sandy,62.32449421369398,55061.69967274951
15340.126114479177,11,residential,suburban,slab,brick,hip,1,1,premium,sandy,55.79990690113624,4890932.794276836
32499.70771107756,6,residential,urban,slab,wood,mansard,0,1,economy,loamy,46.17259154113508,3800563.16003647
48722.62496890968,1,residential,suburban,slab,steel,hip,0,1,standard,rocky,19.377142906750112,7770210.8753796425
42429.51093570302,6,infrastructure,suburban,pile,glass,flat,0,0,standard,sandy,23.66318666355508,8857352.066552067
1667.9507499536917,13,residential,suburban,crawl_space,concrete,gable,1,0,luxury,loamy,95.8529003019732,890927.2087774975
44978.74993140455,5,industrial,rural,pile,steel,gable,0,0,standard,sandy,2.0404088349534666,6565350.171364436
39268.321458281986,15,industrial,suburban,pile,concrete,hip,0,0,luxury,clay,36.34346649628177,21188858.181813616
39128.61811676353,18,residential,rural,crawl_space,wood,flat,1,1,standard,loamy,3.8812504990441643,7187192.0937825665
23170.790070676787,14,infrastructure,suburban,slab,glass,mansard,0,0,premium,rocky,19.156933914646544,9915160.088743381
20201.26200124789,15,commercial,suburban,pile,wood,gable,0,1,economy,rocky,93.31362867608148,2490589.6907407506
15494.328577243035,5,infrastructure,rural,pile,concrete,gable,1,1,economy,clay,14.95627763326034,1446582.6294804234
3751.895518241106,4,infrastructure,rural,basement,brick,flat,0,0,luxury,clay,60.07853084529617,1068471.075557031
11797.650492938106,2,commercial,urban,crawl_space,wood,gable,0,1,standard,sandy,34.69450738347065,1982843.7633355379
12706.879931412219,7,commercial,urban,pile,glass,mansard,0,1,premium,loamy,63.30481223434574,5403109.37473129
24461.814950654978,10,commercial,rural,crawl_space,wood,hip,1,0,premium,loamy,85.21428585391418,5229392.629717604
37498.49812653635,16,industrial,suburban,crawl_space,steel,flat,0,0,standard,loamy,28.654441037387958,9486059.848060697
23953.586505698357,10,commercial,urban,pile,wood,gable,1,1,economy,loamy,7.862313213447392,3602106.565983635
3363.30024763445,18,commercial,rural,crawl_space,concrete,gable,0,1,standard,sandy,20.4179891363218,716276.9970161209
47910.595148916094,17,infrastructure,rural,slab,wood,mansard,0,1,economy,loamy,43.90902134735414,5366200.184687362
47164.85379515855,13,infrastructure,suburban,pile,glass,hip,0,0,standard,loamy,51.5063862049679,11636522.4813969
39366.88238584621,1,residential,rural,pile,wood,mansard,0,0,economy,rocky,94.18952720779771,2340415.719305405
49570.73112742892,1,infrastructure,urban,pile,wood,hip,0,0,luxury,rocky,1.6101978328686872,18907035.257944558
27451.875473613014,15,commercial,suburban,basement,glass,mansard,1,0,premium,sandy,75.76270731099868,12123881.041897772
48157.0333375337,1,industrial,rural,basement,wood,hip,0,1,standard,clay,7.250973584868092,4855244.191676673
4242.4495105291635,6,infrastructure,rural,basement,glass,gable,0,1,economy,rocky,7.7922105327039475,422359.04643720033
18601.19703893788,13,infrastructure,suburban,basement,concrete,gable,1,1,economy,clay,65.4132291779806,2634362.7791428226
11656.37276633491,1,commercial,suburban,pile,glass,gable,0,0,economy,sandy,90.89325566760174,1216782.9640197447
10193.737664646367,5,infrastructure,suburban,slab,concrete,flat,1,0,luxury,rocky,28.769633414515038,3963474.1274015354
7469.745970187466,9,infrastructure,urban,crawl_space,concrete,hip,0,1,economy,rocky,26.930617891543175,1206867.0492818593
31309.475257516835,17,commercial,urban,crawl_space,glass,flat,0,1,premium,sandy,61.77118237859395,18577195.777736813
39175.431859491604,16,infrastructure,rural,pile,wood,hip,1,1,luxury,loamy,77.62808308635655,15499080.74053131
29125.770771307853,8,industrial,rural,slab,steel,gable,1,0,economy,sandy,86.89591197249948,3168904.7293016403
7774.654124616379,17,residential,suburban,crawl_space,glass,flat,0,1,premium,clay,24.970614858497974,3312562.585334227
40650.62661170681,15,infrastructure,rural,slab,wood,flat,0,1,economy,clay,74.019917910108,4116663.196850022
31979.75800460456,1,industrial,rural,pile,concrete,mansard,0,1,premium,loamy,30.721209049413257,5074947.726464779
19714.202453286278,12,infrastructure,suburban,basement,brick,hip,0,1,premium,sandy,54.48119202902253,6289887.427019832
33869.449629035116,5,residential,urban,slab,steel,mansard,1,1,economy,sandy,19.0852471294084,5057248.366176902
13365.296472520226,6,commercial,urban,crawl_space,wood,flat,0,1,premium,loamy,14.600202408307371,4107934.8137637093
17587.01432046342,1,residential,urban,crawl_space,steel,flat,1,1,standard,sandy,93.53035501338375,3921805.0414260593
45915.54923503352,1,infrastructure,rural,crawl_space,brick,gable,0,0,economy,rocky,54.71992504045612,2955434.3546203217
14879.97303073531,10,residential,suburban,basement,brick,mansard,0,1,standard,sandy,0.4589546993055249,3026885.418048543
23764.41927381786,10,residential,urban,slab,brick,mansard,1,0,premium,rocky,79.3436544114628,9136673.310250495
44561.98630110273,3,commercial,rural,slab,glass,mansard,0,0,luxury,sandy,69.08701320313588,15031587.252095716
35532.20683824261,17,infrastructure,suburban,crawl_space,steel,hip,1,1,luxury,rocky,32.588280457749654,22831946.3990822
3579.0596951527864,19,residential,urban,slab,glass,flat,0,1,premium,clay,46.396428249232336,2205342.124758254
7791.500691809032,11,residential,urban,crawl_space,brick,mansard,0,1,standard,loamy,44.98794973126158,1861277.8806685708
888.1587432098825,18,commercial,suburban,slab,wood,gable,0,0,economy,clay,27.476969520852457,119590.06192544934
31730.628616343587,2,industrial,rural,basement,brick,flat,1,1,luxury,rocky,98.05570400973448,9407491.57931719
22659.834557815706,9,infrastructure,rural,basement,glass,gable,0,1,standard,loamy,54.388508272988865,4166212.443670715
7146.605119662639,17,industrial,urban,pile,brick,flat,0,1,luxury,clay,89.7279440952669,5534842.775773618
47917.73899231014,14,industrial,suburban,pile,brick,gable,0,1,luxury,clay,58.5355385661743,23479157.97163333
26718.156335308184,4,commercial,rural,pile,glass,mansard,0,1,premium,rocky,69.01831235685056,5851948.19800577
12473.718058588014,17,commercial,suburban,slab,glass,mansard,0,1,economy,sandy,2.954244347708701,2300444.203368375
25279.876772158023,17,infrastructure,suburban,basement,wood,gable,0,0,standard,sandy,51.18185493943873,5294550.41586502
34141.206470387835,12,industrial,urban,basement,glass,hip,0,0,standard,rocky,72.12767828882392,11351578.989081504
4273.8412896914415,18,residential,suburban,basement,wood,gable,0,0,economy,clay,12.186303823803202,529560.2982684562
14097.838844870654,3,industrial,suburban,crawl_space,concrete,flat,1,0,standard,sandy,67.83249625348517,2371141.3800210585
40444.79179875768,11,commercial,suburban,slab,concrete,gable,1,0,luxury,sandy,8.427222693333302,22008785.603453785
23253.411084931733,18,residential,rural,slab,glass,gable,0,1,economy,clay,80.70229178088347,3462814.7287443704
27555.568530598597,4,residential,urban,pile,brick,flat,0,0,luxury,rocky,97.7783840176275,12862715.436310833
21924.392109368728,17,commercial,urban,crawl_space,steel,mansard,0,0,luxury,rocky,62.67346011792527,17884850.932199
2673.0471608287535,18,residential,suburban,crawl_space,brick,flat,0,0,luxury,sandy,7.707789278319089,1521550.239430052
8704.614101097719,5,industrial,suburban,basement,glass,gable,1,1,economy,rocky,58.6753449498431,1179625.4094422406
22554.3111177236,14,commercial,rural,pile,wood,flat,0,1,standard,clay,74.08630797975823,3344324.4684079187
10854.680537692428,10,infrastructure,urban,slab,brick,gable,0,0,luxury,rocky,93.30959962247755,6819229.131413537
2973.9619186540976,15,commercial,rural,crawl_space,concrete,mansard,1,0,economy,loamy,4.545869180522077,360852.49541432573
42260.658370565274,1,infrastructure,urban,basement,glass,gable,0,0,economy,rocky,77.50423088127309,5492781.293803344
49069.03019362373,16,infrastructure,rural,slab,brick,gable,0,1,premium,rocky,13.258170690357485,13739803.272935148
39760.5722628386,11,commercial,suburban,basement,brick,mansard,0,1,premium,rocky,79.05863772293107,11235403.369989824
42762.353624381016,6,commercial,rural,slab,wood,flat,0,1,premium,loamy,88.8710285872585,8300596.959340509
12477.867950693746,16,infrastructure,suburban,basement,wood,hip,0,1,standard,clay,86.12428314330243,2681438.1256720438
48051.03528790339,2,infrastructure,urban,slab,wood,hip,0,1,standard,rocky,65.28731574573901,7533632.518416528
10247.822370444705,1,residential,urban,pile,steel,gable,0,0,standard,sandy,50.07656288003105,2040276.141372046
47595.7756129107,9,commercial,suburban,slab,glass,gable,1,1,standard,rocky,87.45867124007208,11936257.533473253
49743.55505131458,12,commercial,urban,slab,glass,mansard,0,1,luxury,loamy,51.90712602536172,41064570.39849381
35730.27888442941,17,residential,rural,slab,concrete,flat,0,0,economy,loamy,19.011112797749185,4271485.390730922
49066.61472369519,15,commercial,suburban,basement,concrete,hip,0,0,economy,sandy,94.2833032104235,7418432.3217889955
28692.21908857163,19,residential,urban,crawl_space,glass,hip,0,1,premium,loamy,37.32906598769134,18491967.956094645
13347.318267216471,10,residential,rural,slab,brick,mansard,0,0,economy,loamy,62.43490281584347,1234387.7580336665
22131.296340448233,12,commercial,rural,slab,glass,mansard,0,1,standard,loamy,19.914580799419024,4111907.300853239
29881.266301249903,14,industrial,urban,pile,steel,hip,0,1,economy,clay,11.053963599156102,5645133.309028846
4117.537320337242,9,infrastructure,urban,slab,concrete,flat,0,0,luxury,loamy,55.103845021878215,2510475.7277851147
31305.991598553683,13,commercial,rural,pile,concrete,flat,0,0,luxury,rocky,55.45945498335341,14311675.088269789
49068.30291973358,3,industrial,suburban,slab,concrete,flat,1,1,premium,sandy,36.97423395011975,12323911.72511895
9910.328664294517,14,residential,urban,basement,glass,gable,0,0,standard,rocky,31.173853264171825,3402818.6736765406
39733.45825627497,10,industrial,urban,crawl_space,concrete,flat,1,0,economy,rocky,37.4173487534935,6382261.893372962
45440.990292091155,16,commercial,suburban,crawl_space,concrete,gable,0,0,premium,sandy,79.51455998625016,16943339.47405838
47213.22884460093,7,commercial,suburban,crawl_space,glass,gable,0,1,economy,clay,35.77347919252332,5995882.750580012
48026.712418069634,4,industrial,urban,basement,brick,mansard,0,1,premium,clay,92.13726736551695,14439397.169632852
26312.25211671286,11,commercial,suburban,pile,concrete,gable,1,0,premium,loamy,11.29624677910802,9050851.600198604
48876.741445579435,16,infrastructure,rural,crawl_space,concrete,gable,1,0,luxury,clay,93.15762948059138,24858220.532976232
37986.855253154725,4,industrial,rural,basement,concrete,mansard,1,0,luxury,clay,68.95480055380526,13015321.212179618
8502.736093729614,17,residential,rural,basement,steel,flat,1,0,luxury,loamy,34.43509254874102,4727129.432520568
24106.555270164514,13,industrial,urban,slab,glass,flat,0,1,premium,clay,0.6855223276326372,13361575.301321704
36057.393180914194,11,industrial,suburban,pile,concrete,hip,1,0,luxury,clay,80.24316220114342,19268028.454703216
12743.345633044624,3,industrial,rural,basement,steel,hip,1,1,luxury,loamy,96.93274629715809,4506381.676851835
32210.451585669925,9,industrial,suburban,pile,brick,gable,0,1,standard,rocky,98.24393609129368,6028402.861268149
33496.72371280765,6,residential,rural,crawl_space,brick,hip,1,0,economy,rocky,42.34052102368495,3362551.346779821
8553.637318524012,11,residential,suburban,crawl_space,steel,mansard,0,1,economy,sandy,7.050439553695387,1138186.1187550947
28471.722966411435,16,residential,rural,crawl_space,brick,hip,1,0,standard,clay,31.37537857422433,5835623.542034955
38695.53209344108,19,industrial,rural,slab,wood,hip,1,0,standard,loamy,30.97402300134321,6999143.7638549525
25195.335394529124,5,infrastructure,rural,slab,brick,gable,1,1,luxury,loamy,10.238124194339647,7597293.052768684
1099.1042804173176,14,infrastructure,rural,pile,wood,mansard,1,0,luxury,clay,52.47165975665746,423259.6272572368
947.4042194249628,17,residential,rural,pile,steel,hip,0,0,economy,clay,60.45784784843784,109795.38783016925
18172.952526515604,3,infrastructure,rural,slab,wood,flat,0,0,standard,loamy,72.88190783055958,1875330.842075598
46346.606387373206,4,infrastructure,rural,basement,brick,mansard,0,0,standard,loamy,5.1013744565620245,5699635.0311382655
11819.500590378635,16,infrastructure,rural,pile,concrete,mansard,0,1,luxury,loamy,27.53973297858203,5322856.138429477
31901.002599148513,16,infrastructure,rural,pile,wood,gable,0,0,economy,sandy,35.52035022727461,3311151.5766059933
11492.75559931937,4,infrastructure,suburban,crawl_space,brick,mansard,0,0,premium,rocky,89.2241359672752,2833620.5407351754
16422.664488147657,19,commercial,suburban,pile,concrete,mansard,0,1,standard,loamy,90.13920115386014,4430092.025511792
42478.08343527346,17,residential,urban,pile,steel,mansard,1,0,economy,rocky,25.997186411955685,9266369.39601425
36578.64139236237,13,industrial,rural,basement,steel,mansard,1,1,economy,clay,48.73310573970664,4962361.869168695
5222.264227003926,1,infrastructure,suburban,pile,glass,mansard,0,0,economy,rocky,42.47563630983369,473412.41151972994
21720.750038828464,12,commercial,suburban,basement,steel,mansard,0,0,standard,rocky,52.670757712949204,4998371.163602433
1943.9033004405912,4,industrial,suburban,crawl_space,glass,mansard,0,0,premium,rocky,28.61147849475155,556097.649246429
24304.062256848945,11,commercial,suburban,slab,steel,flat,0,0,luxury,clay,46.29216474371653,14419859.022777477
33290.48357920287,5,infrastructure,suburban,crawl_space,steel,mansard,0,0,premium,rocky,14.537040924716482,9533873.184481869
6365.879868108502,2,infrastructure,suburban,basement,steel,gable,1,0,economy,rocky,70.95504493463056,719184.865851265
14799.804476003701,17,infrastructure,urban,basement,glass,flat,0,1,standard,sandy,36.97404704538627,5661432.48073345
20192.912962356768,8,infrastructure,suburban,pile,glass,mansard,1,0,standard,clay,54.241669293359216,4731820.100699642
46016.785720474465,6,industrial,urban,pile,wood,hip,0,0,premium,rocky,60.46012175027106,14506608.132350767
49666.12326343672,9,industrial,urban,slab,brick,gable,0,0,premium,clay,83.6525696227777,16678261.203196231
2723.109300282985,13,commercial,rural,basement,brick,flat,1,1,standard,loamy,8.175936835006038,488456.7578625995
38169.89221302191,11,residential,rural,basement,brick,gable,0,0,premium,rocky,48.274014945213864,8614913.258950798
18900.34128691599,16,infrastructure,rural,crawl_space,steel,flat,0,0,luxury,clay,89.40720803034152,9431831.338677729
19926.680218359263,16,commercial,suburban,slab,brick,hip,1,1,luxury,rocky,32.979750949732754,11396519.400019357
37836.11618067762,2,commercial,rural,crawl_space,glass,gable,0,0,luxury,rocky,44.45261721105324,12382748.791933848
45962.108391197726,10,commercial,suburban,pile,wood,gable,0,0,economy,loamy,8.507439168912057,5151859.003812714
47570.965427876145,12,infrastructure,suburban,pile,concrete,flat,0,0,premium,sandy,75.06733465584017,15916307.948454635
29067.56800889688,8,infrastructure,rural,crawl_space,wood,flat,1,0,standard,clay,8.50215762992692,4257154.483620742
18177.49738537489,11,commercial,rural,pile,brick,hip,0,1,economy,rocky,63.09780557045451,1812045.6992713457
39483.67975000957,10,infrastructure,urban,crawl_space,brick,mansard,1,0,standard,loamy,37.42451066849124,10915632.76136102
12924.568471483863,13,commercial,urban,basement,glass,flat,0,0,premium,loamy,33.815951803116086,7001929.470820346
28421.66442725913,17,industrial,suburban,basement,wood,flat,0,0,premium,sandy,58.550369358007714,8485001.930027137
18249.63384548122,7,infrastructure,suburban,pile,glass,flat,0,1,economy,sandy,56.766923570842266,2282501.9718854995
33003.238148539866,3,industrial,rural,slab,glass,hip,0,0,economy,loamy,40.54529783257274,3122821.070798989
12399.746188228592,13,residential,rural,basement,concrete,mansard,0,1,luxury,loamy,27.834456784448548,5469274.460906219
9983.850813873876,19,infrastructure,urban,pile,glass,mansard,0,0,economy,clay,50.81687600184123,2286145.83849367
45952.834790434135,7,residential,rural,slab,glass,hip,0,1,luxury,clay,26.71025994090208,19020960.598674815
5539.282306002076,9,commercial,suburban,pile,concrete,mansard,0,1,economy,loamy,10.2641328267279,712248.0422363654
25544.916432879116,19,infrastructure,rural,crawl_space,steel,gable,1,0,luxury,loamy,79.9152447302912,15811680.500289228
11432.212756668941,13,infrastructure,urban,pile,steel,hip,0,0,premium,sandy,70.23099111991377,5396162.624457577
2427.033184620539,8,infrastructure,suburban,crawl_space,concrete,flat,1,0,standard,clay,8.435096272997544,512269.75229686167
2282.9315054256062,18,residential,urban,basement,glass,mansard,1,0,premium,loamy,16.260560374667065,1424263.7586445815
9173.477719238454,2,residential,urban,basement,brick,gable,0,0,luxury,clay,10.016667950145909,4011014.0182336695
43405.13254804701,18,commercial,suburban,pile,wood,hip,0,0,premium,clay,79.07102251994925,14234673.700447528
14482.697826862819,18,industrial,urban,slab,brick,hip,0,0,economy,loamy,77.28708631148434,2944869.2751257694
47547.72894347714,11,industrial,rural,pile,brick,flat,1,0,economy,loamy,40.8034620109873,5371764.198400239
29290.303502965082,1,residential,rural,pile,glass,flat,0,1,standard,rocky,82.1400788476733,3702172.347932195
22112.402393553923,14,infrastructure,urban,basement,wood,hip,1,0,standard,clay,97.39589068041292,5854079.653010298
29214.397316138,16,industrial,rural,basement,wood,gable,0,0,premium,clay,97.04670822542319,7276922.069677219
26076.570068700254,11,industrial,urban,pile,steel,flat,1,1,standard,sandy,98.08574713461935,7923094.056592373
38059.424560987594,1,residential,rural,basement,concrete,hip,0,1,economy,sandy,84.63846798907831,2475722.0881662257
14483.555265656187,7,commercial,urban,crawl_space,glass,hip,1,1,economy,sandy,21.69879644989301,2729489.8036772474
17975.99438421497,16,residential,rural,pile,wood,flat,0,1,economy,clay,5.741802659675721,1692240.5203591683
44757.66797539591,14,residential,suburban,basement,glass,mansard,0,1,luxury,loamy,81.16598756175837,31360732.10764748
47349.59740094507,15,infrastructure,suburban,pile,steel,gable,0,0,luxury,loamy,30.854374794625915,29214844.270492584
44681.63226058049,14,residential,rural,basement,brick,mansard,0,1,premium,loamy,33.77537676345362,12369281.747486845
21262.675700887023,11,infrastructure,urban,crawl_space,wood,mansard,0,1,luxury,clay,7.29955992271295,12390508.017808715
39128.09239884064,16,commercial,rural,crawl_space,steel,gable,0,1,standard,loamy,71.4711334471692,8150342.433860339
24078.61879840439,19,infrastructure,urban,pile,glass,gable,0,0,economy,sandy,43.075739307708936,5652515.886157034
25128.22268123206,17,commercial,rural,crawl_space,steel,flat,0,1,premium,loamy,20.42655042113204,8413301.581948215
10631.665398335555,6,commercial,rural,crawl_space,steel,flat,0,1,luxury,loamy,65.24609638269186,4191818.286339006
29760.950011296565,11,commercial,suburban,basement,steel,flat,0,0,premium,sandy,97.98840619967645,9732700.97989895
9713.726938790724,17,residential,urban,pile,steel,gable,1,1,premium,rocky,49.84003113528136,5165810.450171961
16912.452603826092,9,infrastructure,urban,basement,steel,mansard,0,0,standard,rocky,60.637019795119826,4951612.046127259
42823.99498018679,18,industrial,urban,basement,steel,gable,0,1,standard,rocky,16.28573530883206,16373675.138359891
10750.252555937333,17,residential,urban,slab,concrete,flat,0,1,standard,clay,16.095728433259637,3469811.2314006826
4022.3351160849243,12,commercial,urban,crawl_space,glass,mansard,1,0,premium,clay,45.824141891378744,2142151.03838924
3915.875834334407,5,industrial,suburban,basement,brick,flat,0,1,premium,sandy,84.47603637974295,926397.8921661589
47068.833764903844,11,residential,rural,basement,glass,mansard,1,1,standard,rocky,90.91500212508559,9726688.30839993
25592.561679110815,4,industrial,urban,basement,wood,flat,0,0,luxury,clay,64.17516821859721,10906251.143173426
20765.897554942407,4,commercial,urban,crawl_space,wood,gable,1,0,economy,loamy,36.051972085426456,2504744.751571056
40638.48975989196,3,industrial,rural,crawl_space,glass,hip,0,1,standard,rocky,75.00392962591053,5971451.52877146
41873.383431570546,17,industrial,suburban,crawl_space,steel,hip,1,0,luxury,rocky,29.194039994436714,27589893.055600885
16943.456139222428,7,commercial,suburban,pile,concrete,mansard,0,0,premium,clay,21.955308426395526,4377748.6234152615
34834.09384495286,4,industrial,suburban,basement,brick,gable,0,1,premium,rocky,79.54275473958894,8272601.682190383
38670.57938466839,13,residential,rural,crawl_space,steel,flat,0,1,luxury,sandy,75.1318009698282,16846574.59444601
32905.20899986475,12,industrial,rural,basement,glass,mansard,1,0,luxury,sandy,88.21053867693976,17384820.880624335
8003.956202604919,1,infrastructure,suburban,pile,glass,mansard,1,0,premium,clay,57.648391105237906,2029608.0186117315
43856.21263409432,19,residential,suburban,slab,concrete,flat,1,1,premium,rocky,89.6714583053025,17251005.4561362
27185.18036043243,18,industrial,rural,pile,concrete,flat,0,1,premium,sandy,2.647836412578175,8296768.143967302
14482.385105315183,11,infrastructure,suburban,crawl_space,glass,flat,0,1,premium,rocky,25.37158510000429,5105025.473516921
21548.79517916585,3,infrastructure,urban,crawl_space,steel,gable,0,0,standard,sandy,80.44545326774241,4505875.958604911
2359.7689747459153,17,infrastructure,rural,pile,steel,hip,0,1,premium,sandy,42.36581932863203,735128.6909356288
6829.40666050967,12,industrial,suburban,basement,steel,mansard,1,0,premium,rocky,23.938905494120565,2525646.859118846
38394.56415053511,10,commercial,urban,crawl_space,brick,mansard,0,1,luxury,clay,79.61390745622717,21955916.856337696
500.575920390624,8,infrastructure,rural,crawl_space,brick,hip,0,0,luxury,clay,82.22677220940821,147285.62003800037
21120.008509873463,15,commercial,rural,pile,steel,mansard,0,1,luxury,clay,45.62565803457983,10706845.117794802
26364.253963736628,5,residential,urban,basement,glass,gable,1,1,premium,rocky,46.65935443740562,10894213.553812595
3204.4037900481285,4,commercial,rural,pile,concrete,flat,0,1,luxury,rocky,78.09362341997911,908843.7141357962
48667.36906713048,19,commercial,suburban,pile,wood,hip,1,0,premium,rocky,77.13309656055134,17046858.073835246
11693.20389685876,4,commercial,rural,basement,concrete,gable,0,1,premium,clay,86.65639372196131,2101603.5932591744
15557.836621995903,15,commercial,suburban,basement,concrete,flat,1,1,luxury,rocky,64.55326083408336,9467288.547644095
15545.154356623852,17,commercial,urban,slab,wood,hip,0,1,economy,clay,18.589145970133835,2703637.072483062
11905.62477480882,12,residential,urban,pile,steel,gable,0,1,standard,sandy,54.97128036418298,3329031.4522391954
572.9541932724151,3,residential,rural,basement,concrete,hip,1,0,standard,clay,38.23846623687701,74695.63727866943
36602.56730735582,10,commercial,urban,crawl_space,wood,hip,0,0,economy,clay,2.7039114968128053,5332711.092784333
48358.852240064625,15,commercial,urban,slab,glass,gable,0,0,economy,loamy,19.650286207303893,10400773.856278844
11602.52742260973,10,infrastructure,rural,pile,glass,mansard,0,0,premium,loamy,20.557815556836278,3162002.0102512296
33320.83599426941,18,residential,suburban,basement,glass,gable,0,0,luxury,clay,8.233648084541045,23134385.496414825
37223.8681844564,1,industrial,rural,slab,steel,hip,1,1,standard,loamy,45.33195984111992,5286565.904385477
42497.05626498097,3,residential,rural,slab,concrete,hip,0,1,standard,rocky,50.80350913038747,5073219.583693918
21420.14525217365,12,industrial,suburban,crawl_space,concrete,gable,1,1,economy,loamy,34.001181716042616,2870912.0886639757
15495.079829201248,1,infrastructure,suburban,slab,brick,flat,0,1,luxury,loamy,41.23592256512569,5299886.027917862
16602.10913414004,3,commercial,suburban,pile,glass,flat,0,0,standard,loamy,54.94921924477762,3000507.663812301
35774.75598837638,3,infrastructure,rural,basement,steel,flat,0,1,standard,clay,12.04834852375949,4859786.75050666
40930.58359202898,5,commercial,suburban,slab,wood,flat,1,0,premium,sandy,56.22813074660932,9932607.587664045
9489.891403951831,19,residential,urban,slab,steel,gable,1,0,premium,sandy,70.99249899768132,5800693.11993924
18861.57990380938,1,commercial,suburban,pile,concrete,mansard,0,0,premium,sandy,87.47619949726861,3675790.689380348
45146.039739082924,4,industrial,urban,crawl_space,glass,flat,0,1,standard,sandy,30.1573707791841,11103548.856333822
40431.32922488959,4,industrial,suburban,crawl_space,brick,hip,1,1,standard,sandy,74.74094619497797,6856747.125697442
49250.49093674255,17,infrastructure,urban,basement,steel,flat,1,0,premium,sandy,60.602084361603794,25427666.73790944
37835.288854262995,14,residential,urban,pile,brick,mansard,1,0,premium,clay,50.2799031862583,16043122.821766365
19963.16245088215,18,industrial,urban,crawl_space,concrete,gable,0,1,luxury,rocky,91.9555545995229,15856635.150656112
29736.57278273457,1,infrastructure,urban,basement,wood,mansard,0,1,standard,rocky,62.000672861534845,4802224.136666401
33220.20558524235,16,residential,urban,basement,steel,mansard,0,1,standard,sandy,36.60694219987937,11937415.305668555
4383.562907697636,3,residential,suburban,crawl_space,concrete,mansard,0,0,economy,loamy,71.29329280352923,408421.10313759936
27452.59947564132,9,infrastructure,rural,pile,glass,flat,1,1,premium,loamy,95.98769865262746,8726036.973161008
35611.38100939417,4,industrial,rural,slab,steel,flat,0,0,premium,clay,91.81783777986902,7207492.470406675
8782.40454805249,5,industrial,rural,crawl_space,brick,mansard,1,0,premium,sandy,98.02698106659867,1789091.4953400856
39141.27001256508,11,infrastructure,rural,slab,steel,gable,0,0,standard,sandy,9.508342960846495,6960201.0996346995
29396.752635448527,9,industrial,rural,slab,concrete,flat,0,1,luxury,loamy,44.34436988370871,11382528.40432097
47634.978392030935,3,infrastructure,urban,pile,concrete,gable,0,0,standard,sandy,43.26892909759953,9809893.179258049
2599.903761241139,6,industrial,suburban,pile,brick,flat,0,1,economy,sandy,38.38115677102276,263962.4063018769
13633.643808995615,11,industrial,urban,basement,concrete,gable,0,0,economy,loamy,17.84909093423357,2226600.0949625825
30276.917025341292,9,infrastructure,suburban,pile,steel,flat,0,0,luxury,rocky,83.21990160420253,15852073.386954285
15179.71565419357,15,infrastructure,suburban,basement,brick,mansard,1,1,premium,rocky,67.30787316757157,5596344.241601702
35863.99612152649,3,industrial,suburban,crawl_space,concrete,hip,0,0,economy,clay,60.59904186578356,3143918.3597996742
38070.76148483559,1,infrastructure,suburban,slab,concrete,hip,1,1,standard,loamy,44.68531007614127,6197229.924156341
5574.5402212904855,19,industrial,rural,pile,steel,gable,1,1,economy,clay,38.85220003458354,810775.4815453021
25935.795978235,14,commercial,suburban,crawl_space,concrete,gable,1,1,economy,sandy,78.6462245313357,3676318.455937175
25690.082501757268,17,residential,suburban,basement,steel,mansard,1,0,luxury,loamy,52.68350927876572,16998982.899343427
18779.398125669282,14,residential,rural,pile,glass,mansard,0,1,luxury,rocky,60.76519412941468,10234937.45454884
46679.78069719877,17,industrial,urban,slab,steel,gable,0,1,standard,sandy,10.000321542162094,17589865.85614944
41461.56283372445,14,residential,urban,crawl_space,wood,hip,1,1,premium,rocky,47.14835242341192,17784486.300057948
35011.86440452702,12,industrial,urban,pile,concrete,mansard,0,1,luxury,rocky,13.031501624369302,24428987.75198636
35859.16846888238,16,infrastructure,urban,pile,glass,gable,0,0,luxury,clay,5.383369934900983,32299476.742104802
23354.949118749395,1,commercial,suburban,crawl_space,brick,mansard,1,1,premium,loamy,68.92950178555438,5096468.923759504
46089.228794280505,13,residential,rural,basement,wood,mansard,0,0,economy,loamy,27.481373273599687,4560180.655904772
34882.47364903762,6,residential,rural,basement,brick,flat,1,0,standard,loamy,96.50536004979823,4849608.033210552
36584.56255196292,17,infrastructure,urban,pile,wood,mansard,0,1,standard,clay,60.54988370856654,9981205.063943405
43153.69973747359,12,commercial,rural,basement,glass,gable,1,1,economy,rocky,64.5162031541821,6182568.2822898375
14066.543672438454,19,commercial,suburban,basement,glass,mansard,1,1,premium,clay,19.68228949233334,6359987.416081158
40450.009741401795,6,commercial,urban,crawl_space,glass,gable,0,1,premium,loamy,12.888288661064983,16129866.298452776
10164.409846346356,7,infrastructure,suburban,basement,wood,flat,0,0,luxury,sandy,52.540849811633535,3836283.673915732
17594.42663612195,1,residential,suburban,basement,steel,flat,0,0,premium,loamy,92.55611012114977,4286603.989212398
17112.717486357215,1,residential,suburban,crawl_space,brick,hip,0,0,standard,loamy,5.574511450800712,2398574.4795729034
48937.01068526246,5,commercial,suburban,pile,steel,flat,1,0,standard,rocky,50.817171254879526,9588833.30141095
42898.59257552238,6,infrastructure,suburban,pile,steel,flat,0,0,standard,loamy,19.871069980936053,8582666.44811833
35207.908148717856,16,infrastructure,urban,crawl_space,concrete,gable,0,1,premium,loamy,78.19840857090786,15738678.090606557
36489.309699961814,16,infrastructure,suburban,slab,brick,hip,0,1,economy,rocky,68.19487502837444,5271322.432171231
28322.60332292727,14,commercial,urban,crawl_space,wood,flat,0,0,standard,loamy,9.720650143776322,6992971.698293951
47380.98802187169,1,infrastructure,rural,slab,concrete,mansard,0,0,standard,loamy,61.63372062907094,5368948.181563221
25064.808267676897,13,commercial,suburban,basement,concrete,hip,1,1,economy,rocky,98.36001441128032,3956880.223300601
19335.626638559777,10,commercial,suburban,pile,glass,flat,0,0,luxury,sandy,52.813912605025784,10404081.7815757
8570.249178113754,10,commercial,rural,slab,wood,hip,0,1,premium,rocky,28.54488786063982,1920879.9400042547
39417.179786922374,9,industrial,urban,slab,steel,flat,0,0,standard,loamy,15.213525218079404,9981142.592450501
36854.974637741776,13,commercial,suburban,basement,steel,gable,1,0,premium,clay,98.96422493122316,14667153.30877733
19525.574406944677,3,infrastructure,rural,pile,steel,hip,0,1,standard,sandy,56.38158489969356,2392343.642088971
1747.0739909818533,18,industrial,rural,basement,glass,hip,0,1,standard,rocky,37.46984003591394,449253.04134775355
42030.367722041534,2,residential,suburban,pile,steel,flat,0,0,luxury,sandy,21.43152001243881,15469848.763619712
1065.1901809766448,17,residential,urban,pile,brick,hip,1,1,economy,sandy,95.01992162576268,206179.34905243572
35333.13909163802,19,infrastructure,urban,basement,steel,flat,0,0,economy,clay,62.702870853061754,8571463.1212199
48527.72693143982,13,infrastructure,suburban,slab,steel,mansard,0,0,economy,clay,5.766715146682733,7475885.223565831
22164.23574333607,13,infrastructure,rural,crawl_space,brick,hip,0,1,luxury,clay,5.944659811055053,9504880.720747665
12131.18354729966,1,infrastructure,suburban,pile,glass,hip,1,1,luxury,loamy,93.94359177064453,5239481.583111664
35391.11499714739,2,industrial,urban,pile,concrete,gable,0,0,economy,rocky,71.00969317040807,4088667.7357230093
40947.843029771466,1,infrastructure,rural,crawl_space,wood,gable,1,1,premium,loamy,10.343026614625305,6991616.3732425785
27548.300645853444,5,commercial,suburban,crawl_space,glass,hip,0,0,premium,rocky,62.37587430371217,8689881.098563798
48368.246125179234,3,residential,rural,basement,steel,gable,0,1,luxury,loamy,41.94314846416059,15517501.414937945
3057.6017220690746,7,infrastructure,urban,pile,concrete,hip,1,1,premium,loamy,78.87027791070517,1170979.5450721735
25487.382116074143,13,commercial,urban,basement,wood,flat,0,0,economy,clay,27.3712758358726,4115283.234771966
36063.47039246623,18,infrastructure,urban,crawl_space,wood,hip,0,0,standard,loamy,38.28468509334271,10741977.557563318
43200.70332188436,7,commercial,suburban,basement,wood,hip,0,1,premium,clay,16.73913304309156,9310187.211960375
9373.152789435608,1,industrial,rural,pile,brick,mansard,0,1,economy,rocky,25.249012625038038,629929.0867410318
40100.17234730223,5,residential,suburban,slab,brick,gable,1,1,economy,clay,18.915285454666186,4743222.163037814
27859.00024806799,17,residential,suburban,slab,concrete,gable,1,1,economy,sandy,2.4300062165865444,4513757.078540758
20129.40725850318,8,industrial,suburban,pile,steel,mansard,1,0,premium,sandy,4.616615532392188,7051701.786792259
7019.893914665131,15,commercial,suburban,basement,concrete,flat,1,1,standard,loamy,83.56243119306033,1702239.0398261421
43332.14006599117,4,infrastructure,rural,crawl_space,steel,flat,1,1,premium,sandy,80.38039706006398,9691203.274454668
8285.02380489591,2,commercial,rural,crawl_space,glass,flat,1,0,economy,rocky,14.072236080817923,773050.2473783784
15834.499030850413,5,residential,suburban,slab,wood,mansard,0,1,economy,loamy,66.78952528510989,1278526.5783212725
14857.253832140625,1,industrial,suburban,basement,wood,hip,0,0,economy,clay,74.56442946922677,1060985.6281461634
43634.99469244729,5,industrial,urban,crawl_space,brick,flat,1,0,luxury,loamy,5.127453988407115,22805029.69025658
33798.79821334045,6,commercial,urban,crawl_space,glass,flat,0,1,premium,loamy,8.854350760148222,13448355.103907399
39935.72916097293,2,commercial,rural,pile,glass,mansard,1,1,standard,sandy,56.30176955768055,6154217.620302033
12898.1609902287,1,industrial,urban,basement,steel,gable,0,1,premium,loamy,37.41504937604112,3795997.860812009
31431.267930546444,4,residential,rural,basement,glass,mansard,0,0,economy,rocky,69.93912340204731,3047212.315458741
28801.42616561556,7,infrastructure,rural,crawl_space,brick,gable,0,0,economy,loamy,55.76883310996655,2558312.8707735343
41725.10365101942,1,infrastructure,rural,basement,steel,flat,0,0,luxury,clay,3.102160770597562,12467087.510916004
45351.309493822395,1,commercial,urban,basement,concrete,flat,1,0,economy,clay,68.36785448014184,5926675.277855864
1101.7601881306468,8,industrial,urban,basement,steel,hip,0,1,premium,sandy,20.391799651757847,478266.3524400068
33863.985993410235,16,industrial,rural,pile,concrete,hip,0,0,premium,loamy,31.259984535366,10290061.875683043
3065.8720564265864,13,industrial,rural,crawl_space,steel,gable,0,1,premium,clay,73.63893264705185,855519.8743021874
27668.503921329117,18,residential,suburban,slab,wood,flat,0,1,economy,loamy,77.12534006662116,3478735.692148056
14737.82008766207,10,commercial,rural,basement,concrete,flat,0,1,luxury,loamy,34.58145897721428,6135174.750211035
15685.44167634599,12,commercial,rural,crawl_space,brick,mansard,1,1,premium,clay,8.92271913497079,3980032.886652196
17971.44592089165,1,commercial,suburban,slab,concrete,flat,1,1,standard,loamy,76.96728385107727,2608912.9832957583
31253.9762279557,10,residential,rural,pile,concrete,flat,0,1,standard,sandy,87.0210186658791,4679279.570698711
17035.473300604077,9,commercial,rural,crawl_space,steel,mansard,1,0,standard,sandy,96.43121444887669,3102232.9252838227
36768.60300421888,3,infrastructure,rural,pile,wood,mansard,1,1,premium,clay,31.782691114730987,6562035.618809879
20524.10558590655,19,commercial,suburban,crawl_space,steel,flat,0,1,luxury,rocky,12.385208522982548,14764725.545125535
3883.4834153429515,9,commercial,urban,pile,steel,hip,0,0,economy,rocky,93.76606339489891,607354.1202810087
39296.11220296331,10,commercial,rural,crawl_space,wood,hip,0,1,luxury,loamy,39.97656906859406,12280642.147969993
14645.037067338948,19,residential,suburban,pile,steel,flat,0,1,economy,sandy,9.35339629154537,2492037.460987274
21921.9605401635,16,infrastructure,rural,slab,wood,hip,0,1,economy,clay,49.8780957395045,2212973.5087381043
34429.47221948412,18,infrastructure,suburban,crawl_space,brick,mansard,0,0,economy,sandy,19.05245290265395,5183354.038509253
16956.579778861244,14,industrial,rural,slab,wood,hip,0,1,economy,rocky,35.52786838876294,1557117.764166505
3300.9899792624233,3,industrial,suburban,basement,glass,flat,1,0,premium,rocky,32.03502779545497,902675.5511872694
19009.091827134274,2,infrastructure,urban,slab,wood,hip,1,0,standard,loamy,98.7286867447736,3481657.263061037
47250.20484336802,1,commercial,urban,crawl_space,wood,flat,0,1,premium,clay,63.95132485108766,11688900.44669985
32265.85266627863,18,commercial,urban,slab,glass,hip,1,1,luxury,loamy,49.180268047244944,30415969.73990697
33738.21785902674,9,commercial,rural,crawl_space,wood,flat,1,1,economy,sandy,51.37524017055796,3259499.500426576
31797.96660506317,13,residential,suburban,pile,concrete,flat,0,1,premium,sandy,60.408868773107436,10581171.615971351
10350.110878492122,2,commercial,rural,basement,steel,hip,0,1,premium,rocky,87.2754517947202,1879948.8738262525
21207.526273062867,7,residential,rural,slab,steel,hip,0,1,premium,loamy,14.598228748084951,5440164.518266228
37671.52001898425,16,infrastructure,suburban,basement,brick,mansard,0,0,economy,sandy,59.963304234807445,4849295.011296879
5517.958428881378,19,commercial,rural,slab,brick,gable,0,0,economy,sandy,32.218290424717026,631321.202705258
14253.712416440758,15,commercial,suburban,crawl_space,glass,flat,0,1,economy,sandy,57.14022088252031,2363814.302950832
14177.795869059753,11,industrial,suburban,slab,concrete,flat,0,0,premium,clay,51.7730945318202,4709773.796099943
21884.936915928047,1,infrastructure,urban,basement,brick,flat,0,0,premium,rocky,2.9934180218033624,5952251.417964702
49028.25267663816,7,commercial,urban,slab,steel,flat,1,1,luxury,loamy,58.246462679151676,31626557.189000003
3841.376060849186,8,residential,urban,basement,brick,hip,1,1,standard,sandy,70.92138633046741,960923.0412035233
26175.699221839455,10,infrastructure,suburban,basement,brick,hip,1,0,standard,clay,24.599966817095165,5186372.04681253
9378.551759604417,5,industrial,urban,crawl_space,wood,gable,1,1,economy,sandy,10.68686597550419,1288801.5196017043
48548.48899778233,9,infrastructure,suburban,pile,brick,flat,1,0,standard,sandy,21.16444562248555,8836006.950686153
6108.523484009478,1,residential,rural,pile,glass,gable,0,0,economy,rocky,63.64128615773994,445563.31083164946
20478.249616898767,2,industrial,urban,slab,steel,mansard,1,0,economy,clay,46.8792771769709,3064833.787668598
37025.30674931301,19,residential,suburban,basement,glass,gable,1,0,premium,sandy,86.53047284828054,19415750.637624852
35375.44418735854,14,infrastructure,suburban,crawl_space,glass,gable,0,1,standard,rocky,28.49884186189452,9477022.193020241
21425.067526249648,10,industrial,suburban,pile,concrete,mansard,0,0,luxury,clay,36.50979193882532,10558600.82198132
17652.94631365955,9,residential,suburban,crawl_space,wood,mansard,0,1,economy,sandy,52.805012226072854,1895553.8977746065
20181.812738367094,10,infrastructure,urban,crawl_space,glass,gable,0,1,economy,loamy,46.001684867900636,4022359.3334878753
13581.675026352645,6,residential,urban,basement,concrete,mansard,0,0,luxury,rocky,54.776128988273655,7833459.0391103225
10663.98046598659,17,commercial,urban,slab,steel,gable,0,0,standard,sandy,31.208834074068704,3647936.3081220607
24410.465029165054,6,infrastructure,suburban,basement,steel,hip,1,0,luxury,sandy,16.667107634504895,12204691.979948636
13792.420925346561,4,industrial,rural,pile,concrete,hip,0,1,standard,clay,80.33156490423752,1608909.8729907828
14729.35241241388,3,industrial,suburban,pile,glass,gable,0,0,standard,loamy,3.9295255581213717,2626596.1391344303
33009.42514199058,19,commercial,rural,crawl_space,glass,mansard,0,1,standard,rocky,36.970537749170475,7815179.20884449
48442.59791914466,18,residential,urban,basement,wood,mansard,1,0,standard,clay,8.740188095081658,13289664.011306189
30380.041427689066,4,residential,suburban,basement,wood,hip,1,1,standard,sandy,73.63284263050492,4625762.00847866
4310.483619715831,8,industrial,suburban,crawl_space,steel,hip,0,1,standard,rocky,36.5513144601599,815341.8028131962
4241.388885776316,17,residential,urban,slab,wood,mansard,0,1,economy,sandy,3.004970292369702,681866.6191297121
47595.449431855515,5,infrastructure,suburban,crawl_space,concrete,mansard,0,1,premium,sandy,7.587535977331417,11201182.788335567
15215.894120213015,13,infrastructure,rural,crawl_space,steel,mansard,1,1,economy,loamy,19.859861578391367,2182240.411593312
5057.315811082534,1,industrial,rural,pile,glass,mansard,1,1,economy,sandy,78.69155321362513,441563.01146655175
30152.707063943886,13,infrastructure,rural,basement,steel,gable,1,1,luxury,rocky,79.9188405082352,14111694.13007016
31370.61452536817,4,industrial,suburban,pile,brick,mansard,0,1,premium,sandy,99.66125552840315,7382589.093308529
32600.988595875064,14,residential,suburban,crawl_space,steel,hip,0,1,premium,rocky,24.09232838169011,13019775.716252582
13736.400378948294,3,residential,rural,basement,wood,hip,0,0,premium,loamy,6.043705302360558,2212285.6223267354
1247.9788686165143,5,residential,suburban,crawl_space,concrete,flat,1,0,standard,sandy,28.31308276937845,234056.4369021353
48268.260787996354,7,commercial,rural,crawl_space,glass,mansard,0,0,standard,clay,17.881999748448596,7942033.551264543
12919.205761709572,1,industrial,urban,slab,glass,gable,1,1,standard,rocky,71.03879989153981,2907680.094070559
33963.3012586011,12,infrastructure,rural,pile,wood,flat,1,0,economy,sandy,96.9240387773468,3703383.879118806
35478.17855899612,11,residential,urban,pile,wood,flat,1,1,premium,clay,27.302502680833097,13369237.857368352
30695.367145434542,8,commercial,urban,crawl_space,wood,gable,0,0,premium,rocky,32.86330827811689,9246779.102070218
15988.916013575586,6,infrastructure,urban,slab,brick,flat,0,0,economy,clay,35.11161718503614,2071095.1862773832
13919.264561321255,2,infrastructure,rural,crawl_space,concrete,flat,1,0,standard,sandy,85.69537581006843,1923767.243184097
30084.579993783806,19,infrastructure,rural,crawl_space,brick,hip,1,0,luxury,loamy,57.801884073591324,15948334.937498922
43371.73386377873,14,residential,suburban,crawl_space,wood,flat,0,1,premium,loamy,97.39763961037055,12239093.417243196
47363.31958170808,1,infrastructure,suburban,slab,concrete,gable,1,0,economy,clay,62.71621744785693,4436832.217478702
5742.337317986003,10,industrial,urban,basement,wood,mansard,0,0,standard,sandy,70.58822039082193,1318127.265835846
8164.016323587132,16,commercial,rural,slab,concrete,mansard,0,1,economy,sandy,8.91672042184859,923558.7094200389
47264.44480976244,4,infrastructure,suburban,crawl_space,glass,mansard,0,0,luxury,rocky,95.168035624424,21558524.98165038
36958.49380257223,11,infrastructure,suburban,basement,brick,hip,1,0,luxury,sandy,62.805649074513305,17348079.448137436
44208.19432907377,16,industrial,suburban,crawl_space,wood,hip,0,1,standard,loamy,52.01806600696012,8350205.629950829
10530.315389699486,1,infrastructure,rural,slab,wood,hip,0,0,economy,sandy,38.74037840695285,634764.648616666
29585.50061991539,16,residential,suburban,slab,steel,gable,0,0,standard,rocky,7.705001242247667,8084229.596106886
35206.40992366494,19,residential,urban,basement,glass,mansard,0,0,economy,rocky,13.334700517036957,8652406.857058574
34165.538329625146,9,residential,rural,slab,wood,gable,1,0,economy,sandy,1.1695196926140294,3089393.8075729865
20703.508697901558,9,infrastructure,suburban,crawl_space,brick,gable,0,0,luxury,sandy,99.86924846668508,9708951.09889414
1262.0471387197695,9,commercial,suburban,basement,glass,flat,1,0,economy,rocky,78.62896224242424,175843.73266777594
29354.839811811024,17,commercial,rural,pile,wood,mansard,1,0,economy,rocky,79.74519440782282,3557742.6779058734
13028.526189390634,12,infrastructure,suburban,crawl_space,brick,flat,1,0,luxury,clay,73.00902381384468,6448143.999258866
22787.585184073072,13,commercial,suburban,pile,steel,hip,1,0,premium,loamy,48.41060420895753,8623512.042412637
47900.260246648955,8,commercial,urban,basement,steel,hip,0,0,premium,loamy,8.819719211559018,19442901.40423998
20252.248223300518,16,infrastructure,rural,basement,brick,gable,0,0,premium,clay,7.226904139913881,5906851.080557315
42070.17952988912,18,residential,suburban,crawl_space,glass,gable,0,0,premium,clay,91.63742369855879,20471950.488749534
9832.75998458793,1,infrastructure,rural,slab,brick,flat,0,1,economy,loamy,0.03144519538466062,635497.8817399003
33786.794652238925,1,residential,rural,crawl_space,brick,flat,0,1,premium,rocky,69.9102858920885,5173084.961277909
48861.844244727705,12,residential,urban,slab,steel,gable,0,1,premium,loamy,62.857841552960814,21389582.86456804
5543.708493210372,6,commercial,urban,slab,steel,mansard,1,1,economy,rocky,50.12253451433124,890628.6609860348
911.8371402460045,9,commercial,rural,crawl_space,steel,gable,1,1,premium,loamy,97.49505870371958,252707.8373113016
21962.34823531441,5,residential,urban,basement,wood,mansard,0,1,premium,rocky,19.812835496199334,5951756.516799958
5084.961411042676,16,residential,urban,crawl_space,wood,flat,0,0,standard,loamy,78.5286450874341,1240932.5957104892
37545.025308973454,18,commercial,suburban,pile,concrete,hip,0,0,premium,clay,67.4839191716105,14722614.198449623
45770.15886050367,17,industrial,urban,basement,wood,hip,0,0,standard,sandy,97.44317972311522,11577837.137311
21984.03814908356,18,residential,urban,slab,glass,flat,1,0,premium,sandy,93.40718261923627,14362205.32550492
13306.226286694327,1,residential,suburban,basement,glass,flat,0,1,economy,sandy,12.857128017681262,1378228.8286377352
22002.964290827185,19,residential,suburban,crawl_space,steel,hip,0,1,premium,rocky,30.771646411357125,9246833.046452386
36310.66698357505,8,commercial,rural,basement,brick,mansard,0,0,luxury,sandy,85.08001209548208,12469975.508624356
948.1809982283635,3,infrastructure,urban,slab,steel,flat,0,1,economy,loamy,22.86605050834324,137228.22834198337
29677.97247949251,5,residential,suburban,slab,brick,mansard,0,0,premium,sandy,37.85395476997311,7588366.564762357
30857.938401925265,8,residential,urban,basement,steel,mansard,0,1,premium,rocky,62.59638666583891,13201516.243357103
32065.568221348807,19,residential,rural,pile,steel,hip,0,1,economy,rocky,56.291392779068,4175901.010395174
12480.092959053422,18,infrastructure,urban,slab,glass,mansard,0,0,luxury,rocky,64.06065598063914,11189295.21572027
35845.609807217275,18,infrastructure,urban,pile,brick,hip,0,1,economy,loamy,71.34881644373749,7002225.373704739
5023.878573422932,1,residential,urban,slab,concrete,flat,0,1,luxury,rocky,72.87699904132823,2190625.943759873
10363.881655106641,15,residential,suburban,basement,concrete,gable,1,1,economy,loamy,73.75575968218767,1578578.925517293
43934.767309396855,18,industrial,suburban,slab,steel,gable,0,0,economy,rocky,99.16767800559539,8026061.312172968
37066.795960965035,7,infrastructure,rural,pile,steel,gable,0,1,standard,clay,35.65872716308053,5995289.183663234
1180.4049235615898,16,industrial,urban,pile,glass,gable,0,1,standard,rocky,4.418636171602031,460909.06386913266
12794.62488830511,16,residential,rural,basement,brick,gable,0,1,economy,sandy,34.886201437907204,1364700.025073778
11113.120908161645,15,residential,rural,pile,steel,gable,0,0,standard,sandy,91.15759289648476,2163804.519326561
13904.913237830142,6,residential,suburban,pile,concrete,mansard,0,0,premium,clay,8.338888564098568,3709675.5025843885
12754.208628854378,9,residential,urban,basement,brick,mansard,0,1,premium,rocky,64.69422171906784,4861119.257897986
3595.051639270864,7,commercial,urban,slab,steel,gable,0,0,premium,sandy,42.316143260452996,1484727.5983292798
23217.555571542605,14,commercial,rural,basement,brick,flat,0,0,standard,sandy,92.15728342660056,4091161.191525467
36770.30700191517,11,commercial,urban,slab,glass,flat,0,0,standard,loamy,92.85732577409865,11481580.085622715
30533.220373513104,16,industrial,suburban,slab,concrete,mansard,1,0,premium,loamy,78.52445821625993,12019826.195569796
33807.14759560495,6,infrastructure,rural,slab,brick,mansard,0,0,economy,rocky,9.852029149559316,2516305.829169879
4516.884337543838,16,residential,rural,crawl_space,concrete,gable,0,0,premium,clay,2.4714957464907483,1348726.7987733553
47598.79015375097,16,infrastructure,suburban,slab,steel,flat,0,0,standard,rocky,13.659005789916057,13236413.459099323
42005.34577522973,12,commercial,suburban,basement,wood,hip,0,1,luxury,loamy,32.18239969004919,19167737.31896919
40351.970765535305,17,residential,suburban,basement,brick,gable,1,0,premium,loamy,24.143185919747545,13935237.632327152
41237.698349567494,5,residential,suburban,basement,concrete,mansard,0,0,premium,rocky,36.9759170162247,10707702.3660891
46669.170152571685,13,industrial,suburban,crawl_space,brick,mansard,1,1,standard,rocky,14.307702605271722,10793759.30085785
27440.571322628035,8,infrastructure,suburban,pile,steel,mansard,0,0,standard,rocky,75.2503149113981,5559577.567030214
10413.959884447482,5,industrial,rural,crawl_space,steel,hip,0,0,standard,rocky,84.52965249643374,1552439.2471263271
31030.788588700787,12,commercial,urban,basement,concrete,flat,0,0,standard,clay,48.795255332962874,8119098.401866347
37272.63393656298,9,infrastructure,urban,basement,glass,mansard,1,1,premium,sandy,95.65267482167172,17255987.925210293
37026.910971024256,3,commercial,rural,pile,brick,gable,0,1,standard,rocky,12.034444993515637,4454407.365718428
26311.726696260564,3,industrial,urban,crawl_space,brick,hip,0,0,luxury,sandy,10.581389312695011,12237846.869167186
3888.7066070121136,1,industrial,urban,basement,steel,flat,0,1,economy,loamy,20.039915116096097,510501.32199279184
18870.090452291326,18,residential,rural,slab,brick,gable,0,1,standard,sandy,98.19125566838188,3373280.5642362316
46077.94711893619,12,infrastructure,urban,slab,concrete,gable,1,0,standard,rocky,41.64978118324392,12810047.56217956
29430.221032992587,9,infrastructure,urban,basement,wood,hip,0,1,premium,sandy,92.41058055393671,9171036.759398378
27147.431191157815,9,residential,rural,slab,steel,hip,0,0,economy,rocky,20.200975420409385,3006138.8884552643
13808.24896191858,18,infrastructure,urban,pile,wood,hip,0,1,economy,rocky,84.61031400809817,2527090.793713146
18738.221535870656,18,commercial,suburban,basement,brick,mansard,0,1,economy,loamy,31.001836974377316,2615925.160728792
44819.63141308188,7,commercial,rural,crawl_space,glass,flat,0,1,standard,rocky,73.43994041991076,7394714.212016197
33489.92085257837,4,industrial,urban,basement,concrete,mansard,0,1,premium,loamy,97.44618166227372,9754557.14951172
39475.65782424048,13,commercial,urban,pile,brick,hip,0,1,premium,clay,93.3024643981102,16763392.489124725
22990.098441848928,17,infrastructure,suburban,crawl_space,concrete,hip,0,0,standard,rocky,83.13281279796215,5479925.70606027
31697.237363079817,2,residential,rural,pile,brick,hip,1,0,economy,loamy,5.020611951497322,2503480.629277049
12794.988632788773,14,industrial,rural,slab,brick,mansard,0,1,economy,loamy,60.7769881837106,1355992.3985398004
35420.31109903257,3,residential,urban,slab,brick,gable,0,0,premium,rocky,83.54481891113258,10591749.745939929
21666.266018315197,5,industrial,suburban,slab,steel,hip,0,0,luxury,sandy,39.932658980730636,9412871.42924766
22406.002983329905,14,industrial,suburban,pile,wood,mansard,0,0,standard,loamy,73.11879486031434,4488427.096151181
32641.45506655564,3,residential,suburban,pile,glass,hip,0,0,luxury,clay,13.811317913449116,14235715.941788187
46845.89076271187,7,commercial,suburban,basement,wood,mansard,1,0,luxury,sandy,17.67651055745757,17405195.428517986
3668.3141571267356,18,commercial,suburban,crawl_space,wood,flat,0,1,economy,sandy,64.37094974122003,483547.1974807231
41324.79024867688,13,commercial,suburban,crawl_space,concrete,flat,0,0,luxury,rocky,43.71110202378215,22342680.092121582
14972.96396540356,10,commercial,rural,pile,steel,mansard,0,1,standard,loamy,21.82512554742553,2588237.3015628504
22474.012998065704,13,residential,urban,pile,steel,hip,0,0,premium,clay,28.287398929063468,10357895.782056086
1584.7097743629433,16,infrastructure,urban,slab,brick,mansard,0,1,standard,loamy,61.89186423344151,444704.9028218711
15401.780852798494,9,industrial,suburban,pile,wood,flat,1,0,standard,clay,72.53707861135217,2935227.002608733
25380.24651019146,2,residential,rural,slab,glass,mansard,1,1,standard,loamy,20.76141656074354,3728110.8431201675
3280.7158286982312,5,commercial,rural,pile,concrete,flat,0,0,standard,rocky,95.51939802904847,424299.6933479574
24809.238604466675,17,commercial,suburban,crawl_space,steel,flat,0,1,luxury,clay,0.8178706992683527,16026299.023805946
46391.976128492155,4,residential,urban,basement,brick,gable,0,0,economy,rocky,70.00622733569611,5950355.820595496
5716.9642963363585,17,industrial,suburban,pile,glass,hip,0,1,premium,loamy,29.10006466994699,2780282.7331440193
38339.81603973747,9,residential,rural,slab,wood,mansard,0,0,economy,clay,47.85145895827162,3242471.915137737
20778.717142111636,2,residential,suburban,basement,glass,hip,0,0,luxury,clay,56.984704694716385,8829279.610432459
32931.09886895474,18,infrastructure,urban,slab,steel,hip,1,0,economy,loamy,56.152183458894164,7821362.824983038
13381.711600268853,11,residential,urban,slab,concrete,flat,0,1,economy,rocky,77.62776907787277,2128510.7006710107
8394.866995797234,13,infrastructure,rural,basement,wood,flat,0,0,luxury,clay,82.38308186185802,2892051.2508197767
8442.89940642571,8,industrial,suburban,basement,concrete,mansard,0,1,economy,clay,7.334935972139922,902765.6360093226
3989.35130933566,1,residential,suburban,basement,glass,mansard,1,1,premium,clay,70.30089140458794,1049284.8059966413
9689.51189261153,17,residential,rural,pile,glass,mansard,0,0,luxury,loamy,39.905749395486964,6000117.6381635545
33378.85955695393,12,commercial,suburban,basement,brick,flat,0,1,premium,sandy,81.85892711946087,9924184.970912065
44143.68528625365,4,residential,rural,pile,wood,gable,0,0,economy,loamy,60.88903711781624,2870412.280362687
40799.22143676251,13,commercial,suburban,crawl_space,glass,mansard,1,1,standard,rocky,1.0236431290477577,11485719.524840727
34414.14833878696,9,commercial,urban,crawl_space,steel,flat,0,1,standard,sandy,66.64650863688071,9139311.920721876
5966.377238849582,7,commercial,rural,slab,steel,gable,0,1,luxury,clay,92.57102408562345,2096105.0310283364
14814.778591649518,5,industrial,suburban,slab,concrete,hip,1,0,standard,clay,8.309690318068085,2603262.6939901994
15835.440328462215,5,infrastructure,suburban,pile,steel,flat,0,1,standard,sandy,49.4230727413689,2981568.3547956483
12872.868846682251,17,commercial,suburban,slab,glass,mansard,0,0,standard,clay,62.58535064496843,4019371.7304150206
25992.780155631295,9,residential,rural,crawl_space,steel,mansard,0,0,luxury,clay,19.58635523057447,10323888.963396564
27009.913836543794,6,residential,urban,pile,wood,gable,0,0,premium,loamy,65.06915516333056,8419495.073494466
18165.855770969956,19,commercial,suburban,pile,concrete,gable,0,0,standard,loamy,4.979845925443294,4987020.598015506
18012.563357453582,16,commercial,rural,basement,wood,flat,1,1,luxury,rocky,90.56792592796306,7414409.9434168385
41513.502096351025,2,residential,suburban,pile,glass,gable,0,0,premium,clay,76.26538483082315,10019622.595647551
39569.995991824435,10,commercial,urban,slab,glass,flat,1,1,luxury,rocky,94.10234655606867,32101224.871635105
15735.89366819691,16,infrastructure,urban,crawl_space,steel,gable,1,1,standard,rocky,41.842642390029894,5400877.2755192015
45732.52797172633,5,infrastructure,urban,slab,brick,hip,1,1,standard,sandy,3.420384269037602,10380126.951141194
47664.34334162405,15,industrial,rural,crawl_space,brick,mansard,0,1,economy,sandy,34.15340877410436,5250447.5713380985
16673.75583048702,13,commercial,suburban,basement,glass,mansard,0,1,economy,clay,51.57515497559167,2550603.8802249487
18044.034965256214,13,industrial,rural,crawl_space,glass,hip,1,0,economy,sandy,93.58718750448688,2622324.528701248
25528.89059438696,13,industrial,suburban,basement,concrete,mansard,1,1,premium,rocky,88.30664867445309,9334441.475543395
47085.48022041684,15,industrial,rural,slab,glass,mansard,1,0,luxury,loamy,59.40717916067258,26201330.83270892
43877.81194054442,14,commercial,suburban,basement,glass,mansard,0,0,premium,sandy,72.97522521435712,18802355.65375037
5577.114147887695,8,industrial,rural,pile,concrete,mansard,0,0,economy,rocky,95.38982922036895,479475.0928091396
19940.171791935103,11,infrastructure,suburban,pile,wood,hip,1,1,economy,sandy,85.05915924618317,2635705.7495086305
27891.873892613705,18,industrial,rural,crawl_space,wood,flat,1,0,standard,clay,65.88193950376835,5017023.931303715
25405.05739130123,4,infrastructure,urban,slab,concrete,mansard,0,0,premium,sandy,54.00551569225348,8319219.896943584
10096.221862876188,10,infrastructure,rural,slab,concrete,hip,0,0,standard,loamy,47.604076189597336,1652578.3723781472
43011.43017282366,1,commercial,urban,crawl_space,wood,mansard,0,0,standard,clay,75.66097476347265,6557653.705126244
34008.56875834345,5,industrial,urban,pile,wood,hip,0,1,luxury,sandy,80.87730151859434,14909416.368182747
41976.464555164275,13,commercial,suburban,basement,wood,hip,1,1,economy,loamy,21.764400204055235,5425486.008059318
43008.83182779887,1,infrastructure,urban,crawl_space,wood,flat,0,1,standard,rocky,47.402511305727,6679744.708732067
37543.61475645412,8,residential,urban,basement,steel,gable,0,0,standard,sandy,77.1152689414402,9882747.138921464
22240.92476186101,3,industrial,suburban,basement,concrete,flat,1,0,economy,sandy,67.57074981966194,2474553.1747386768
30722.064373263514,3,commercial,rural,slab,brick,flat,0,0,economy,rocky,59.157682076975746,2103054.005366146
8438.087602927286,7,residential,rural,pile,steel,mansard,1,1,luxury,rocky,32.37265270148642,3150280.9786918457
33845.44816500793,4,industrial,urban,basement,brick,hip,1,0,luxury,sandy,60.921868960268554,16702098.769072047
9373.036159094398,3,industrial,rural,pile,brick,gable,1,0,standard,loamy,61.21444710616968,1154334.0325856307
34850.50473025276,15,commercial,urban,slab,glass,hip,0,0,standard,rocky,43.24331642829713,12740446.370042818
11865.108957321449,8,residential,rural,crawl_space,concrete,mansard,0,0,standard,rocky,96.0299720623313,1735573.5831698924
6318.789357435889,3,commercial,rural,crawl_space,steel,hip,0,0,premium,loamy,65.31213835828915,1322317.627942404
8681.582262076394,7,industrial,rural,slab,concrete,mansard,0,1,luxury,sandy,85.06970513256161,3065132.4119567084
598.6106933439783,18,industrial,urban,slab,wood,flat,0,1,standard,clay,12.895817740255744,175890.47907731103
36077.61108374975,11,infrastructure,suburban,basement,concrete,flat,0,0,economy,sandy,75.67795900244569,4255075.898865483
36753.85192838976,11,industrial,rural,slab,brick,mansard,0,0,luxury,sandy,60.18692904331745,13244393.053932177
25989.200820706345,17,industrial,rural,crawl_space,wood,flat,0,0,luxury,clay,30.827741838904277,11013975.29520654
8487.458652241494,6,residential,rural,pile,concrete,hip,1,1,standard,sandy,13.636210476701416,1374022.3049069871
4635.939706779142,8,residential,urban,pile,concrete,gable,1,1,premium,sandy,37.9647177213974,1758218.8711526643
1446.8838386457069,1,infrastructure,suburban,pile,brick,gable,0,1,standard,rocky,44.13771672123151,192209.59175252178
8704.534759778426,10,infrastructure,urban,pile,wood,hip,1,0,premium,loamy,14.076264664074289,3126168.477447054
44597.34898166576,19,infrastructure,rural,slab,brick,gable,0,1,premium,sandy,67.01268872155491,13506950.328497915
12456.073664233247,3,commercial,urban,slab,concrete,hip,1,1,economy,clay,30.71096521512109,1569904.4146653456
18036.430697252174,4,commercial,rural,pile,steel,mansard,0,1,standard,clay,80.60394500382189,2511932.019179783
5714.601481825993,11,infrastructure,rural,slab,steel,gable,0,0,premium,rocky,64.83487772877933,1473436.277193514
11506.88458503443,15,commercial,urban,basement,glass,mansard,0,1,luxury,sandy,31.050241566140947,10268750.529914035
26201.616253620152,1,industrial,rural,slab,steel,mansard,0,1,standard,sandy,36.00196140898184,3276796.937104804
30583.757813234803,9,infrastructure,rural,basement,wood,hip,0,0,premium,sandy,94.2147561616392,5660453.321048145
12644.939551227448,11,infrastructure,suburban,basement,glass,gable,0,0,luxury,sandy,94.81195205386528,7483816.487169616
3357.741881643302,19,commercial,urban,slab,wood,flat,0,1,economy,clay,41.837083821901814,624390.0702847701
19856.127021806235,13,residential,urban,pile,steel,flat,0,1,economy,clay,67.91700792632889,3815426.335561389
12093.06686085354,16,infrastructure,rural,basement,steel,flat,0,1,standard,rocky,97.99721792479663,2416607.7982007964
11367.919199875196,4,commercial,rural,slab,concrete,flat,0,0,standard,sandy,99.4051293625968,1452200.842119385
48013.20873431604,1,commercial,urban,crawl_space,wood,hip,0,1,standard,clay,7.213422570258188,7645068.327540329
31006.87405332334,13,residential,urban,pile,brick,mansard,0,0,standard,sandy,55.34991383184398,8189012.4160064645
28065.482937018747,1,infrastructure,urban,crawl_space,concrete,gable,1,1,standard,loamy,72.66172452740078,5223667.127055041
21080.867624404436,5,residential,rural,basement,wood,hip,0,0,premium,loamy,18.686611271955623,3665318.102092075
21732.744504792143,5,industrial,suburban,crawl_space,glass,flat,1,0,luxury,clay,82.19050234502541,10509986.033110106
27274.797689985,14,residential,suburban,slab,wood,gable,0,0,standard,loamy,46.845434305370325,5538541.774071492
34973.275448287306,14,residential,rural,pile,glass,hip,1,1,luxury,loamy,49.77515896436254,19840512.526590765
35256.231761000556,8,commercial,rural,basement,glass,mansard,0,0,premium,clay,27.432304556050614,9227353.505024351
8998.848431419754,4,residential,rural,slab,steel,flat,0,1,premium,rocky,30.014762033552934,1897004.9693708287
25255.581227793034,7,industrial,urban,pile,brick,gable,0,0,premium,loamy,8.417318860464407,9066569.167536683
20891.92570418805,19,commercial,rural,basement,wood,gable,0,0,standard,sandy,93.15159881080476,3488217.833174115
43591.08483033452,15,industrial,urban,basement,brick,flat,0,0,economy,loamy,38.18667801962539,8012450.5609912565
31755.236600309632,4,residential,suburban,basement,glass,mansard,1,0,economy,rocky,16.223002149574974,4004028.6074340097
26858.9512875911,19,industrial,rural,basement,steel,flat,1,0,standard,rocky,14.235470652501359,6107510.378776211
6212.03478785641,9,industrial,rural,crawl_space,brick,mansard,0,1,standard,rocky,40.7406097607567,852658.9681062889
30479.07552150887,13,residential,urban,crawl_space,concrete,gable,1,0,standard,rocky,63.22078987942107,8772501.277342899
6301.593331171554,14,residential,urban,crawl_space,glass,flat,1,0,premium,rocky,77.77821207646241,3484800.6737500085
17191.725490504727,14,commercial,urban,basement,concrete,mansard,0,1,economy,loamy,92.46049152108519,3292846.406294003
7570.677258309427,10,commercial,suburban,crawl_space,brick,mansard,1,0,economy,loamy,63.570204810358355,948184.3858344739
34757.64552770626,16,infrastructure,suburban,pile,brick,hip,0,1,luxury,loamy,42.0661753337673,18531005.354868535
10709.479634889554,5,commercial,rural,basement,brick,mansard,0,1,luxury,loamy,42.19464626493365,3282265.2015672945
19897.038972807288,6,residential,rural,pile,wood,flat,0,0,economy,rocky,57.4376961688306,1343024.9413814251
44835.901492129546,2,industrial,urban,pile,glass,flat,1,1,economy,rocky,53.80408959262306,6545701.4757228615
10613.660978249029,13,industrial,suburban,crawl_space,glass,mansard,0,1,premium,sandy,64.08146072424378,4575140.65039026
25636.350665959566,13,commercial,rural,basement,glass,flat,0,0,luxury,loamy,50.34104289722027,13237563.563950522
21253.94722771809,19,commercial,urban,crawl_space,wood,gable,0,1,standard,rocky,5.8990851704762814,6432501.807266825
1397.1400317636217,18,residential,urban,crawl_space,brick,gable,0,0,premium,sandy,50.07283518093051,631484.2641777461
39741.52662185423,19,industrial,suburban,crawl_space,brick,flat,0,0,luxury,sandy,2.2533265969479688,24239981.57972574
3917.7723625726862,1,infrastructure,suburban,basement,concrete,mansard,0,1,standard,clay,18.060796366764585,544078.8053360936
23975.623538359203,8,infrastructure,rural,basement,wood,gable,0,1,standard,loamy,38.74276696902895,3185583.2731534955
28253.575599478023,16,commercial,rural,crawl_space,steel,mansard,0,1,economy,rocky,55.1308301198228,3361394.926053663
31607.10960242206,2,infrastructure,urban,pile,wood,flat,0,1,economy,loamy,18.481817919754473,3294293.2831112994
34587.26565073984,8,residential,urban,pile,concrete,hip,1,0,standard,sandy,27.630065879157627,8207064.05001857
13036.982984374397,6,infrastructure,urban,basement,concrete,gable,1,1,standard,loamy,37.42109945302454,3297923.9464620375
993.9494445932439,16,commercial,rural,slab,concrete,flat,0,1,economy,clay,19.721520395966596,117804.13316506028
36310.46128656814,11,residential,suburban,crawl_space,brick,gable,0,1,economy,clay,99.87635654445128,4371714.288958234
27015.00166770514,17,industrial,rural,crawl_space,steel,mansard,1,1,economy,rocky,80.47132846936601,3724965.2463017297
41887.82630875881,19,residential,suburban,slab,concrete,hip,0,1,economy,rocky,81.09366172445436,6624627.334233282
41158.723963584365,11,commercial,rural,basement,glass,hip,1,0,luxury,rocky,56.8863856595205,19708251.453541048
42244.64530550021,8,commercial,rural,pile,brick,flat,0,0,economy,rocky,96.13246201843492,3584293.056533648
24512.185668987237,4,infrastructure,suburban,basement,steel,gable,0,1,premium,loamy,73.22006580416567,6527525.793859925
17014.60559392485,11,infrastructure,rural,pile,glass,hip,0,1,premium,loamy,33.0878633492534,5076602.668850989
39682.131028272815,8,industrial,rural,pile,steel,gable,0,1,premium,sandy,61.052665991391805,9104814.27947604
22839.058594948117,9,industrial,urban,basement,steel,mansard,0,0,economy,sandy,54.37000467109752,4035050.793503061
9580.388721970008,2,commercial,suburban,crawl_space,glass,mansard,0,0,standard,rocky,58.028882364468174,1517862.7019878027
42821.21396829298,16,commercial,suburban,crawl_space,wood,flat,1,0,standard,loamy,81.77266725096707,10115979.226795143
44186.71390023119,6,commercial,urban,crawl_space,steel,hip,0,1,luxury,rocky,50.95618640651922,27910864.792775646
23582.33292893842,19,industrial,suburban,pile,wood,hip,0,0,economy,sandy,72.86405022379931,3243027.299770809
4247.1365018344795,8,commercial,urban,crawl_space,steel,gable,0,1,premium,loamy,25.059678033160292,1651167.0801682174
19697.391450888095,14,industrial,suburban,pile,glass,mansard,0,1,standard,rocky,93.20619452480764,4925532.01394067
40275.11414339887,16,commercial,suburban,crawl_space,steel,hip,0,0,economy,clay,8.638215938713289,6660794.952711472
45137.81441303832,12,residential,suburban,basement,concrete,flat,0,0,premium,sandy,99.3579911946672,13971751.066415263
10571.900753630995,5,residential,suburban,slab,concrete,flat,0,0,premium,clay,63.267310829332914,2750405.6146377735
3815.19379525094,19,commercial,urban,pile,steel,hip,0,0,premium,clay,46.99514686110262,2272821.6926572407
43928.84743007551,18,residential,urban,basement,glass,flat,0,0,premium,loamy,31.078213127553845,28471862.280164078
19775.544479454325,9,industrial,suburban,pile,glass,hip,1,0,premium,clay,40.514188589557556,7214833.927709315
27317.167731244383,2,infrastructure,rural,pile,brick,hip,1,1,luxury,clay,78.24232995004567,8337478.27898221
48419.25769651257,12,residential,urban,basement,glass,hip,1,0,premium,rocky,13.943296299695351,23705544.31104316
3794.9540317540313,2,infrastructure,suburban,crawl_space,wood,hip,1,1,luxury,loamy,25.26851394609687,1276640.927296009
32591.74136887873,10,residential,urban,pile,steel,gable,0,1,premium,rocky,12.372737484735241,13822498.271485683
4168.218417455921,1,industrial,rural,slab,concrete,hip,1,0,premium,rocky,42.66545195331637,737936.4038731196
19085.71195909177,4,residential,rural,slab,glass,flat,0,1,premium,rocky,38.72226864152643,4231320.375686874
40288.819987075614,12,residential,rural,basement,concrete,mansard,0,0,premium,loamy,64.87849034921996,9930700.132467126
21956.8755214039,9,commercial,suburban,slab,brick,gable,0,0,luxury,sandy,99.57159148154172,9726005.837296508
49860.52651819604,4,infrastructure,suburban,basement,steel,mansard,1,1,economy,loamy,89.23592695622786,6486448.876815426
28173.434604856808,9,infrastructure,rural,basement,glass,mansard,0,0,standard,rocky,88.03776923100214,4970890.699126977
16397.526555479697,6,industrial,urban,pile,concrete,mansard,0,0,luxury,sandy,64.57081758070838,8884465.854606032
11395.51063228528,1,industrial,urban,basement,glass,mansard,1,0,luxury,clay,27.06082963271853,5826589.148484201
17850.76644716501,10,infrastructure,rural,basement,brick,mansard,0,1,luxury,sandy,38.40856597206253,6457726.244994786
18940.397051097763,14,commercial,suburban,crawl_space,concrete,flat,0,0,economy,loamy,25.012213026652752,2433642.050006619
3901.327047336068,18,commercial,urban,pile,concrete,hip,0,1,standard,rocky,13.508400997230495,1384163.855995609
18793.922871625273,6,infrastructure,urban,slab,steel,flat,1,1,economy,clay,43.60312452908891,3099733.551613042
23479.806727091633,18,residential,urban,crawl_space,steel,gable,1,0,standard,clay,89.75350521706633,9103466.027817547
36275.51873582083,16,infrastructure,suburban,crawl_space,concrete,flat,1,0,standard,rocky,74.38411005815054,9214121.134788595
33008.109493719596,15,residential,rural,pile,steel,gable,0,0,standard,clay,98.48378959075151,6980796.169278083
35583.89993384314,16,infrastructure,suburban,pile,concrete,hip,0,0,economy,clay,19.481714005073524,5255447.0958714625
914.0022529044263,8,residential,urban,crawl_space,wood,mansard,0,0,standard,clay,50.05440558468981,183394.98606027808
11274.536279236534,13,commercial,rural,pile,glass,hip,0,0,premium,loamy,79.30460987215648,3698199.242047423
33253.37227579289,11,infrastructure,suburban,pile,wood,flat,0,0,luxury,sandy,46.04611968922781,14433341.721108036
24457.47372489748,7,industrial,rural,basement,wood,flat,0,0,standard,loamy,35.50543791690458,2840907.3980241665
763.0170455831244,17,residential,urban,pile,glass,hip,1,1,luxury,clay,81.58868140572012,688055.8733021062
40322.484800375205,18,commercial,suburban,basement,concrete,hip,1,0,economy,loamy,43.030804319572965,7273322.9976540245
38754.0738778717,19,industrial,rural,crawl_space,concrete,flat,0,1,economy,clay,91.29674021579113,4641938.547067009
27646.748568181352,13,commercial,suburban,crawl_space,steel,hip,0,0,premium,loamy,26.8401399773314,10265020.636437597
3789.93462592547,15,residential,urban,slab,brick,gable,0,1,standard,sandy,89.64537546086396,1083358.3790691406
38442.49495186294,1,infrastructure,rural,pile,concrete,gable,0,1,luxury,rocky,27.846084110071445,10833435.719016735
29393.822592702516,16,commercial,urban,crawl_space,glass,flat,0,0,luxury,sandy,28.956431327408772,25182500.275640264
39207.01886931898,5,infrastructure,rural,basement,brick,flat,0,1,luxury,loamy,42.0584271790777,12409035.045368256
37711.476123594104,3,infrastructure,urban,crawl_space,glass,hip,1,0,economy,loamy,51.58118555915495,6048835.043437185
40248.602561912936,10,commercial,urban,pile,glass,hip,0,1,standard,sandy,41.82250896016437,12729279.634168647
26141.39928702893,19,commercial,suburban,slab,glass,mansard,0,1,premium,loamy,86.21490902540431,12652664.671788521
7446.063650578992,5,commercial,urban,slab,brick,gable,1,0,premium,rocky,79.556909116145,2443159.285917193
33722.294932294586,7,infrastructure,suburban,crawl_space,wood,flat,1,1,economy,rocky,30.986348310639144,3918215.2679059627
31213.452360072544,14,industrial,urban,slab,glass,flat,0,1,standard,sandy,51.1519883747264,10618112.734167282
37241.532766354816,3,residential,urban,pile,steel,flat,1,0,premium,clay,43.10298830752776,12153046.236381289
8909.109799511398,13,industrial,urban,pile,concrete,flat,0,1,premium,rocky,5.607032326238015,4086823.5629425948
10151.272395064316,13,infrastructure,rural,slab,concrete,mansard,1,1,economy,loamy,74.81469647833356,1167256.0622761333
44575.27110235676,10,commercial,suburban,basement,concrete,gable,0,0,luxury,clay,18.166661210387936,22337822.096740097
37623.901023377504,2,commercial,rural,slab,brick,mansard,0,1,premium,rocky,93.41417253435942,6364201.287009765
45457.31019066599,6,residential,suburban,slab,steel,gable,1,0,economy,clay,39.77783998787289,5430586.978064963
38056.408397614076,8,residential,urban,crawl_space,steel,flat,0,1,premium,loamy,62.225799020361606,14721666.930725947
30059.187646519942,4,industrial,rural,basement,steel,gable,0,0,premium,sandy,81.82993399803841,6340000.319297313
32879.570482879746,12,industrial,suburban,slab,steel,flat,1,1,economy,sandy,18.029673331756136,5048803.807743817
44511.832235030495,15,residential,urban,crawl_space,steel,mansard,0,1,economy,loamy,54.11363517300267,8945446.81896822
29150.934348341056,8,infrastructure,suburban,crawl_space,wood,gable,0,1,standard,sandy,23.741979426362548,4686365.065054128
31803.370554255176,7,industrial,suburban,crawl_space,steel,hip,1,1,premium,loamy,50.96707524007738,10356944.989466732
8245.597442178228,14,commercial,urban,pile,steel,gable,1,0,luxury,sandy,57.94360167598911,6251352.094931051
23959.100395747086,19,commercial,rural,crawl_space,brick,flat,1,0,luxury,rocky,16.914109990719027,11592564.891562186
35961.6570419259,14,infrastructure,urban,crawl_space,brick,hip,1,1,standard,sandy,58.08185777322342,10798499.389488658
13911.663566660089,13,residential,rural,pile,steel,flat,1,0,standard,clay,45.49080059287823,2902207.418202756
10511.58193596448,1,industrial,suburban,pile,wood,hip,1,0,economy,sandy,52.199964209606456,938327.9184137608
16034.42700710857,19,commercial,suburban,crawl_space,steel,hip,0,1,luxury,sandy,90.49670187208464,11457082.086626068
12454.281085645256,1,residential,suburban,slab,steel,gable,0,1,premium,sandy,48.3803128764863,2788900.440089703
11138.175533301595,4,industrial,rural,basement,steel,gable,0,0,economy,sandy,47.61485385889165,933098.1051487253
21530.116721970302,10,infrastructure,urban,pile,glass,hip,0,1,premium,rocky,47.039860808423825,10773397.656506095
45438.00643723494,3,commercial,rural,basement,wood,hip,0,1,luxury,loamy,62.31052847975022,10936980.668629598
25599.452513566554,9,infrastructure,suburban,pile,concrete,hip,1,1,economy,rocky,36.751731537451924,3332103.2418466113
9802.05885035849,3,infrastructure,suburban,crawl_space,steel,flat,0,1,premium,rocky,80.13600963599498,2611267.1561271152
4310.097634353267,6,infrastructure,urban,pile,concrete,gable,1,0,standard,clay,28.605011331391626,992909.9175380369
34959.7291843273,6,industrial,rural,crawl_space,wood,flat,0,1,premium,loamy,29.95462007689744,6210300.675908417
19448.5388396012,12,infrastructure,suburban,basement,steel,gable,0,0,premium,loamy,58.87502394957582,6721425.503714514
41180.63185597528,1,industrial,rural,slab,concrete,mansard,0,1,economy,clay,25.988934774124328,2951475.076351188
33145.78304771813,16,industrial,rural,crawl_space,concrete,flat,1,1,luxury,loamy,8.994619640338808,16519909.350211265
39913.95180179774,5,infrastructure,urban,basement,wood,gable,0,0,premium,sandy,20.55855399572819,10681684.185517848
13961.328951213212,9,infrastructure,urban,basement,steel,hip,0,1,premium,loamy,91.36573776743579,6071115.043360651
34771.766661822374,10,residential,suburban,pile,glass,hip,0,1,premium,clay,1.0700590070485405,11684976.722885821
13571.068242339079,13,commercial,urban,crawl_space,wood,gable,0,1,premium,clay,13.346138488702108,5005968.193122151
46983.88973278944,15,residential,rural,basement,glass,hip,0,0,standard,clay,75.80396351217694,11048055.974490976
32000.52693590203,12,commercial,urban,slab,steel,hip,0,1,luxury,clay,97.98608413992362,24441750.79012962
16563.33410867943,5,commercial,rural,pile,concrete,mansard,1,1,luxury,rocky,68.81852955024212,5851469.948685088
13840.837183467496,5,residential,suburban,pile,wood,mansard,0,1,economy,loamy,92.23344868268032,1271482.7501549395
9950.865961046353,18,residential,rural,basement,wood,mansard,0,1,premium,rocky,85.52357567109635,2762031.6021001465
34884.72746523953,12,commercial,urban,crawl_space,wood,flat,1,1,economy,clay,47.9970151939664,5218991.361669274
11326.422843397402,3,commercial,urban,pile,brick,mansard,1,1,standard,clay,33.35232453578551,2182511.4034779523
29967.511663410707,7,commercial,suburban,crawl_space,steel,mansard,1,0,standard,rocky,63.22378637099175,6261048.044070029
13599.433832805189,17,industrial,urban,basement,brick,mansard,0,1,premium,sandy,53.355341095402174,5870709.535998257
33267.4627672965,19,commercial,suburban,basement,wood,gable,1,1,economy,loamy,2.5829319644252724,5162387.971958687
40839.51656275669,18,infrastructure,suburban,crawl_space,wood,hip,0,1,economy,rocky,95.7297170082506,5569359.17932678
39012.24953566033,1,infrastructure,urban,slab,glass,gable,0,0,luxury,loamy,57.0247365473678,20912242.513345726
38162.1408810737,5,infrastructure,rural,pile,brick,mansard,0,0,economy,clay,87.44917916776693,2939338.03074982
9792.259081766477,2,residential,suburban,basement,concrete,flat,0,0,standard,clay,73.46301710043245,1378201.3601862101
4875.054875733676,1,residential,rural,slab,steel,gable,0,1,standard,clay,34.083299336553985,621703.5229650452
35097.96701012559,7,residential,urban,slab,concrete,mansard,1,0,premium,loamy,90.11579922010881,13519257.628604705
18733.18708282039,11,commercial,rural,crawl_space,concrete,flat,1,0,economy,loamy,79.0422353104785,2192208.73657576
21901.13820696569,11,infrastructure,rural,crawl_space,steel,flat,1,1,economy,rocky,42.97916269038856,2550066.9498972385
2041.8800932728577,18,commercial,rural,crawl_space,wood,flat,0,0,standard,clay,84.04782480032222,347211.6697102787
13349.034239114935,17,industrial,rural,slab,glass,hip,1,1,premium,rocky,27.15523326902166,5059101.504244645
2166.981991785969,2,industrial,urban,pile,wood,flat,0,1,luxury,sandy,67.06834788251356,876799.3880130177
44019.69574376176,7,residential,urban,crawl_space,wood,mansard,0,1,luxury,clay,11.458174823433541,20788186.45394854
12548.135819317258,7,industrial,rural,pile,brick,gable,1,0,premium,clay,86.57677354136453,2904162.791205543
28088.1898938639,10,infrastructure,urban,crawl_space,concrete,gable,1,0,premium,sandy,72.94326669478932,11374114.617508473
2429.476372725955,3,industrial,urban,slab,concrete,mansard,0,0,luxury,rocky,15.256783126098771,1237745.8878320658
33508.94586963007,12,residential,suburban,pile,concrete,hip,0,1,standard,loamy,2.1334605262232187,6651306.522467119
16489.853614827647,3,commercial,urban,pile,glass,hip,0,0,economy,clay,38.98678748629223,2344441.6170055335
44946.99975440446,11,industrial,rural,slab,glass,flat,1,0,luxury,loamy,67.5272590644012,21188379.56731768
44461.850352234775,12,infrastructure,urban,pile,glass,mansard,1,1,premium,clay,28.314740650603575,22899162.957527716
16601.885608906516,4,infrastructure,urban,slab,steel,flat,0,0,premium,clay,97.32551879806613,5555981.445599071
45097.56433667816,16,infrastructure,urban,slab,glass,flat,0,1,economy,loamy,93.46813882119768,10750779.977968778
49809.80483818955,18,commercial,urban,basement,brick,mansard,0,1,premium,clay,59.79404645209399,22682694.32629241
41358.07537413543,4,infrastructure,suburban,crawl_space,brick,hip,0,0,standard,sandy,31.559907258672737,6274280.482458481
42321.131713883835,6,residential,rural,basement,wood,hip,0,1,premium,rocky,89.62692518557557,7497985.6924166065
12825.93243739995,15,residential,rural,slab,wood,gable,0,1,economy,sandy,80.34708407628641,1255466.2561485628
29046.76874345894,1,infrastructure,urban,slab,wood,mansard,1,0,luxury,rocky,8.615435272913508,11697041.952181147
3829.1677413847087,3,industrial,urban,pile,wood,flat,0,0,standard,sandy,47.632282962614056,616701.5248806389
5198.437872672651,5,infrastructure,suburban,slab,brick,mansard,0,1,premium,sandy,98.12148952087303,1213624.0720104305
49945.18429564789,17,residential,urban,slab,wood,flat,1,0,economy,rocky,45.39053742580666,8534974.057214463
16668.642846582592,14,residential,suburban,slab,brick,gable,0,1,luxury,clay,93.29084699335033,8867481.754125562
37535.1036464179,9,residential,rural,crawl_space,glass,gable,1,1,luxury,loamy,97.72893436293565,17140251.435588017
40429.92012482741,3,industrial,rural,basement,glass,gable,0,0,economy,loamy,38.73592479846653,3727470.3635587245
42972.151914857845,13,industrial,suburban,basement,steel,gable,0,1,luxury,loamy,96.45584770442285,25048904.72314489
49882.60072140675,3,industrial,rural,crawl_space,wood,flat,0,0,luxury,clay,13.794053662434692,13591589.189602349
12454.076020214958,11,residential,urban,crawl_space,glass,hip,0,0,luxury,sandy,16.011944451593585,9201011.589863842
2497.365929555135,2,commercial,urban,crawl_space,glass,flat,1,1,luxury,sandy,27.65434095807391,1355033.9599350074
20853.980140732005,15,infrastructure,suburban,basement,concrete,gable,0,0,economy,sandy,46.75561867374619,2917258.8032125337
6938.993156532874,13,infrastructure,rural,basement,concrete,hip,1,1,economy,clay,18.102477525410755,813271.5839690057
1610.0815135217285,19,residential,rural,slab,brick,mansard,1,1,premium,rocky,34.01777035109477,558019.4839795694
18341.12794350356,16,industrial,suburban,basement,steel,flat,0,0,premium,clay,10.365310560020113,7546682.183258806
39295.043428224206,18,commercial,suburban,pile,concrete,mansard,1,0,standard,loamy,43.00081129032911,9682323.013293112
28525.944215641008,7,commercial,rural,basement,steel,gable,0,0,luxury,sandy,82.74784840849081,11037832.359510863
15982.510465912525,13,industrial,suburban,crawl_space,glass,mansard,0,1,luxury,clay,59.505353812899685,10689204.905767227
32889.929271889625,4,infrastructure,urban,basement,brick,hip,1,0,standard,clay,81.015913252939,6376142.569073255
11984.89992528613,9,infrastructure,rural,slab,steel,hip,0,0,economy,clay,13.571269526494545,1247572.6659800755
1211.8815805682088,10,commercial,suburban,basement,concrete,hip,1,1,economy,rocky,39.94357902387554,166382.05723252037
38335.492628603155,9,commercial,suburban,crawl_space,glass,flat,1,0,standard,sandy,3.9323209425848993,9416750.282274088
31375.28270076845,7,industrial,suburban,pile,wood,mansard,1,0,premium,clay,36.99790467431755,7496098.294420197
38233.97991279752,15,infrastructure,rural,crawl_space,glass,mansard,1,1,premium,clay,61.44977357425403,13933301.708007695
2427.4318260394475,8,commercial,urban,pile,concrete,mansard,0,0,luxury,loamy,56.88692036811799,1458958.260987942
41937.421577617286,19,infrastructure,urban,slab,concrete,gable,0,0,premium,sandy,6.032271117801413,21889224.157441493
31166.546901797014,11,commercial,rural,slab,wood,flat,0,0,economy,clay,6.205945062774953,2874037.085128507
28388.069860275686,5,industrial,suburban,basement,glass,flat,1,1,standard,clay,30.506747779293264,6358357.34950919
31418.395381669314,2,infrastructure,rural,slab,steel,mansard,0,0,standard,clay,77.13991697960549,3645577.110273794
43289.445719984025,10,commercial,rural,slab,steel,flat,1,0,standard,clay,2.057674101026674,7881999.480417204
29553.3570746659,16,commercial,suburban,crawl_space,glass,mansard,1,0,premium,sandy,61.59272548355914,13070402.779302424
29257.043804464876,13,commercial,rural,crawl_space,steel,mansard,0,1,standard,clay,18.370172923179375,5207979.603006339
49538.618274755405,8,commercial,urban,basement,glass,mansard,0,0,standard,rocky,94.43162424204415,14162268.04627323
37958.14326989411,9,industrial,rural,basement,glass,hip,0,0,premium,clay,43.02153787830411,9811869.582008658
22393.543369831197,11,infrastructure,suburban,basement,concrete,gable,1,1,economy,rocky,4.788392065515124,3258806.5946517056
35516.15150162992,11,infrastructure,rural,basement,brick,flat,1,0,luxury,sandy,71.36384803174242,13030227.485974176
19766.90834874353,16,residential,urban,crawl_space,concrete,gable,0,1,economy,clay,48.46094383736006,3496696.922764567
11829.3353929332,10,infrastructure,rural,basement,steel,hip,1,1,premium,loamy,88.12403788732077,3505592.489391614
30044.16790594409,12,residential,rural,basement,brick,flat,0,0,standard,rocky,65.18251066916032,4638896.548427253
46445.013856640595,6,commercial,rural,slab,glass,mansard,0,1,luxury,rocky,69.25256612422903,17331490.042899325
46492.406240765406,12,industrial,rural,basement,steel,gable,0,0,economy,clay,76.72598575312348,5203440.9703137195
17424.31126622177,10,industrial,suburban,pile,wood,hip,0,0,luxury,loamy,42.03543747216215,6745793.5913927015
26620.0345779739,18,commercial,urban,slab,steel,flat,0,1,economy,loamy,79.25471905182386,6121928.1149363555
10975.97697920813,18,residential,urban,crawl_space,brick,flat,1,0,economy,clay,5.062297008631578,2273274.392036937
49783.739920194734,4,commercial,urban,pile,brick,gable,1,0,premium,sandy,76.55274047166162,15746546.715228919
49065.33643946282,9,industrial,rural,basement,glass,gable,0,0,economy,sandy,63.630783733828466,5704537.527920711
32650.692020518643,7,industrial,urban,slab,wood,flat,1,1,standard,clay,56.666504120151195,7262604.606690325
40318.49595403493,18,infrastructure,suburban,basement,glass,flat,0,1,premium,sandy,31.815061923061638,17567365.410837404
35897.45798354315,8,residential,rural,slab,wood,hip,1,0,luxury,loamy,11.411260843123205,11290347.754058026
29861.331842453674,11,infrastructure,rural,basement,wood,mansard,0,0,premium,sandy,64.72008173261435,6103060.329276195
3140.725850950436,7,industrial,urban,pile,glass,mansard,0,1,economy,sandy,47.16709337994133,495292.74833170156
23010.834956356724,9,industrial,rural,crawl_space,steel,hip,0,1,luxury,sandy,21.78448542526594,9548765.984323723
33901.921957286824,8,infrastructure,rural,pile,concrete,flat,1,0,standard,clay,4.336669271308269,5285086.979336203
34037.81488724239,3,infrastructure,urban,pile,wood,gable,0,1,premium,clay,53.8765167431998,8277436.361486763
18969.569611907988,17,industrial,suburban,crawl_space,brick,gable,0,0,economy,rocky,12.629630198255759,2733522.95078807
47113.75333957251,2,infrastructure,suburban,slab,glass,flat,0,1,luxury,sandy,92.94193867830629,20205344.27195801
8784.17309572066,15,infrastructure,urban,slab,steel,hip,0,1,standard,clay,15.063185849267246,3037978.7860054085
25267.79258767025,14,residential,suburban,crawl_space,wood,flat,0,0,standard,loamy,3.202539614054678,4500773.628060208
34698.75683926573,18,industrial,suburban,basement,steel,gable,0,1,premium,rocky,26.2047514032945,14833200.29598609
35008.22239164456,16,commercial,suburban,slab,glass,flat,0,1,luxury,loamy,17.495661302648646,23600643.83805383
32607.62836005637,4,residential,rural,pile,brick,flat,0,1,economy,sandy,79.12382250997723,2584560.5102333757
14126.766565867078,6,commercial,rural,crawl_space,wood,hip,0,0,luxury,loamy,28.934260625453945,3839718.5825257557
8232.225149987788,6,infrastructure,rural,pile,wood,mansard,0,1,standard,rocky,24.524055717339287,960616.5537719879
31979.046177922188,11,infrastructure,suburban,slab,steel,gable,0,0,luxury,sandy,99.48084082117468,18958578.38963476
30165.454748902168,17,commercial,rural,crawl_space,glass,gable,0,0,premium,clay,15.006179120488493,10358197.956592487
9378.122509317429,3,infrastructure,suburban,crawl_space,concrete,flat,0,0,luxury,loamy,8.499853758457698,3634571.326667994
35404.38770574288,13,infrastructure,urban,slab,wood,gable,0,1,luxury,loamy,30.562410584915334,20342324.03127379
23031.013590815994,3,residential,suburban,slab,brick,gable,0,0,premium,rocky,40.50903229625719,4714941.527845727
33554.14928435607,16,commercial,rural,crawl_space,wood,mansard,0,1,luxury,clay,76.04241776439949,12536286.409055289
41949.670448622455,15,residential,suburban,basement,wood,gable,0,0,premium,sandy,95.54439187215405,13737763.060363192
8901.557214557697,11,commercial,rural,crawl_space,concrete,gable,0,1,premium,sandy,76.36771381981914,2137023.598220709
1447.6709658434156,18,residential,rural,basement,concrete,hip,0,0,premium,sandy,72.66384699667363,420910.0069240554
39065.57802659144,15,industrial,urban,pile,glass,hip,0,0,standard,rocky,99.14479037290414,15056191.92591998
30680.02254505449,5,industrial,urban,basement,wood,hip,0,1,luxury,loamy,76.53637390668337,14127644.804168303
35132.158696295024,16,commercial,rural,basement,wood,hip,0,1,premium,loamy,13.953318442085505,8845677.32248029
41988.67126193781,16,industrial,suburban,slab,steel,hip,0,0,economy,loamy,46.15297382413998,6681191.099552074
40239.14127381278,17,residential,urban,crawl_space,steel,mansard,0,1,economy,loamy,50.35046199957088,8038769.727473544
48065.54727297682,9,commercial,urban,pile,brick,gable,1,0,standard,rocky,30.481031969420158,12742698.262745125
27028.786403179853,3,industrial,rural,crawl_space,brick,flat,0,1,premium,rocky,16.427542551788154,4965589.977025774
24680.533816665316,13,industrial,suburban,basement,steel,mansard,0,0,premium,clay,71.17405276279182,8474339.671520203
20393.41639459114,3,commercial,urban,basement,brick,flat,0,0,standard,rocky,27.749465756517044,3696826.125926475
8107.706620788124,7,industrial,urban,basement,wood,hip,0,1,luxury,loamy,62.46549341689715,4189003.1483880635
28844.05802766011,6,industrial,suburban,crawl_space,concrete,gable,0,0,premium,sandy,32.25897425071918,7246097.367221613
14212.11995413595,9,commercial,urban,basement,wood,hip,0,1,premium,clay,50.62363306099219,4740661.950253247
46104.72185454229,12,industrial,suburban,crawl_space,steel,mansard,1,0,economy,sandy,33.705280340439145,7245350.684721598
29367.94481171633,15,industrial,rural,pile,glass,flat,1,0,premium,sandy,41.1758481765663,10948291.382156035
29845.588935151452,3,industrial,urban,pile,glass,gable,0,0,standard,loamy,73.20665195251462,6406991.842337171
18068.770713411996,10,industrial,rural,crawl_space,steel,mansard,0,0,economy,rocky,88.38249068279048,2007268.76153493
3073.4729228965207,1,infrastructure,suburban,pile,wood,mansard,0,0,standard,rocky,50.87457298166835,329055.4136657852
2071.3163859629367,19,commercial,rural,slab,brick,gable,0,0,standard,rocky,61.02510617319219,366277.74496296945
21455.089635583277,19,infrastructure,rural,basement,brick,gable,0,0,premium,loamy,86.4409824680142,6604457.186475856
4685.986215813274,13,infrastructure,rural,basement,glass,mansard,0,0,luxury,loamy,14.322240108958484,2303819.2190271933
30538.924299236885,12,residential,suburban,basement,steel,flat,0,1,premium,sandy,16.21979837538151,11260724.361980338
44108.16377916304,1,infrastructure,suburban,slab,steel,flat,0,0,luxury,clay,35.923695425490656,16146178.497674808
44204.28341767675,19,infrastructure,suburban,basement,concrete,mansard,0,1,economy,rocky,30.90682806348396,7180036.106948274
33122.7478015455,16,residential,suburban,crawl_space,glass,mansard,0,0,standard,rocky,98.63736962769975,9684858.710086834
10955.975657910085,15,industrial,suburban,basement,steel,hip,1,1,standard,clay,56.40919749818121,3150996.1329599004
43218.34315226417,16,industrial,urban,crawl_space,concrete,hip,1,0,premium,sandy,52.3906627959043,22385763.775590006
44361.62504800381,11,infrastructure,urban,pile,brick,flat,1,0,luxury,sandy,57.871863976995954,28313343.422601335
10234.352455171456,6,residential,urban,crawl_space,glass,hip,0,0,standard,clay,87.51543752018577,2658377.1749332803
37002.591245648524,11,industrial,rural,crawl_space,glass,flat,0,0,standard,rocky,24.354776883027675,7389084.36743315
14682.717671892586,3,residential,rural,crawl_space,steel,gable,0,1,luxury,loamy,51.096727904323245,4934365.683851355
40230.695461470015,15,commercial,suburban,basement,steel,hip,0,0,standard,loamy,27.096319279557456,9683976.341615338
49863.27604522833,1,commercial,suburban,slab,wood,flat,0,1,standard,clay,78.05763109689264,5394301.317625314
1986.2872638049444,7,commercial,urban,slab,brick,flat,0,1,standard,rocky,77.7115254902913,429704.480893863
44919.61035665113,1,commercial,suburban,crawl_space,brick,mansard,0,0,luxury,clay,95.74297186143545,13435142.529846683
31320.211413133573,17,infrastructure,rural,basement,concrete,flat,0,0,luxury,sandy,44.682205984661806,14594321.248793429
48682.43964865865,9,commercial,suburban,slab,concrete,hip,0,1,economy,sandy,15.865105202754537,5811623.778192916
23517.971117558165,13,commercial,urban,pile,wood,mansard,0,0,standard,loamy,89.64108914420844,5387228.050108109
42445.702563283,11,residential,suburban,pile,brick,mansard,0,1,standard,sandy,89.0602617969113,7647118.957047886
3588.506395614723,6,industrial,rural,basement,concrete,hip,1,1,economy,sandy,23.46695402766966,365736.1890078081
17096.312978875638,1,residential,urban,pile,brick,gable,0,1,luxury,clay,27.626981655099637,7080075.113051336
3817.3186186848934,7,infrastructure,suburban,pile,brick,hip,0,1,luxury,clay,31.341410724135187,1544343.971024637
48779.48510721399,12,commercial,rural,pile,concrete,hip,0,1,premium,rocky,45.17500743392597,12641690.002708849
40940.208409955914,19,industrial,urban,slab,steel,mansard,1,1,luxury,clay,82.904318237918,38933140.70451369
42701.09735167554,17,industrial,urban,pile,steel,hip,0,0,premium,rocky,14.436989053491068,21541289.473093946
46929.27895597777,4,commercial,rural,crawl_space,concrete,gable,0,0,economy,loamy,70.03909340653567,3471468.053266339
4712.622562929375,3,commercial,suburban,crawl_space,wood,gable,0,1,luxury,clay,35.28002185515472,1568594.3571340872
19587.080829410002,1,infrastructure,suburban,pile,glass,gable,1,1,economy,clay,19.566315891338892,2322133.75785037
4016.227007678105,18,infrastructure,suburban,crawl_space,brick,mansard,0,1,premium,clay,33.84384700071623,1435463.8667638928
10934.258526726417,15,commercial,urban,slab,glass,hip,0,1,standard,loamy,53.32759414200744,3864088.095929338
11853.605963364782,8,commercial,urban,basement,concrete,flat,0,0,standard,clay,92.14140285175007,2649550.456820368
23720.806946855144,1,commercial,suburban,crawl_space,brick,hip,1,1,economy,sandy,62.826862404460385,2163922.2314016465
13793.827288955308,14,commercial,urban,pile,glass,gable,0,0,standard,clay,60.708112965541616,5057648.444420103
5498.416287479174,4,industrial,urban,basement,steel,hip,0,1,economy,rocky,10.874103685700264,758773.3464099683
8790.808910158332,5,infrastructure,rural,basement,wood,mansard,0,1,premium,sandy,7.9800972013372,1563787.2328118822
7790.140395828501,13,commercial,suburban,pile,glass,hip,0,0,standard,clay,12.946359681055108,1912720.667175437
48667.301496658765,15,commercial,suburban,crawl_space,wood,mansard,0,1,premium,clay,9.554563986446475,14147168.348524133
38084.97909246444,6,industrial,suburban,slab,steel,flat,0,1,luxury,loamy,57.63644350708403,18755522.35349573
48404.19253084332,1,residential,urban,crawl_space,glass,flat,1,1,standard,rocky,45.261524962862254,11552828.068817433
22267.15408214147,19,commercial,urban,crawl_space,concrete,mansard,0,0,standard,sandy,0.4992117897975157,7856122.341544693
14279.239842301502,13,industrial,urban,slab,brick,hip,0,0,standard,sandy,35.106665281864935,3749001.3520557354
40015.51326185474,6,industrial,suburban,basement,steel,gable,0,1,economy,loamy,12.736415169686444,4657537.974225236
16649.568943036764,15,residential,urban,slab,wood,mansard,0,0,luxury,sandy,98.81194982436654,10564393.441071019
15319.47699841474,16,infrastructure,suburban,slab,wood,hip,0,0,luxury,sandy,46.01575592317539,8274751.75623648
12009.046614287645,16,infrastructure,urban,pile,steel,hip,0,1,luxury,rocky,42.61266387715269,9638473.046927752
6919.10942209965,10,infrastructure,suburban,pile,concrete,hip,0,1,premium,clay,64.41743318670474,2256683.9064582516
13194.921520329915,9,commercial,rural,crawl_space,concrete,gable,0,0,luxury,clay,35.70935035372277,5122473.5908775125
18088.32754945744,9,infrastructure,urban,pile,wood,gable,1,0,economy,sandy,71.55146279627289,2591027.6249456033
33862.713303213655,17,commercial,suburban,slab,steel,gable,1,1,economy,rocky,90.47937838092042,5881116.971568401
3596.959689862853,17,commercial,rural,slab,steel,mansard,0,1,premium,loamy,49.88972865819247,1242472.511634975
10920.093513434476,17,industrial,rural,pile,brick,mansard,0,0,premium,clay,38.292302145400704,3299432.941851483
40546.67019443798,12,infrastructure,urban,pile,wood,gable,1,0,luxury,sandy,52.18968437079384,23577797.499957446
7772.6352173966525,13,infrastructure,suburban,pile,concrete,mansard,0,1,luxury,sandy,60.355269532880705,3959129.796307788
17460.934752864818,12,infrastructure,urban,slab,glass,gable,0,0,economy,rocky,84.77026050376995,3497079.496420384
43300.61663197794,14,commercial,rural,basement,concrete,mansard,0,0,economy,rocky,39.44794513490457,4769126.425099137
8168.802901600411,10,commercial,urban,basement,concrete,hip,0,1,luxury,rocky,5.143147090024513,5371749.861555803
4595.4733631004,19,infrastructure,suburban,pile,glass,gable,1,0,economy,sandy,63.073382341649754,999826.1864437978
24484.630756460538,2,commercial,rural,crawl_space,wood,mansard,1,1,premium,rocky,98.68782291201708,4081937.029948492
15469.765808287551,4,commercial,urban,crawl_space,brick,hip,0,1,economy,sandy,85.42367294246873,1913506.46999363
28388.714041950778,19,residential,urban,basement,concrete,hip,0,0,luxury,clay,75.82559802528304,22982295.415306248
40288.34207893202,7,residential,urban,pile,concrete,mansard,0,1,premium,sandy,17.65019870151596,14534737.95432869
7288.850163560786,15,infrastructure,urban,slab,wood,hip,0,1,economy,sandy,74.86192190078177,1085629.4571550502
29244.604685437105,15,infrastructure,urban,crawl_space,wood,flat,0,1,premium,clay,8.147659857560418,12230602.668360945
25522.683639298262,6,residential,rural,crawl_space,steel,gable,1,0,luxury,rocky,49.39179716049006,9522073.941591967
7631.899907653378,3,commercial,rural,slab,wood,gable,0,1,economy,rocky,37.08997504932074,455339.4593689173
31387.92503368463,6,commercial,suburban,slab,wood,hip,0,1,luxury,sandy,90.52863327219602,12179975.793065172
14045.200684108197,16,industrial,urban,pile,concrete,mansard,0,0,standard,sandy,15.983574920420207,4638547.139844626
24647.79876792862,2,infrastructure,suburban,slab,brick,flat,1,1,luxury,clay,78.88850035542413,8228963.61958018
4572.480051714563,7,infrastructure,rural,slab,concrete,mansard,0,0,standard,rocky,4.851190189417953,633952.7548910441
23249.41083207434,11,infrastructure,urban,slab,wood,gable,0,0,premium,clay,70.17547604723595,8715743.98770137
15669.941668119605,7,industrial,suburban,basement,steel,hip,0,0,premium,sandy,29.377820644805176,4901301.252488334
41207.86995367504,4,industrial,urban,slab,brick,flat,1,0,standard,sandy,97.59134228945322,9167050.417796738
3320.44698636973,7,commercial,urban,crawl_space,steel,hip,0,0,premium,clay,67.17434399593621,1290005.2760574066
21221.06010845733,4,residential,suburban,pile,glass,flat,1,0,premium,clay,30.890548121502302,6149601.349655624
23192.35549450618,12,residential,rural,pile,steel,hip,0,1,luxury,loamy,23.552102423560704,10127926.164701937
36387.800776806376,5,residential,suburban,pile,steel,mansard,0,1,standard,loamy,63.9308776881164,6553993.932671912
28927.234966965443,19,commercial,suburban,basement,wood,gable,1,1,economy,rocky,27.273044485211738,4696039.58365219
33527.01069111196,5,residential,suburban,crawl_space,wood,hip,1,0,premium,clay,18.68053524533506,7903981.806689883
38963.93963976193,19,industrial,urban,slab,wood,hip,0,1,premium,rocky,64.76697057301934,16031937.353465002
43179.04719608034,3,industrial,rural,crawl_space,wood,flat,0,1,economy,loamy,72.42870446376547,2759786.7929894137
16036.83708776229,11,infrastructure,rural,pile,wood,mansard,1,1,luxury,rocky,23.802830676379582,5890584.6498347735
27132.123915513195,7,residential,urban,slab,steel,mansard,0,0,luxury,loamy,53.587246638515865,17083338.883131362
42085.3498827404,17,industrial,rural,pile,glass,flat,0,0,luxury,clay,66.36295493808568,24968588.512096412
49477.83098277029,9,infrastructure,suburban,pile,wood,mansard,0,1,economy,clay,94.19167115260268,4815981.444637466
44531.20589666627,9,residential,rural,pile,glass,gable,0,0,luxury,rocky,80.34332938842297,18797727.441774543
18887.629499906652,10,residential,urban,crawl_space,glass,hip,1,0,premium,clay,42.08148502477037,9542792.681909475
10160.742602323195,13,industrial,rural,crawl_space,concrete,flat,0,0,luxury,rocky,84.44073438001688,4141557.8910124814
24724.930601626143,15,infrastructure,urban,pile,concrete,mansard,0,1,premium,rocky,44.169398714766906,10769416.664230835
37211.25186588409,5,infrastructure,suburban,pile,brick,gable,0,0,economy,loamy,13.012665249225453,3489361.148519277
24882.169002288232,3,industrial,urban,slab,concrete,gable,1,1,luxury,sandy,34.11004507305117,12990454.46328705
24417.452734026592,8,industrial,rural,pile,wood,mansard,1,0,luxury,rocky,80.47240106484156,7413749.775123339
41992.40584354913,10,industrial,suburban,pile,glass,mansard,1,1,premium,loamy,95.58047768625114,15073203.433633167
18389.487063825723,13,residential,rural,pile,brick,flat,0,1,economy,loamy,98.35837545902004,1867987.9836087173
43059.83640317646,3,industrial,urban,pile,concrete,mansard,0,0,luxury,loamy,63.90949922720419,19974089.831902906
20636.837647110315,8,industrial,suburban,crawl_space,steel,flat,1,1,economy,sandy,47.8341957377105,2977047.8967911447
16747.538731077802,9,commercial,urban,pile,brick,hip,1,1,premium,clay,16.20570641193424,6533946.93755799
22972.5006043851,12,industrial,rural,basement,wood,gable,1,0,premium,rocky,10.252430729720485,5769769.4325680835
38241.12445440599,11,industrial,urban,pile,glass,flat,0,0,luxury,rocky,51.85022056673291,28404792.240651134
6737.100379267717,2,residential,rural,crawl_space,wood,gable,0,0,economy,clay,72.77790851215245,402265.97906555026
10222.75118566486,18,infrastructure,rural,basement,wood,hip,1,1,premium,clay,32.39220628754995,3008898.271468468
47596.51887032305,9,residential,suburban,basement,steel,mansard,0,0,economy,loamy,67.46767278561448,5688915.993975502
9186.83555537719,2,commercial,suburban,pile,steel,flat,0,0,standard,loamy,57.081039924092195,1324661.4577025552
28602.502237587203,2,industrial,urban,pile,glass,mansard,0,0,standard,clay,94.07488617160541,6385552.464405734
29176.066099765925,3,industrial,rural,crawl_space,concrete,gable,0,0,luxury,rocky,20.95569314969553,8743793.761973457
24736.410871487118,16,industrial,rural,basement,wood,flat,1,0,economy,clay,59.10584667279588,2803730.4655761817
32414.88980455252,19,industrial,suburban,basement,concrete,hip,0,1,economy,clay,41.37969066139209,4792850.295014493
11876.422926982112,4,industrial,suburban,crawl_space,glass,hip,1,0,premium,sandy,26.157554974788077,3531091.331588405
27856.782254949037,18,industrial,suburban,pile,wood,mansard,0,1,economy,sandy,35.729229473548244,3799843.5626139957
18922.57613472141,18,commercial,suburban,slab,concrete,hip,1,1,economy,loamy,29.45349549045958,3334864.750938181
33252.52935164486,10,industrial,urban,slab,wood,hip,0,0,premium,loamy,52.76486053176869,11259029.481118161
7490.565396970898,11,industrial,urban,basement,steel,mansard,1,1,luxury,rocky,55.80543054432108,5510402.7660917705
28758.432133554074,17,industrial,urban,basement,steel,mansard,0,1,premium,clay,86.55400673354157,15899949.185193703
9670.882591474523,16,commercial,urban,pile,brick,flat,0,1,standard,clay,78.13058122993762,2833366.2673681485
14292.831624194301,13,industrial,suburban,slab,glass,flat,0,0,economy,sandy,30.251522799383533,2194502.6342482413
11326.135116017369,2,commercial,urban,basement,concrete,mansard,1,0,economy,rocky,93.13252856354329,1385652.7257542193
9550.470103506446,2,residential,urban,pile,wood,gable,0,1,luxury,clay,86.83527732215614,3900729.6577370297
41372.692102253015,14,industrial,urban,slab,brick,gable,0,0,standard,rocky,62.586296300791176,11501299.097758671
14642.524599214072,4,infrastructure,suburban,crawl_space,glass,flat,0,1,economy,sandy,1.8628532683122367,1729180.1596348258
46392.62720229024,17,commercial,rural,basement,glass,flat,0,1,premium,clay,20.913661725969103,16631915.3758315
48511.36300458695,13,residential,suburban,crawl_space,glass,mansard,1,0,economy,sandy,78.93192523870324,8905979.468451507
28777.39326188632,4,commercial,rural,slab,concrete,gable,0,1,luxury,sandy,45.37607978687864,8894103.922253776
7578.555571953457,3,commercial,rural,pile,steel,mansard,0,1,premium,sandy,12.59505178943754,1663901.286455
19040.13804728927,12,residential,urban,pile,brick,flat,0,0,economy,clay,40.82596709578844,2935038.7692035404
39987.7470357366,8,industrial,urban,slab,concrete,hip,0,1,luxury,rocky,21.190312382000254,22223522.642697327
18685.841070504986,2,industrial,urban,crawl_space,wood,hip,0,0,standard,clay,89.25673969153371,2906377.3629496107
4807.352305988043,6,commercial,suburban,pile,concrete,hip,0,1,premium,sandy,88.9258404310639,1340287.7449854622
28060.853090945304,10,residential,suburban,basement,wood,mansard,0,1,premium,loamy,38.70621821086699,7741228.859888415
42333.48214905372,12,industrial,urban,crawl_space,wood,gable,0,1,standard,rocky,13.739350108707516,9585768.082694314
39898.35616360337,10,commercial,suburban,crawl_space,glass,flat,1,0,premium,loamy,35.88312337982534,15294595.601065358
9168.595436452486,10,infrastructure,suburban,basement,concrete,gable,0,0,luxury,sandy,12.873996497683759,4527894.408802779
33801.8484134171,3,residential,rural,slab,steel,gable,0,1,standard,clay,30.40459948374088,4305693.304731007
11414.961040064532,10,infrastructure,suburban,pile,wood,flat,0,0,economy,rocky,77.11815357190372,1126495.088841605
11301.272960332526,9,infrastructure,rural,crawl_space,glass,gable,0,1,luxury,loamy,29.194643886401327,4979954.7820523465
43766.55277860667,19,commercial,urban,pile,steel,hip,0,1,standard,clay,54.42019413069592,16908943.62010693
12858.613160641393,14,residential,suburban,pile,concrete,flat,0,0,economy,rocky,11.887337188628555,1692035.3274967612
13530.743652641553,2,industrial,rural,crawl_space,steel,hip,1,0,luxury,sandy,34.76254421658241,4340606.988616378
532.3428426843279,5,industrial,suburban,slab,concrete,mansard,1,1,luxury,sandy,3.9637667244255215,233148.3060658606
43598.117189213124,8,commercial,rural,crawl_space,wood,hip,1,1,premium,sandy,54.81682614645431,9771989.66227095
39733.443253852165,7,industrial,rural,slab,brick,mansard,0,0,premium,clay,34.7623185873934,7998014.347920352
31552.78228698856,6,industrial,suburban,basement,brick,mansard,0,1,standard,clay,87.20039132290405,4728236.484077053
37638.15531497269,11,infrastructure,urban,slab,wood,flat,1,1,economy,sandy,39.255260034527915,6034547.384403235
8026.404087512344,12,infrastructure,rural,slab,steel,hip,0,0,luxury,sandy,55.77751194810274,3800894.923263757
23187.017932084986,18,residential,urban,crawl_space,concrete,hip,0,0,luxury,rocky,97.66441276826387,19325471.783306614
17885.359673764655,19,infrastructure,suburban,pile,brick,hip,0,1,standard,loamy,64.2705931184697,4558690.504513197
5141.9380497223165,10,industrial,suburban,pile,concrete,flat,0,0,premium,rocky,50.04719947565762,1551535.7698661685
24563.459018138743,14,residential,urban,slab,wood,mansard,0,1,luxury,loamy,9.812472976198794,14014947.532120157
46076.61269196045,3,residential,suburban,slab,steel,mansard,1,1,luxury,clay,82.09642908671218,20049947.296485838
2482.9263930093766,18,commercial,rural,crawl_space,concrete,mansard,0,0,premium,rocky,64.2383338784121,811846.1020270634
14927.315217942798,15,infrastructure,urban,slab,steel,flat,0,1,economy,clay,10.852431502912419,2877938.030772355
10773.276342182322,6,residential,suburban,crawl_space,brick,flat,0,0,economy,clay,24.56691507759704,998274.2661946703
12288.259356451968,10,industrial,suburban,basement,concrete,gable,0,0,premium,loamy,53.76474614375327,3590858.1464663027
45467.510318029075,12,residential,urban,slab,glass,hip,0,0,luxury,loamy,4.506243331029392,38696874.43118564
23669.41818459736,7,residential,rural,basement,brick,mansard,0,1,premium,rocky,71.83100963849168,4610776.839373311
23581.82094052103,17,commercial,urban,slab,steel,gable,0,0,economy,rocky,22.77938444551424,5246756.765044487
38148.49430153648,1,industrial,suburban,slab,wood,gable,0,0,standard,rocky,48.97105744117355,4142147.8776711267
8147.364098243827,18,industrial,suburban,basement,glass,hip,0,1,standard,loamy,24.16434089620143,2272838.215787604
24619.635027952514,15,infrastructure,urban,basement,concrete,flat,0,1,economy,sandy,48.91869023749844,4858888.3542531235
21784.268098992456,19,industrial,rural,crawl_space,brick,gable,0,0,economy,sandy,18.967900578328244,2759682.018633103
30047.07918205948,1,residential,rural,crawl_space,concrete,flat,0,0,economy,loamy,59.39205992861164,2038947.440331469
49978.10631089671,5,industrial,rural,basement,concrete,flat,0,1,premium,rocky,91.04067274350358,9540929.488513412
38587.72025706133,15,industrial,urban,slab,glass,hip,0,1,standard,sandy,80.7335946059112,13363467.069333695
20194.352299362647,3,residential,rural,crawl_space,glass,gable,0,1,economy,clay,24.15207639181467,1655406.5657952067
41463.876087565324,1,commercial,rural,slab,glass,mansard,0,0,luxury,sandy,49.81094856675976,13566844.59187051
8950.06398396777,8,infrastructure,rural,pile,glass,gable,0,0,standard,sandy,42.31084189780098,1608788.7888847804
2007.9524722935262,12,infrastructure,rural,crawl_space,wood,mansard,1,1,premium,loamy,96.54751193888906,457933.50665373093
10620.194436981516,19,commercial,suburban,crawl_space,steel,mansard,0,1,luxury,loamy,79.88211273366333,7229788.371446096
17350.372027655852,12,residential,urban,crawl_space,glass,flat,0,1,premium,sandy,10.742866368197257,8930672.131922109
25773.747494248215,13,infrastructure,urban,pile,brick,mansard,1,1,economy,clay,16.85524007134277,5017984.802755562
30948.892456789392,1,commercial,rural,basement,concrete,hip,0,1,economy,clay,70.20283943327061,2042722.6279492816
45574.98300211388,19,commercial,urban,slab,glass,gable,0,0,economy,rocky,15.985817563272652,11242282.410566583
25737.773472747656,6,commercial,urban,pile,brick,flat,0,1,luxury,sandy,95.04685495099645,13800995.212655075
25313.144408973603,8,infrastructure,suburban,basement,wood,flat,0,0,economy,sandy,99.2946849759872,2379006.2007700717
2987.0289862376158,4,infrastructure,urban,crawl_space,brick,mansard,0,0,standard,clay,77.8370866281161,598304.1959844502
2228.121856483079,5,infrastructure,suburban,basement,brick,flat,1,1,economy,loamy,2.6800239315407093,273119.404979071
27782.41811486042,7,infrastructure,urban,basement,wood,hip,0,1,standard,sandy,48.27267773499987,5649013.873025262
22189.841355793054,4,industrial,suburban,basement,wood,hip,0,0,luxury,clay,40.60795092998897,7384523.758784766
42039.42955152478,4,commercial,suburban,slab,concrete,flat,0,0,premium,sandy,79.95356416540965,10920727.541757176
8453.639443236338,15,industrial,urban,basement,glass,flat,0,0,premium,loamy,28.700832790443165,4815949.066154905
1736.0972747939552,5,commercial,suburban,basement,brick,hip,0,0,standard,rocky,38.61260431736782,269138.1194667249
22727.41901254123,9,infrastructure,suburban,basement,steel,mansard,0,1,luxury,loamy,9.350134560345424,12425862.820241924
12255.188559236745,2,infrastructure,urban,basement,steel,flat,0,1,standard,loamy,34.26360865510676,2528082.3203670187
2955.9114802724534,7,industrial,suburban,pile,concrete,mansard,0,0,economy,clay,97.38538451490662,290832.7032637675
36367.61519895763,17,residential,suburban,pile,steel,flat,0,0,economy,clay,94.21498540191556,5655684.853279779
6023.85349788375,16,infrastructure,suburban,basement,concrete,hip,0,0,economy,loamy,75.02592061386751,866466.6316600448
30611.815250384698,17,residential,suburban,basement,glass,flat,1,0,premium,clay,90.72636555308551,14251956.009173308
14411.962633261013,2,commercial,suburban,basement,concrete,flat,0,0,standard,loamy,21.117050685449623,2169451.0448419354
9088.05449257359,11,industrial,rural,crawl_space,wood,flat,0,1,luxury,loamy,62.18318685327593,2959244.2030355395
19297.700384506214,2,residential,suburban,basement,wood,hip,1,1,standard,sandy,49.99722382249176,2739383.5976845426
40171.56592303621,1,residential,suburban,basement,wood,hip,1,1,standard,loamy,42.26900403678088,5139898.458163242
19908.632056776347,2,infrastructure,suburban,pile,wood,hip,1,1,standard,rocky,32.48351369597583,2943075.087379705
37663.097635947255,9,residential,suburban,pile,wood,gable,0,1,economy,clay,86.6319592006087,3773172.085189285
6711.571691557959,2,residential,urban,pile,wood,gable,1,0,economy,rocky,48.45051889928417,765296.2101307871
38752.18527342142,15,commercial,rural,slab,wood,gable,0,0,standard,clay,72.40334894690264,6299515.949661219
12228.199582879108,10,industrial,urban,crawl_space,wood,gable,0,1,economy,loamy,70.59502438059806,1549027.2961006425
34030.9599294992,15,infrastructure,rural,basement,wood,hip,1,0,premium,rocky,13.607111704788588,9336583.374772841
28506.18696462932,10,infrastructure,suburban,pile,glass,flat,1,1,economy,sandy,4.893569856292624,4326392.8245636
46492.663501978524,17,residential,suburban,slab,wood,hip,0,0,premium,loamy,83.9963173595025,14799861.101119442
19672.464639778045,9,commercial,rural,basement,concrete,gable,1,1,premium,loamy,49.03200378378841,5060203.570819046
3775.1768473048023,18,residential,rural,basement,glass,mansard,0,0,standard,loamy,81.00855316765788,828268.6394053062
1448.1965347870187,4,residential,urban,pile,steel,mansard,0,0,standard,sandy,29.7065247662215,321822.78677245957
41429.49876815128,9,infrastructure,rural,basement,brick,hip,0,1,economy,rocky,86.18319712824487,3653418.1197977453
26474.414064240893,16,residential,suburban,basement,glass,flat,1,0,luxury,loamy,83.08204848763498,17592801.376956344
38874.58056582999,4,residential,urban,basement,wood,gable,0,1,standard,rocky,38.1671427660692,7050576.384397781
12104.067200569978,16,commercial,rural,pile,glass,flat,1,0,premium,loamy,41.16980617362219,4410691.3555872105
17581.64540290507,19,infrastructure,rural,slab,brick,flat,0,1,premium,loamy,35.08923994514734,5181553.359384846
1990.1416744602875,1,industrial,urban,basement,brick,flat,1,0,economy,loamy,3.482257321405491,220425.95228604221
48093.87006641855,6,commercial,rural,slab,wood,gable,0,0,premium,sandy,68.76605912277294,8708795.618638247
33559.461381690264,10,commercial,suburban,basement,wood,hip,0,1,standard,loamy,27.27325492544831,5522948.790692928
46693.65184408566,16,commercial,urban,pile,concrete,gable,1,0,economy,rocky,88.40137423625062,10292408.68810031
13642.07216773908,4,infrastructure,rural,slab,brick,gable,0,0,economy,loamy,89.73771476215259,1000548.1568380336
30767.44875567021,13,residential,suburban,pile,wood,hip,0,1,luxury,rocky,72.2579206121812,13687709.975395096
34085.748430485575,16,industrial,rural,crawl_space,brick,hip,0,1,economy,rocky,18.156398896747028,3843491.2440166664
16218.710162750627,6,infrastructure,urban,basement,concrete,hip,0,0,luxury,clay,8.929249246269444,8909578.308089921
42481.407133273686,11,residential,rural,crawl_space,steel,mansard,0,0,standard,rocky,81.64465954573834,7880753.059082124
47384.492413562264,3,commercial,rural,crawl_space,brick,mansard,0,1,premium,clay,89.30661088619438,8870109.739158034
44300.328325952214,10,infrastructure,rural,crawl_space,concrete,hip,0,1,standard,sandy,35.20391247338455,7539019.36961558
37083.81530899894,1,residential,suburban,basement,concrete,flat,1,1,economy,loamy,35.2955933726107,3804401.5504404707
14234.501646385224,11,industrial,suburban,pile,concrete,mansard,1,0,luxury,sandy,39.02759073685339,7434114.462707925
14439.99408422877,12,industrial,rural,crawl_space,glass,gable,1,1,premium,sandy,82.76223067664465,4482103.078043787
48186.33586207888,14,residential,rural,slab,wood,gable,0,0,economy,rocky,70.70719575007809,4494653.036868992
1009.0825488167554,8,infrastructure,urban,basement,brick,mansard,1,0,standard,loamy,12.197633410242704,242483.15651145438
35944.47367548615,11,commercial,rural,pile,glass,gable,0,0,economy,loamy,63.46905726457614,4044924.1480001444
35459.18504648548,4,residential,urban,pile,brick,hip,1,0,luxury,sandy,0.9777659958152052,16813477.605270937
31323.132277014975,7,commercial,suburban,crawl_space,glass,gable,0,1,standard,clay,71.03862050273135,7127533.413103255
49510.38788129986,10,industrial,rural,basement,wood,mansard,0,0,economy,clay,76.46323173741031,4289017.43163212
15938.0320703044,19,residential,urban,crawl_space,concrete,flat,0,1,luxury,rocky,81.49484196984022,13184924.570011672
17328.607257765783,4,industrial,suburban,slab,brick,gable,0,1,economy,clay,62.56426218045564,1523858.6774967294
4407.500445854499,2,commercial,urban,pile,concrete,gable,1,0,luxury,clay,18.058810441537943,2108446.629929304
22418.507758915002,18,commercial,suburban,pile,wood,flat,1,1,economy,sandy,79.37467806481605,3176182.298773013
13421.902048624981,14,residential,rural,basement,brick,mansard,0,1,standard,clay,89.97905592418326,2184403.966752325
17497.64175779339,16,residential,urban,pile,steel,flat,1,1,standard,loamy,63.37961430561173,5809119.629812109
41811.30361765357,11,residential,rural,basement,steel,gable,0,0,standard,sandy,27.511787396553057,7310581.486383505
46806.48341961104,10,industrial,urban,crawl_space,steel,mansard,0,0,standard,sandy,17.93607216847033,13274862.32185575
9693.787064256689,17,commercial,suburban,slab,wood,hip,0,0,standard,clay,23.146302170314282,1925856.7683358185
18939.192111896562,14,commercial,urban,basement,steel,mansard,0,0,premium,loamy,1.6904254034797117,8895484.36054734
46467.212824712005,4,industrial,urban,crawl_space,brick,mansard,0,0,economy,loamy,1.0168591066567978,5460480.197920391
3559.51880411652,19,residential,rural,slab,steel,hip,0,1,standard,clay,29.703842084573605,813559.3371708775
5071.846141513236,2,infrastructure,rural,pile,brick,mansard,0,0,premium,loamy,92.29597142736242,868593.6986274857
8558.153965708352,7,residential,rural,slab,wood,gable,0,0,premium,rocky,62.132745587284624,1606606.4525272474
29963.035289280302,9,infrastructure,suburban,slab,concrete,gable,1,0,economy,rocky,38.610705914391495,4040052.984365466
7948.377414796875,19,infrastructure,rural,slab,glass,gable,0,0,luxury,clay,1.0847562720400106,4984103.1899697
48419.780881811304,16,industrial,urban,pile,steel,gable,0,0,economy,sandy,98.9700152024779,10035141.103610503
22612.369099296757,16,commercial,suburban,basement,glass,hip,0,0,economy,sandy,45.584438792704496,3848956.9721236764
25325.139037333236,18,commercial,rural,basement,concrete,gable,0,1,luxury,loamy,99.1502833649966,13190823.38922887
12709.601482367621,11,commercial,urban,slab,wood,mansard,1,1,luxury,rocky,72.01399552832164,7710795.028540186
23812.532495519306,7,commercial,urban,crawl_space,wood,flat,0,0,standard,sandy,5.123885111849413,4446810.611278725
33264.72481553207,9,industrial,suburban,crawl_space,concrete,hip,1,1,luxury,loamy,85.9025640077236,17312408.40957545
37683.268279225114,4,infrastructure,urban,slab,glass,hip,0,1,luxury,rocky,53.03993948206773,24086183.714542694
37816.47009414069,13,commercial,rural,slab,steel,flat,1,0,economy,sandy,45.27284082027588,5308842.293391144
29105.61007835737,4,infrastructure,urban,crawl_space,brick,gable,1,0,economy,loamy,75.78517011059516,3854166.5178683726
45265.80886219593,19,industrial,rural,slab,wood,gable,0,0,economy,clay,77.48009326514865,5208763.998412052
40961.68844165241,2,residential,rural,slab,concrete,mansard,0,0,luxury,clay,79.64297497507428,11781650.136160012
37973.88167758196,9,industrial,suburban,basement,glass,gable,0,0,premium,sandy,76.0536354915478,12649875.748287253
3252.473323182801,12,commercial,urban,basement,steel,gable,1,1,standard,loamy,64.12700519917134,1072946.4330277957
840.459129872641,2,residential,suburban,slab,glass,mansard,0,1,economy,rocky,67.56223153293064,85432.57478022663
11016.140221175912,6,industrial,suburban,slab,steel,gable,0,0,premium,clay,85.85825860356287,3045220.6476242756
33344.41789871589,5,industrial,suburban,pile,brick,flat,0,0,standard,rocky,69.05406231547633,5501926.242424423
20854.27569968602,5,infrastructure,rural,basement,brick,gable,1,0,economy,loamy,10.135749978159703,2023246.1395567716
20419.109835315932,5,industrial,rural,slab,concrete,flat,0,1,premium,clay,64.55006280078538,4355519.835585931
44287.05096736588,4,residential,rural,pile,concrete,flat,1,0,standard,sandy,16.999377772824285,6580413.896137917
44830.360982526014,9,industrial,rural,pile,steel,flat,1,0,economy,clay,1.4252962417217185,5337403.19136627
45504.17557065249,10,commercial,urban,pile,steel,gable,0,0,economy,sandy,21.416672227476163,8034595.8438748
16036.964787493851,16,infrastructure,urban,pile,steel,gable,0,1,premium,rocky,15.440498345272935,9003547.262878796
34707.26273059346,10,residential,rural,basement,steel,hip,0,0,luxury,clay,10.209573511554481,13935256.119662737
13945.842473081297,10,residential,rural,pile,brick,mansard,0,1,luxury,loamy,21.498677490568518,5438441.888344277
9935.186737185264,19,industrial,urban,basement,concrete,mansard,0,0,economy,rocky,56.35693395003558,2058697.3167961244
9639.306638694776,10,commercial,suburban,pile,concrete,hip,0,0,premium,rocky,15.146980305299252,3156580.691112779
17434.327232747906,6,infrastructure,suburban,pile,wood,flat,0,0,luxury,sandy,27.943827700821355,6410455.431044329
21782.902179101176,17,residential,rural,crawl_space,concrete,mansard,1,1,luxury,loamy,84.95921102128885,10274763.554833345
41631.98396722588,5,infrastructure,suburban,basement,concrete,hip,0,0,luxury,rocky,88.8051274528047,17614692.213930726
6434.609126899249,6,industrial,rural,crawl_space,glass,flat,1,1,premium,clay,33.30843667864675,1757766.7538543807
36878.82944604726,15,commercial,rural,crawl_space,glass,hip,0,0,premium,sandy,89.8951100891258,11817508.908466786
26807.018252370613,19,industrial,rural,pile,wood,gable,0,0,standard,loamy,58.57277701127895,4382036.0901632225
14753.294462461628,18,infrastructure,urban,basement,steel,gable,0,1,luxury,sandy,22.63684044305243,13155966.77638611
24894.56943437482,4,industrial,suburban,slab,wood,flat,0,0,premium,sandy,75.4293405139364,4925569.650303658
15347.13245396262,8,infrastructure,urban,pile,wood,flat,0,0,standard,rocky,92.20941447377982,3316944.238582636
30006.056784296146,16,residential,suburban,basement,brick,gable,0,0,economy,clay,65.92358275814932,4020779.7890645806
21975.27418133459,19,residential,urban,crawl_space,concrete,mansard,0,0,standard,clay,20.133072861575453,7598000.1477894895
8638.073689404497,3,industrial,urban,basement,brick,mansard,1,0,luxury,loamy,8.58800766743839,3979521.1979408264
6270.862190506988,10,residential,rural,pile,concrete,gable,0,0,premium,loamy,22.94119707061967,1486519.4413201823
27561.43626257044,2,infrastructure,rural,basement,wood,mansard,1,0,luxury,clay,33.850850541934996,6714163.35262201
45169.44514766212,4,residential,urban,crawl_space,concrete,gable,1,0,luxury,sandy,33.373530400703,23370555.540469326
17525.905484605435,6,commercial,suburban,basement,steel,hip,0,1,economy,sandy,49.85459330136406,2043097.2203104969
36783.50530751985,11,commercial,suburban,basement,steel,hip,0,0,premium,clay,50.516921603194895,12844569.169052819
33103.737069518465,14,industrial,rural,crawl_space,wood,hip,0,1,premium,rocky,47.143261161513635,8316949.767321515
46611.96825831931,16,industrial,rural,pile,glass,mansard,0,0,economy,sandy,34.38238758829102,6677698.495780601
41138.56035630747,19,industrial,suburban,slab,steel,hip,0,1,premium,clay,10.68304738387048,18678815.45477497
28546.96031582042,2,industrial,suburban,crawl_space,wood,flat,1,1,standard,rocky,41.83182914985952,3827566.847370395
33023.009662588316,17,infrastructure,suburban,crawl_space,brick,flat,0,1,luxury,sandy,98.57603424523242,18772250.871000376
44970.13009590973,9,infrastructure,rural,pile,glass,hip,1,1,economy,loamy,65.38748730844478,5270031.206083258
20276.17983705327,17,commercial,suburban,pile,steel,flat,0,0,economy,sandy,43.97773472038047,3123413.834150867
16676.33793995998,15,infrastructure,rural,basement,wood,hip,0,0,luxury,sandy,8.349062807647577,6410089.053194606
1035.1486399422188,7,residential,urban,crawl_space,wood,hip,1,1,economy,clay,21.324871906252586,142289.01644607182
41414.278172477476,19,commercial,urban,basement,brick,gable,0,0,premium,sandy,57.46472940051758,21471021.429552566
40148.54466996656,3,industrial,urban,basement,brick,hip,1,0,premium,sandy,49.78738456480062,12415719.438265696
5670.498645957494,1,industrial,suburban,pile,glass,flat,0,0,luxury,rocky,1.9195062564070997,2438466.130499367
29054.440366068662,4,infrastructure,rural,pile,steel,mansard,1,0,economy,clay,8.623583176589555,3072426.0854543485
23467.094059260926,18,commercial,suburban,basement,wood,hip,1,1,standard,rocky,35.60085811213889,5851815.089326649
6376.1002277010175,8,infrastructure,rural,crawl_space,glass,gable,0,0,luxury,loamy,14.082578283027193,2692344.0843638047
49038.12723950582,19,infrastructure,suburban,crawl_space,glass,flat,1,0,premium,sandy,95.78426789773089,23949506.725937698
11127.446429436095,6,infrastructure,urban,basement,brick,gable,0,1,premium,clay,3.4117694850596236,3553804.87324317
3828.0919144827767,1,commercial,rural,slab,wood,hip,0,0,premium,loamy,97.4049372708639,571268.4379359507
29944.945285344525,8,industrial,suburban,slab,concrete,hip,0,0,standard,clay,65.6553720260748,5419279.944856778
37073.900518085116,1,residential,rural,pile,brick,hip,0,1,premium,sandy,40.722772393572,5571714.960838533
2105.950579335755,19,industrial,rural,crawl_space,wood,hip,0,0,luxury,clay,53.94325461237348,874742.114944396
33106.52311698759,11,commercial,suburban,basement,glass,flat,1,1,luxury,clay,41.01247121513916,20119351.54157232
26848.447859596996,15,industrial,suburban,basement,glass,mansard,0,0,luxury,rocky,57.32076250948954,18546148.37557373
5611.617939314897,11,industrial,rural,crawl_space,steel,hip,1,0,premium,clay,15.200615413299722,1660736.530068727
9039.931908844923,19,residential,rural,pile,concrete,gable,1,0,standard,clay,12.001320897346702,2091979.0686420074
28614.727717145986,10,industrial,urban,pile,brick,flat,1,1,standard,rocky,52.85906760978318,7618772.371914212
15169.701868907774,12,industrial,rural,slab,steel,flat,1,1,premium,sandy,7.133965784473406,4558334.799137242
46946.62856824014,1,industrial,urban,crawl_space,steel,flat,1,1,economy,loamy,29.248430264690207,5849687.610840109
41027.64135946051,7,infrastructure,urban,crawl_space,concrete,gable,0,1,economy,rocky,92.68950329384845,5999286.164360311
49186.57672242632,17,commercial,urban,basement,brick,mansard,0,0,luxury,sandy,87.62131083478802,34371673.894944645
13353.706528045492,10,commercial,rural,crawl_space,brick,gable,0,1,standard,sandy,83.14022954077977,1999085.072661971
48501.31982349986,6,residential,urban,slab,glass,gable,0,1,premium,loamy,50.716368647819756,20955308.751458444
21846.076554682113,17,infrastructure,rural,crawl_space,brick,gable,0,0,standard,sandy,2.788470459748138,4152410.315647929
17702.180368030855,18,infrastructure,rural,basement,steel,hip,0,1,standard,rocky,12.136926140191672,3737241.5479853493
2992.3015849829853,5,industrial,suburban,slab,glass,hip,0,1,economy,sandy,91.94510748894027,370065.2340786602
3111.88026405033,18,commercial,rural,basement,brick,gable,1,1,standard,loamy,83.64073321041747,620216.1323611077
34754.55716935941,17,residential,rural,crawl_space,concrete,gable,0,0,standard,loamy,37.652182214372075,6908190.554233131
23167.485224484382,16,infrastructure,urban,pile,steel,hip,0,1,premium,rocky,72.8975534879989,12383241.088622471
11712.820488787233,8,industrial,rural,crawl_space,wood,hip,0,0,premium,rocky,85.45277932182888,2343450.9066042737
30891.530163099014,13,residential,rural,crawl_space,concrete,mansard,0,1,standard,sandy,62.033559953955134,5021317.871148471
13016.476853380504,16,infrastructure,suburban,basement,concrete,gable,0,0,standard,loamy,85.35269467890646,3267517.029982307
29092.771840048918,11,residential,suburban,pile,brick,flat,0,1,premium,loamy,24.467400786895688,8195259.111259087
18280.83297564317,6,infrastructure,urban,crawl_space,glass,mansard,1,0,economy,sandy,46.21357467763103,3025696.642387663
41265.83521728504,3,residential,urban,slab,glass,flat,0,1,premium,loamy,57.90417848156435,14651182.419250606
41124.45995795557,1,infrastructure,suburban,slab,steel,mansard,0,0,premium,rocky,63.11574469133694,9252822.97218229
24128.844707058866,18,infrastructure,suburban,basement,brick,gable,0,1,premium,rocky,98.6990322568669,8284282.1638568165
17865.54591208327,5,residential,rural,basement,glass,flat,1,1,premium,sandy,84.59313383754372,4307601.444074657
18446.70992967518,13,infrastructure,urban,pile,wood,hip,0,1,premium,sandy,5.526091304209779,6850065.9471973255
40382.869020576785,10,infrastructure,urban,basement,brick,mansard,0,0,economy,sandy,16.91334044435586,6406809.942442919
16744.884398481794,5,infrastructure,rural,pile,brick,flat,1,0,luxury,rocky,65.7141963341356,5055952.971417745
10848.438998488878,14,residential,rural,crawl_space,glass,mansard,0,0,premium,rocky,24.051002964182533,3348954.990738271
4692.072922827688,17,residential,urban,slab,concrete,gable,0,0,premium,loamy,15.896791324064907,2414804.685015411
23601.309483778216,1,infrastructure,suburban,slab,brick,flat,0,1,economy,rocky,66.66508821963309,1884451.9223481796
24365.538896532173,2,infrastructure,suburban,slab,concrete,flat,0,1,luxury,sandy,53.6424551333452,8405193.979447413
42124.98116494391,7,residential,rural,basement,steel,flat,0,0,standard,clay,80.518997747133,6493088.987940592
11451.315474080167,10,industrial,urban,basement,steel,mansard,0,0,economy,clay,31.936119720634892,1951263.2702993792
19359.068046585795,7,infrastructure,rural,crawl_space,glass,hip,1,1,premium,clay,32.97039085120007,5569510.629274537
40516.084075237704,16,industrial,suburban,basement,steel,hip,0,0,standard,clay,15.049196271239563,9765064.549784278
41269.36873207419,5,residential,suburban,pile,glass,hip,0,0,economy,clay,65.2258146028608,4886455.335390461
19538.248260949025,12,infrastructure,rural,slab,glass,gable,1,0,standard,rocky,70.8891844295079,3985737.9451589147
23226.639152690703,17,industrial,suburban,crawl_space,concrete,flat,1,0,economy,sandy,13.842682261763883,3739172.949568521
15512.651597039505,16,residential,urban,pile,concrete,hip,1,0,economy,sandy,25.411344131814218,2993998.6303518396
46661.466481755946,16,industrial,rural,pile,steel,hip,0,1,standard,loamy,15.427131737003986,9660967.036089392
6372.8664042082255,19,commercial,rural,basement,concrete,flat,0,0,luxury,sandy,74.7676996999029,3314076.3288839655
46720.596438572764,15,residential,rural,basement,brick,gable,1,1,standard,loamy,20.90977296359089,9200716.760554925
34351.38936584949,12,commercial,suburban,slab,wood,mansard,0,1,standard,sandy,15.224656459035725,6534781.024871954
26812.821557993193,10,residential,urban,crawl_space,brick,mansard,0,1,luxury,loamy,6.985170748658809,16999804.93798403
2116.6235088325457,2,residential,rural,pile,brick,mansard,0,0,standard,loamy,83.12994742261837,217863.65520005568
24042.01149518941,7,infrastructure,rural,basement,glass,flat,0,0,luxury,sandy,12.397914884798345,9764060.754842702
20683.53119763525,13,commercial,suburban,basement,wood,gable,0,0,luxury,clay,2.9667053864524395,8846196.56152995
8480.331192768566,3,commercial,urban,crawl_space,glass,flat,1,1,luxury,sandy,6.430532035094661,4618205.794620389
32992.27537328252,15,commercial,rural,crawl_space,concrete,mansard,0,1,premium,sandy,36.68308721282768,8843918.318333892
48571.96991473014,1,residential,suburban,basement,concrete,hip,0,1,economy,clay,59.66525407264297,4395966.283226966
28328.346147693992,3,commercial,rural,basement,wood,hip,0,0,premium,sandy,39.82047075609159,4684200.056286829
35880.28718397532,10,commercial,suburban,slab,steel,hip,0,0,economy,loamy,45.5406920476522,4704609.2279447
3888.297402017831,15,infrastructure,urban,crawl_space,concrete,mansard,1,0,premium,clay,91.93054565263097,1834522.4805237676
21174.51629294124,6,industrial,suburban,pile,brick,gable,1,0,luxury,clay,75.89211613300641,9105424.639306229
6259.745015642546,15,industrial,rural,basement,wood,mansard,0,0,premium,rocky,34.104130335018525,1529079.8115185562
30833.393859057265,7,commercial,rural,basement,wood,flat,1,1,economy,loamy,15.431458229709028,2718127.398819806
46954.86683160065,5,commercial,suburban,basement,concrete,gable,0,0,premium,loamy,74.91724449463565,11533188.84576619
33257.99775734611,4,commercial,urban,basement,concrete,hip,0,1,standard,sandy,57.352377721191274,6472081.19658708
4301.7508915638655,18,commercial,urban,slab,glass,gable,1,0,standard,sandy,96.22466871609839,1832978.189752906
18055.9771467616,3,industrial,rural,crawl_space,glass,gable,1,0,luxury,loamy,90.84423476574017,6517606.178672724
27757.83728232215,17,infrastructure,rural,basement,brick,mansard,0,1,premium,loamy,56.364273065568746,8317806.316879992
20458.783928595985,18,residential,suburban,crawl_space,wood,gable,0,0,premium,loamy,6.991019350583105,6891764.274074936
41765.37851852103,18,commercial,suburban,pile,steel,mansard,0,1,economy,sandy,3.095968120497594,7409305.548564971
40826.214733144465,2,commercial,suburban,pile,steel,flat,0,1,economy,loamy,83.75204006260843,3826190.4448029017
30785.63549510946,13,industrial,urban,pile,wood,gable,0,1,premium,loamy,69.8042125885444,11988852.2086361
18986.16828406891,15,commercial,urban,pile,brick,gable,0,1,economy,clay,56.01573868563272,3513324.756931244
13139.150501280585,5,infrastructure,rural,crawl_space,glass,gable,1,0,standard,loamy,68.89252343743941,2091632.391364572
5740.778751549901,3,infrastructure,rural,pile,glass,hip,0,0,standard,rocky,53.97868342560576,757180.4654667478
18067.435332584424,5,commercial,rural,pile,glass,mansard,0,1,luxury,sandy,57.83377355772339,7477293.011447906
20952.039601782115,5,industrial,suburban,basement,steel,mansard,1,0,standard,clay,22.588896140963342,3819858.4679530496
33953.234792651645,5,commercial,urban,basement,steel,hip,0,0,economy,loamy,45.550441333625905,5007704.533551277
33078.91130272989,3,commercial,rural,basement,brick,mansard,1,0,economy,loamy,1.1073542465420805,2936717.9361533173
3970.352912242219,3,industrial,rural,slab,steel,flat,1,0,economy,clay,66.87336494609887,341946.42045380577
20065.33611384231,18,infrastructure,rural,basement,concrete,hip,1,1,economy,clay,33.230255821851905,2911327.2590595605
9498.053927259414,4,residential,rural,pile,steel,mansard,0,0,premium,clay,65.63241524373352,1970949.4995938628
8262.228913181882,1,commercial,rural,crawl_space,glass,flat,0,0,premium,rocky,92.64616695553327,1575010.329285854
41451.45641199367,16,infrastructure,rural,pile,brick,mansard,0,0,premium,rocky,59.1643314661078,11901285.095202286
2574.8032274547477,8,commercial,urban,crawl_space,wood,hip,1,0,premium,clay,32.808500236360985,890502.6074628314
21249.552357155007,17,residential,rural,pile,wood,mansard,1,1,standard,loamy,20.71586204200283,3952226.786894402
8826.08096044265,8,industrial,urban,slab,brick,flat,0,1,economy,sandy,25.17084859759684,1320044.667954599
44026.845676084464,7,infrastructure,suburban,basement,concrete,flat,0,0,standard,rocky,98.72970293420887,7197266.945619067
28073.505407114237,8,residential,urban,pile,wood,flat,1,0,economy,sandy,61.53630504533943,4107196.9908179734
11953.341500653978,12,commercial,suburban,basement,glass,mansard,0,0,premium,sandy,44.05455080772938,4378566.782649942
25370.15071473563,16,residential,urban,slab,wood,hip,0,0,standard,rocky,23.097502358133838,6517299.097812075
36708.57480530423,12,infrastructure,urban,slab,wood,mansard,1,1,economy,sandy,77.30507167740589,5940740.003954167
47926.84144151197,19,industrial,rural,basement,glass,gable,0,0,premium,loamy,38.74433439152841,17547474.405502174
11412.077210148238,10,commercial,urban,basement,steel,hip,0,0,luxury,rocky,30.11266055031655,7490306.394793479
44365.997720402585,7,industrial,urban,crawl_space,concrete,gable,0,1,economy,rocky,22.23047206788348,6694687.863029025
46748.05365129077,12,industrial,rural,basement,glass,mansard,1,1,luxury,sandy,18.563123165854012,25451628.284683328
45862.81695433728,5,residential,suburban,basement,glass,hip,0,1,economy,sandy,27.33769760594654,5101330.307530739
31953.010664664536,16,residential,rural,crawl_space,brick,gable,0,1,premium,clay,62.720294802972006,8946472.333880218
31676.12239451803,9,infrastructure,rural,pile,concrete,mansard,0,0,standard,rocky,23.984777244844715,4608479.522211489
20458.92634259923,7,infrastructure,rural,crawl_space,steel,hip,0,0,economy,sandy,6.059841300884694,2070047.8537433364
37743.6951740375,14,industrial,suburban,pile,glass,flat,0,1,luxury,loamy,35.90245247288345,24766249.11583946
26799.05390837113,11,infrastructure,urban,pile,steel,flat,0,0,premium,rocky,58.485190806112286,11966291.039468864
34033.18452580058,7,industrial,urban,pile,glass,flat,0,0,economy,clay,6.021805357519783,5867686.910144182
21708.666240515377,10,commercial,rural,crawl_space,glass,gable,1,1,luxury,loamy,45.26251824960755,9661857.64701001
36709.074970135385,9,industrial,rural,crawl_space,brick,gable,1,1,economy,clay,5.228873490574415,3621095.9389406955
41311.34012142518,4,infrastructure,urban,slab,wood,mansard,1,0,luxury,clay,76.81795658923014,18386565.273211885
7748.594701839398,16,infrastructure,urban,pile,concrete,flat,1,0,economy,loamy,87.18824931653926,1697497.453240477
41730.02092092429,10,industrial,urban,crawl_space,brick,gable,0,1,standard,clay,96.38081403495336,10780455.922691751
27244.678323620206,19,residential,suburban,slab,steel,flat,1,0,standard,clay,69.12636637623996,8640407.008888137
42310.9624999661,17,industrial,suburban,pile,glass,mansard,1,0,standard,clay,63.2064397745533,12243379.426262412
21849.434463880225,9,industrial,rural,crawl_space,glass,hip,0,1,standard,clay,69.40770854728487,4266379.466000609
19262.504026460236,13,residential,suburban,crawl_space,concrete,gable,0,0,premium,clay,85.4648185907221,6692648.664504644
45795.50625960251,1,commercial,rural,crawl_space,brick,gable,0,0,standard,rocky,80.70927894117303,4614206.509640102
12932.878743645864,2,residential,urban,basement,brick,hip,0,0,economy,sandy,43.84964338785614,1485345.2009612897
42288.510101664084,13,infrastructure,urban,slab,steel,gable,0,1,premium,rocky,65.10731742262826,21030286.45380898
24459.018339215505,9,residential,rural,crawl_space,brick,mansard,0,1,economy,rocky,16.192028066439445,2283552.0353190596
25947.724406287358,7,infrastructure,urban,basement,brick,gable,1,1,luxury,sandy,69.49256249358007,14961157.336501041
15769.17993372946,16,infrastructure,rural,slab,wood,gable,1,0,standard,sandy,73.07705285394897,2939932.9305764367
28865.588930641276,19,industrial,rural,slab,concrete,hip,0,1,economy,loamy,80.13099006087825,3945736.123914624
16597.95421567246,7,industrial,rural,basement,brick,mansard,0,1,economy,clay,81.76486015855889,1296615.821233945
2443.8360049617895,6,commercial,suburban,slab,steel,flat,0,0,economy,sandy,43.99080526430209,294001.6153297647
13963.930964545625,18,infrastructure,rural,basement,glass,flat,1,0,luxury,loamy,90.35167821326266,8961917.647591574
815.7626486262386,19,industrial,rural,pile,brick,hip,0,1,luxury,loamy,98.09503137411276,385533.254680488
48928.5619593144,11,infrastructure,rural,crawl_space,brick,mansard,1,1,luxury,rocky,97.80410824660773,18445322.955140695
48304.4868860775,12,commercial,suburban,basement,glass,hip,0,1,economy,loamy,58.576095823464,7432118.881422099
20060.1872248791,10,infrastructure,urban,slab,wood,hip,0,0,luxury,clay,55.94827592361026,11364051.315296771
36554.35728981248,13,commercial,suburban,slab,concrete,flat,1,1,standard,rocky,45.733419026725386,8674544.866380263
17617.401871316037,12,commercial,rural,pile,wood,mansard,0,0,luxury,sandy,29.979409430010794,6063828.357683743
33719.111275755815,10,commercial,suburban,pile,steel,mansard,1,0,luxury,rocky,33.375778608711926,18215866.473697808
40368.78713077596,18,industrial,urban,pile,brick,hip,0,1,economy,rocky,21.575210483117868,8339761.174557955
47364.43411226592,4,residential,urban,pile,wood,flat,1,1,economy,clay,95.57226279772394,6083686.183513925
20310.507654558765,5,residential,rural,pile,concrete,mansard,0,1,economy,clay,61.98265952907015,1538952.4219982955
39273.250156324364,5,industrial,urban,crawl_space,steel,hip,0,1,economy,rocky,93.4463175307368,5670695.280718631
13663.45830628988,12,infrastructure,suburban,basement,wood,gable,0,1,standard,sandy,38.71256557017199,2653287.0294612017
49521.44903778559,3,industrial,suburban,pile,brick,flat,0,0,economy,clay,29.81948644659328,4027659.2047428326
1775.5951388353815,8,infrastructure,urban,pile,concrete,mansard,0,1,premium,rocky,13.274492888576228,615159.9019119442
30374.675921805487,2,commercial,rural,crawl_space,brick,mansard,1,1,premium,clay,30.02459084590685,5757524.368237462
33145.54609174069,18,industrial,rural,basement,brick,mansard,1,0,economy,clay,89.01606075724783,4457042.843856595
34558.25507516938,9,residential,suburban,pile,steel,flat,0,0,economy,loamy,58.2276198702626,4116975.139714013
6459.185150059906,13,infrastructure,urban,basement,concrete,hip,0,0,standard,sandy,45.24780298988751,1969666.5843903283
46957.22428191995,7,industrial,suburban,basement,glass,gable,1,1,premium,rocky,56.82495379537984,16170700.673285529
9468.572312979099,10,industrial,suburban,crawl_space,brick,mansard,0,1,luxury,rocky,89.26892650732383,4381898.3655765895
31326.293460372133,9,infrastructure,suburban,crawl_space,concrete,flat,1,1,standard,loamy,19.282267043339473,6410394.691908148
11522.465916592706,15,commercial,rural,pile,brick,mansard,1,0,luxury,rocky,96.56593564854587,5334045.744231249
15707.21264255291,5,commercial,urban,slab,wood,hip,1,1,economy,rocky,66.61943799452291,1985202.5464457942
27549.697815542157,12,commercial,urban,crawl_space,wood,gable,0,1,premium,loamy,85.5350214123492,10241364.646237705
21151.074218946535,1,commercial,rural,basement,concrete,mansard,1,0,luxury,loamy,52.54068697304361,5980982.191578059
8431.16724833706,12,infrastructure,suburban,basement,steel,flat,0,1,premium,rocky,23.6637872196373,3066352.8013531487
8961.35191983199,6,residential,suburban,pile,glass,hip,0,1,luxury,loamy,56.74343644332534,4700149.50126939
21198.16701405858,19,industrial,rural,pile,wood,gable,0,1,standard,clay,6.7939553882042425,3972373.041918715
37985.50742463729,19,industrial,urban,pile,steel,flat,0,1,economy,clay,85.21951634762091,9108568.913256697
44949.25001896553,16,commercial,rural,basement,glass,mansard,0,1,premium,clay,64.95791012969097,14983620.897696156
4664.319281839451,19,infrastructure,urban,crawl_space,wood,flat,1,0,standard,clay,28.28571061173134,1313079.9799082798
19958.64342419035,3,residential,urban,slab,glass,gable,0,0,premium,loamy,27.446935352253455,7513177.6523141805
5462.155404282393,10,residential,urban,crawl_space,brick,hip,0,1,luxury,sandy,90.28060194916459,3047875.6341602737
1321.3277913135953,18,industrial,suburban,slab,concrete,hip,1,0,luxury,sandy,84.09070993289987,786550.2037772166
33255.07479087585,13,commercial,suburban,crawl_space,wood,mansard,1,0,economy,rocky,76.31086723910305,4332634.322455321
30321.247377346095,18,industrial,rural,pile,wood,mansard,0,0,luxury,sandy,41.47919027365325,13650347.636294207
8569.446133836867,3,industrial,rural,basement,brick,mansard,1,0,economy,clay,87.25050847474908,759733.0539018575
12073.735238106674,3,residential,suburban,slab,wood,mansard,1,1,economy,loamy,24.68901233910279,1167854.8090967902
1673.53380540366,12,infrastructure,rural,crawl_space,wood,gable,0,1,standard,clay,2.4253917819162196,273303.52073810814
41829.88668187299,7,residential,suburban,basement,wood,mansard,1,1,economy,clay,43.276995847994314,4713324.173956221
48747.184504403296,8,industrial,suburban,slab,wood,flat,0,1,standard,loamy,91.9525292173029,7727353.706741923
7205.247071337195,9,commercial,urban,slab,wood,gable,1,0,premium,clay,57.122701523798256,2313351.422537757
11958.023081382256,14,commercial,urban,basement,steel,gable,0,0,luxury,clay,22.94357507000321,9327095.59504475
43486.27143537324,5,infrastructure,suburban,pile,wood,mansard,0,1,luxury,loamy,65.08213027012258,15802892.80123248
46359.95799883115,19,infrastructure,urban,basement,brick,gable,0,0,luxury,loamy,74.4985684928051,35360079.447704114
21271.55544893711,16,infrastructure,suburban,pile,wood,flat,0,0,economy,rocky,55.0337827720627,2702636.759998737
3005.812377319169,12,industrial,urban,crawl_space,glass,gable,0,1,standard,rocky,84.25980236416369,1055117.0448278903
2449.89576779456,4,industrial,rural,crawl_space,glass,gable,1,0,standard,clay,59.23725919173376,370784.0076620418
28910.518370416015,8,infrastructure,rural,basement,brick,flat,0,0,standard,rocky,9.602058871412522,3798406.8820467577
19948.307890212363,7,commercial,suburban,pile,steel,flat,0,0,economy,sandy,80.95450839152268,2481699.3282493744
1918.2951650938985,15,commercial,suburban,crawl_space,brick,gable,0,1,luxury,sandy,14.635619999843886,972612.7443636222
29370.99341947156,6,commercial,urban,pile,steel,hip,1,0,luxury,clay,88.27551636838054,18399037.572054997
1059.4755611566125,5,industrial,urban,pile,concrete,gable,1,0,standard,rocky,52.18450172641038,224987.51827093077
39474.91192838901,14,residential,suburban,pile,glass,flat,1,1,economy,clay,73.18667276231169,7357201.247135857
15668.424723816894,13,commercial,rural,basement,glass,flat,1,1,luxury,rocky,97.20949118255263,7748563.181109708
2492.7711489569892,10,commercial,rural,pile,glass,flat,0,1,economy,loamy,43.194314358854434,284568.0326066578
29623.43493866609,18,commercial,suburban,basement,steel,hip,1,0,premium,loamy,45.97218439778297,12032279.96288941
20185.37851443621,4,infrastructure,rural,crawl_space,brick,flat,0,0,premium,loamy,82.58458771927397,3540868.630796396
48703.1204611789,8,industrial,suburban,crawl_space,steel,mansard,1,0,economy,loamy,11.023775545985304,6759115.912670206
27437.83379393326,11,infrastructure,urban,slab,glass,mansard,0,1,premium,clay,2.769889710356499,12696843.600332817
14124.33946133191,17,infrastructure,rural,slab,glass,hip,1,1,luxury,clay,60.43165413596198,8480496.600850943
35617.223799381754,18,residential,rural,crawl_space,glass,flat,0,0,standard,clay,16.751977988807663,8039447.184869367
13938.85412586421,11,infrastructure,urban,pile,glass,flat,0,1,economy,sandy,25.573822774344567,2831877.7582086776
45260.042924674475,16,residential,urban,pile,concrete,mansard,0,1,premium,loamy,97.62799189332772,23073776.360651236
19048.737540115133,12,infrastructure,rural,crawl_space,glass,mansard,0,1,standard,loamy,65.31480473153081,3767220.3129437477
27718.49385742216,13,commercial,rural,crawl_space,steel,gable,0,1,luxury,loamy,85.57626779351149,13110304.698670445
3003.3686392993286,16,industrial,suburban,slab,glass,hip,0,1,luxury,rocky,89.77910459171086,2092549.328671954
21593.001278635424,1,infrastructure,suburban,pile,wood,gable,1,1,economy,rocky,12.135002553279117,1974383.8690427742
41701.99521321925,16,residential,rural,crawl_space,concrete,hip,0,0,standard,sandy,92.77775181673621,8579361.736901937
40379.61586548542,15,industrial,suburban,slab,glass,flat,0,0,luxury,sandy,86.6519186853469,28475594.61277018
11603.76866324955,6,residential,urban,slab,wood,flat,1,1,economy,rocky,4.534263592633625,1472323.397618993
11690.914015022852,12,commercial,suburban,pile,steel,hip,0,0,premium,rocky,97.72076203237124,4278409.535946597
40956.61295455522,8,infrastructure,suburban,slab,concrete,gable,1,0,standard,clay,45.83169502447576,8303464.571110629
46554.721798381615,7,industrial,rural,slab,glass,mansard,0,1,luxury,clay,97.44884123510272,18461375.507127088
5220.365603013675,2,commercial,suburban,basement,steel,hip,0,1,premium,rocky,82.38544535436797,1204174.8974540455
22777.90265159815,12,infrastructure,rural,crawl_space,wood,hip,0,1,standard,loamy,44.01341970858203,3388677.9230610626
17203.986808729333,14,infrastructure,rural,pile,concrete,hip,0,1,standard,rocky,51.15574331724856,3254339.224068414
43599.078545143246,16,residential,rural,crawl_space,glass,flat,1,0,standard,clay,27.509751197489052,11010937.924102072
4634.483276660929,11,residential,urban,basement,steel,hip,0,1,luxury,sandy,48.691980549003766,3384628.4414889235
10950.734156622852,9,commercial,suburban,pile,concrete,flat,1,1,standard,rocky,10.749237331147043,2425487.5517267804
37747.18271053147,10,residential,suburban,crawl_space,wood,mansard,0,0,premium,rocky,90.86350506163939,10197372.433837837
3039.0455245701714,17,commercial,suburban,slab,glass,mansard,1,1,luxury,loamy,71.32120979828093,2246399.450372531
24880.50134535732,12,commercial,rural,pile,concrete,gable,1,1,standard,sandy,80.52067239051655,4812111.139642571
22384.29821664614,6,commercial,urban,basement,wood,flat,0,0,premium,loamy,53.112221229757395,6317655.002315948
17052.85835994306,19,residential,rural,slab,wood,mansard,1,0,luxury,sandy,12.563388191293345,7426268.547917596
20031.329608286727,11,industrial,suburban,basement,steel,mansard,0,0,standard,loamy,53.72446515706577,4819316.396032336
26732.05905304653,9,commercial,rural,slab,wood,gable,0,0,economy,sandy,32.92062588265448,2303762.224237095
8487.684240224964,6,industrial,rural,crawl_space,wood,gable,1,1,economy,rocky,1.0105802325375834,795902.1379434607
28813.795975037843,16,infrastructure,suburban,crawl_space,brick,gable,0,1,standard,rocky,61.50357930359156,6255275.58686228
40368.90030034932,16,residential,rural,crawl_space,wood,flat,0,0,economy,rocky,85.36492242402376,4108964.2614459805
38127.96602461287,6,residential,rural,basement,glass,hip,0,0,luxury,clay,71.05520584478478,15322424.544059385
8118.045282341797,5,industrial,urban,pile,concrete,flat,1,1,standard,sandy,22.353238750771165,1769698.7464469671
7887.848752202958,4,infrastructure,rural,crawl_space,glass,gable,1,1,premium,sandy,81.91331983650974,1912032.8034000485
13774.63120337321,2,infrastructure,urban,basement,glass,hip,1,1,economy,loamy,30.949948389720493,2080996.5407554363
18373.198953881343,6,commercial,suburban,slab,steel,mansard,0,1,standard,clay,21.84854472397272,3298313.9888883973
20718.55127971989,9,residential,urban,crawl_space,brick,flat,1,1,luxury,loamy,96.11417880979249,13270342.707755385
34145.01223325059,17,infrastructure,rural,slab,brick,gable,1,1,standard,clay,1.6597182834976354,6907728.476381737
3305.6813922088527,14,infrastructure,suburban,crawl_space,glass,gable,0,0,premium,loamy,16.756913708793075,1365659.625648354
2216.298859190286,7,commercial,rural,slab,concrete,hip,0,0,premium,clay,46.70010328805899,482186.9086875934
19899.572865723498,19,commercial,rural,basement,brick,flat,1,0,standard,loamy,16.70692059181299,4489030.537794157
35009.602760830036,1,industrial,urban,crawl_space,brick,mansard,1,0,standard,loamy,16.686950248370223,6472743.446638759
10075.049476345886,15,residential,rural,basement,glass,mansard,0,0,standard,clay,63.43483113336315,2228410.0182603328
32254.47182218446,18,infrastructure,urban,basement,brick,hip,1,1,standard,sandy,81.90301217052526,10124669.907586915
13361.492828044824,3,industrial,suburban,slab,steel,hip,0,0,luxury,loamy,66.16174497288812,5484259.971881937
44361.26238626906,18,residential,suburban,crawl_space,glass,mansard,1,0,standard,clay,10.145220501613828,13733278.961914727
44836.65224119752,2,industrial,rural,pile,brick,hip,0,1,luxury,clay,89.53784731147225,12329089.671037724
15215.716611925662,10,residential,urban,pile,brick,hip,0,0,standard,sandy,92.27478351374852,3591874.450192461
11884.690821180406,11,residential,rural,basement,brick,flat,0,0,luxury,sandy,28.100254683942104,4715431.103795854
20859.546617278447,3,infrastructure,rural,slab,glass,hip,1,1,premium,sandy,55.31125391739765,4996206.751826665
12406.313466417361,7,residential,rural,slab,concrete,gable,0,0,economy,sandy,48.5236616976456,1069725.6855281084
33783.00024293933,8,commercial,rural,slab,wood,gable,1,0,standard,loamy,66.82247263570339,4454884.146949325
41390.20188514013,19,infrastructure,urban,crawl_space,brick,gable,0,0,standard,loamy,97.79464122534587,13540430.657918692
33818.06048010524,18,commercial,rural,crawl_space,wood,hip,1,1,premium,rocky,98.63803462400598,10055277.286124162
41305.3471388428,13,industrial,suburban,slab,wood,mansard,0,1,economy,loamy,50.914432595716654,4509673.201168429
20151.11202926997,13,industrial,urban,pile,brick,gable,0,0,premium,rocky,9.19496624790661,7824147.4563271245
8237.690050088611,19,residential,rural,pile,brick,flat,0,1,premium,rocky,33.44725267288426,2324690.949240641
37028.57189618081,12,residential,urban,crawl_space,wood,hip,0,0,standard,loamy,41.3566491528512,8068088.295092364
18343.48800450692,17,commercial,rural,slab,concrete,mansard,1,0,standard,rocky,53.46333628625896,4081867.9331882456
33727.905848842056,12,commercial,suburban,pile,wood,mansard,0,1,premium,sandy,96.03703706859007,9745316.018835966
13896.875128097401,13,commercial,suburban,pile,concrete,hip,0,0,standard,rocky,26.241753024815083,2885511.5468033426
4520.866922930298,12,industrial,suburban,crawl_space,steel,hip,0,0,standard,loamy,53.66877182465725,1106063.2063204304
49632.79887664429,19,commercial,urban,crawl_space,concrete,flat,0,0,standard,clay,29.104774513173748,15752112.342104297
8231.974642564664,14,infrastructure,suburban,pile,glass,hip,0,1,economy,loamy,91.9461861972623,1324667.7456152777
49426.83920119231,7,infrastructure,rural,slab,brick,hip,0,1,economy,clay,98.99576959639302,4073062.3272653623
48875.35666203914,13,industrial,rural,pile,steel,mansard,0,1,standard,clay,87.07392664904691,8713091.738006935
39793.99614344796,6,commercial,rural,pile,wood,gable,0,1,premium,rocky,33.874359197509804,6993212.121827367
33141.43662305888,19,commercial,urban,slab,concrete,gable,0,1,economy,rocky,27.788402236391907,6444210.4861057745
29101.448987428692,19,residential,urban,crawl_space,steel,mansard,0,1,premium,clay,43.117061074756194,17302579.06563032
43372.026496202816,4,infrastructure,suburban,slab,glass,hip,0,0,luxury,rocky,74.7576061662235,18490657.99534744
14827.256320164654,19,industrial,urban,slab,concrete,flat,1,1,luxury,sandy,0.9315499704274588,11570868.251564296
23650.220018001415,9,commercial,rural,slab,wood,gable,1,1,standard,loamy,99.51111581207132,3574165.4860757734
31159.803483641845,16,residential,rural,slab,wood,hip,0,1,premium,rocky,88.34113609073052,8199195.0555855315
20853.92855553981,4,industrial,rural,crawl_space,concrete,gable,0,0,premium,clay,2.381553145514903,4025685.9653613213
21660.579477468265,6,industrial,urban,pile,glass,mansard,0,0,luxury,clay,38.21001520443691,13661678.881230183
16849.09104135318,8,infrastructure,rural,basement,brick,gable,1,1,economy,loamy,68.78340585997485,1634772.1441037084
28429.474925884533,16,commercial,suburban,crawl_space,brick,mansard,0,1,premium,rocky,24.14058665449179,9347337.685499538
42603.439136748246,5,industrial,urban,slab,wood,mansard,1,1,premium,rocky,14.283871689167905,12579420.18203724
10475.654711312485,10,residential,rural,pile,glass,mansard,0,1,economy,clay,62.93184106569725,1212857.8907056304
46754.43541829535,13,residential,rural,pile,wood,flat,1,1,standard,loamy,90.35254514587609,7642953.714111897
34609.83886053737,14,industrial,urban,slab,brick,hip,0,0,luxury,clay,95.55933224544798,24793904.246606898
41252.02402766149,7,residential,urban,crawl_space,wood,mansard,0,0,premium,loamy,1.0263306283685436,11745098.157889582
28031.439285185577,6,industrial,suburban,slab,concrete,mansard,0,1,standard,rocky,87.44573534005536,4907327.448034392
39086.07672049114,7,residential,urban,pile,concrete,gable,0,1,standard,rocky,56.07679055340632,8875339.847585041
1301.9196683036268,5,industrial,rural,pile,glass,hip,1,1,standard,loamy,23.770429885545873,220346.3482283484
41009.831026586995,18,industrial,suburban,crawl_space,brick,flat,1,0,economy,clay,61.69437077365727,6866126.587915985
2486.8735247256427,12,industrial,rural,basement,glass,flat,0,1,standard,clay,99.57887674441166,469332.9187217069
44550.71212996169,6,residential,rural,slab,glass,gable,0,1,premium,clay,27.617233864711956,10664362.166532656
49602.15598831284,1,industrial,rural,basement,brick,flat,1,1,standard,loamy,27.68882692018,6380473.276238378
15056.339377750503,4,infrastructure,urban,pile,steel,gable,0,0,standard,loamy,69.8942461028007,3559548.634747161
10910.768536146787,19,industrial,urban,basement,steel,hip,0,0,standard,clay,4.320756069980824,4155156.1905333064
38385.486510973016,12,commercial,rural,slab,wood,gable,0,0,luxury,clay,82.05472182630827,13288207.270301476
13024.803875552534,15,commercial,urban,slab,steel,gable,0,0,premium,loamy,65.25289224491416,6646275.618913332
43345.33796702407,3,infrastructure,rural,pile,concrete,mansard,1,1,luxury,loamy,84.11912726303915,12657483.645185068
5590.708311795097,8,industrial,urban,crawl_space,glass,flat,0,0,luxury,clay,23.07400773206324,3815915.1674307296
6734.782220778234,11,commercial,urban,crawl_space,wood,hip,0,1,standard,clay,84.71902241473079,1425725.5709243054
48968.00197748047,16,industrial,urban,pile,glass,hip,0,1,standard,rocky,44.86135184251052,18425471.741188712
33855.02546436523,9,commercial,suburban,slab,brick,mansard,0,0,standard,sandy,13.272223329501498,6511248.51643854
42420.91760923316,3,residential,urban,crawl_space,steel,gable,1,1,economy,loamy,90.14225966018293,6518809.909994935
16554.304178900144,5,residential,suburban,basement,brick,hip,0,0,premium,sandy,70.50131478752392,4184485.027038568
33985.945601269916,14,infrastructure,suburban,pile,wood,hip,0,1,economy,loamy,16.82851356170544,3835504.9369892324
29914.97045177556,15,infrastructure,suburban,basement,concrete,gable,1,0,premium,rocky,24.650489564658116,11390552.031235067
30355.930946085875,6,industrial,rural,slab,steel,gable,0,1,standard,loamy,26.886353912115858,4876965.114406625
34285.35674711722,4,infrastructure,urban,crawl_space,brick,hip,0,1,premium,loamy,96.33341872605182,10708317.464291327
28980.279069890377,8,industrial,rural,slab,steel,gable,0,1,premium,sandy,88.61771635707026,6621441.462570167
21738.587280481963,19,residential,suburban,basement,glass,flat,0,1,luxury,rocky,34.63451320425664,17537303.713322334
14158.173371837069,5,residential,urban,slab,concrete,hip,0,1,premium,rocky,46.66369502931342,4793684.951983
38544.7758802035,13,commercial,rural,slab,steel,gable,0,0,premium,rocky,28.527991492306416,10656032.347793823
11700.485285157716,16,industrial,suburban,pile,concrete,hip,0,0,luxury,rocky,74.26486579951657,6660534.134977036
34771.5381546435,1,residential,rural,pile,glass,hip,1,0,economy,loamy,16.120914991930867,3098115.359942896
12049.974721141669,13,residential,rural,slab,glass,mansard,0,1,premium,sandy,33.86142774691335,4003195.433884
31453.843412745468,11,industrial,urban,pile,brick,flat,1,0,economy,rocky,60.61044696467154,4940192.064897135
37480.37422288693,8,commercial,urban,slab,wood,flat,0,1,economy,clay,87.73444783240136,4703620.898046105
11326.337500873691,8,commercial,rural,basement,brick,mansard,1,1,standard,rocky,63.555025762861646,1900100.2150862939
3467.1933926347597,14,commercial,urban,pile,concrete,mansard,1,0,premium,sandy,93.9726448239118,1684619.7452633092
6983.200278211617,13,commercial,urban,slab,brick,hip,0,0,luxury,sandy,93.08092819140158,4694007.419157707
30496.84987991576,3,residential,rural,pile,steel,flat,1,1,luxury,sandy,71.82994630310263,10651757.797623143
42547.59710817391,4,industrial,urban,slab,brick,mansard,0,0,standard,sandy,27.870192774550052,8400579.376522034
2727.3426511535063,15,industrial,urban,pile,wood,gable,1,0,luxury,clay,68.30790709857064,1850838.375026874
36840.48732256149,15,residential,suburban,crawl_space,wood,hip,1,0,premium,rocky,19.27377042510968,12552036.088180581
17395.27297452758,13,residential,urban,slab,concrete,flat,0,1,economy,loamy,33.32047026777094,3174506.36801165
24187.154311016366,9,residential,suburban,crawl_space,glass,hip,0,1,economy,loamy,75.78994122539446,3210894.073881848
46478.5477173555,10,infrastructure,rural,slab,wood,hip,0,0,luxury,clay,85.06319325688926,15194178.660281798
16932.589484424352,12,industrial,suburban,crawl_space,concrete,gable,0,0,luxury,rocky,41.67688881157936,9211066.196182406
23534.17823000456,14,industrial,rural,slab,wood,gable,0,0,luxury,rocky,52.343687742426056,9398365.544128392
1177.2795306537146,1,industrial,urban,pile,wood,mansard,0,0,economy,loamy,38.613286319303405,104582.46795979663
4539.1366402395,14,commercial,urban,crawl_space,glass,gable,0,1,premium,clay,47.93002041919492,2520009.2837181957
13300.28376117181,14,residential,suburban,pile,steel,flat,0,1,premium,loamy,51.248763543680745,4786244.0244490625
1878.685920643183,8,residential,rural,slab,concrete,mansard,0,1,premium,clay,69.1834464487669,415605.84722317423
31753.078639388423,16,residential,urban,pile,wood,flat,0,0,premium,sandy,75.05244644367853,13059851.485880632
21606.718661680316,14,infrastructure,suburban,slab,wood,flat,0,1,premium,rocky,97.50162426462397,6905762.863016075
27633.18753503709,1,industrial,suburban,pile,brick,mansard,1,0,standard,rocky,43.76515081074408,4189464.2235510224
9145.035701868313,16,residential,suburban,crawl_space,steel,gable,1,1,luxury,rocky,8.313982792246987,5740015.163445127
15148.635457112498,18,infrastructure,urban,slab,glass,hip,0,1,premium,rocky,68.81663365170705,8891307.621426782
33359.311505209895,7,residential,rural,pile,concrete,gable,1,0,standard,rocky,49.8274480398036,4989388.645595547
48282.48481970479,15,commercial,urban,slab,wood,flat,1,0,premium,rocky,84.10217736796042,18806192.76593787
2995.6302933093552,17,industrial,urban,slab,concrete,flat,1,1,luxury,sandy,14.65443366006517,2262795.5487130764
44574.02388233567,19,infrastructure,rural,slab,glass,mansard,0,0,premium,rocky,64.4913996165072,18186371.827238318
29055.61946490482,13,residential,suburban,basement,steel,flat,0,1,premium,sandy,45.92583858144265,11391132.55259179
28414.018554403374,9,industrial,urban,slab,brick,mansard,0,1,premium,rocky,41.93030287665561,10318579.072223987
25263.787492784137,15,infrastructure,suburban,pile,steel,mansard,0,0,luxury,rocky,56.48659417895788,15916400.256911797
3935.0072522570777,3,industrial,suburban,basement,brick,gable,0,1,economy,clay,68.41827350298597,363267.12400419445
4948.904160939953,1,industrial,rural,pile,concrete,flat,0,1,luxury,rocky,85.0927445934777,1356806.5012374548
30245.14428012476,16,commercial,rural,basement,steel,gable,0,1,economy,loamy,23.51115878383494,4048157.815727501
17377.449286060135,8,industrial,rural,slab,steel,hip,0,0,standard,clay,29.309472662928215,2930328.0161383958
45904.76929559519,13,infrastructure,suburban,crawl_space,steel,gable,0,1,standard,clay,54.85815211033868,10951630.170866987
20626.23159929388,8,industrial,suburban,crawl_space,glass,flat,1,0,premium,clay,34.65571424160546,7815624.769495175
7592.432205780734,17,infrastructure,urban,slab,concrete,hip,1,0,premium,loamy,56.83445218969844,3912173.5011046263
35878.58225835078,14,industrial,suburban,basement,brick,flat,1,0,premium,sandy,20.015079814680416,12638389.60754537
15020.994361329987,7,residential,rural,pile,steel,hip,0,1,luxury,clay,30.764780770682563,5424174.630713302
26510.780214116712,15,commercial,rural,crawl_space,concrete,flat,1,0,premium,clay,32.48419904590298,8584032.114287984
35042.722882505914,16,residential,rural,slab,glass,gable,0,1,economy,clay,99.23205904731394,4561750.9059126
45063.073504502485,19,commercial,rural,slab,glass,flat,1,1,standard,rocky,85.43483303733359,12718431.47984282
39713.46414268297,6,infrastructure,suburban,basement,concrete,mansard,0,1,standard,sandy,83.77006346864343,7216169.51217862
33979.87285969984,1,commercial,rural,crawl_space,brick,mansard,0,1,standard,loamy,51.356990401903644,3737262.9189253314
34141.84252855961,12,industrial,urban,slab,concrete,gable,1,1,economy,loamy,46.68480381102835,6468449.743985505
47323.26987958828,18,industrial,suburban,crawl_space,concrete,gable,1,1,premium,sandy,7.012554507734626,19438303.64389908
15143.292826078534,16,residential,rural,pile,wood,hip,1,1,economy,sandy,19.732657693557385,1901625.826297815
555.0486627112766,12,commercial,urban,slab,glass,gable,1,1,economy,sandy,89.53467881210334,122926.61556038765
13961.750690210834,13,infrastructure,rural,slab,brick,mansard,0,0,luxury,rocky,52.56414214032053,5993022.162115866
11285.623291523827,8,infrastructure,suburban,pile,wood,gable,0,0,luxury,clay,98.743825930861,4079360.6048697084
33260.811963142914,1,industrial,suburban,slab,concrete,mansard,0,1,standard,rocky,59.1787997704907,4447401.478745289
31868.724188393688,7,infrastructure,urban,basement,glass,gable,0,1,economy,sandy,37.74870871676049,5705856.283919054
29876.33844388383,15,industrial,suburban,pile,wood,mansard,1,1,standard,rocky,27.410990874379625,6604352.35598812
1304.0504388679583,13,industrial,urban,basement,wood,hip,1,1,economy,loamy,91.83596649274143,195878.93349551695
36574.51369530705,13,industrial,rural,pile,brick,flat,0,1,standard,rocky,37.07322903866355,5942703.621552825
16514.755418031833,9,residential,suburban,pile,concrete,flat,0,0,standard,sandy,14.614160009305,2910603.098317964
33420.27145582824,15,residential,rural,basement,brick,mansard,0,0,premium,clay,27.825870738488177,9655711.695305295
28050.63221085659,4,industrial,rural,pile,wood,gable,1,0,standard,rocky,64.56231637301924,3562663.588108881
17465.180808681405,13,industrial,suburban,crawl_space,wood,gable,0,1,luxury,sandy,13.301044277314933,7974609.0319748325
7161.525221653334,12,industrial,rural,basement,brick,flat,0,0,economy,rocky,9.156635307816796,738113.4020963552
5173.735434193807,5,infrastructure,urban,pile,wood,mansard,0,1,standard,loamy,45.76266024613924,1012840.7234842445
41660.15748905507,7,industrial,urban,basement,steel,gable,0,0,economy,rocky,8.365171150057682,6247593.216044572
45960.67833303712,8,industrial,urban,pile,glass,flat,1,0,standard,rocky,39.293811468300724,13316424.201967794
32664.50831483283,5,commercial,suburban,pile,concrete,mansard,1,1,luxury,clay,32.27252430705603,13627909.731841324
5619.988685593927,9,commercial,rural,crawl_space,glass,hip,0,1,premium,rocky,39.14771835895658,1629997.6025608156
20400.347235967914,14,commercial,rural,crawl_space,concrete,gable,0,0,premium,rocky,48.77883076603442,6090549.292640269
36582.49040520528,12,commercial,rural,crawl_space,wood,gable,1,0,economy,loamy,18.532898375345376,3605578.373933205
39101.13375849837,4,industrial,rural,pile,brick,mansard,1,0,standard,loamy,44.24244349158526,5121452.811208905
6351.821803408885,8,commercial,urban,crawl_space,brick,flat,0,1,luxury,loamy,36.15191264181049,3493906.9908558824
501.5205828464296,17,infrastructure,suburban,basement,wood,mansard,0,0,economy,clay,79.54735320492738,50861.22187914221
35750.78377108995,8,infrastructure,urban,pile,concrete,flat,1,1,premium,loamy,69.4689146283433,14558380.010186791
18151.51071131718,1,commercial,urban,basement,wood,mansard,0,0,economy,loamy,87.25417820294018,1596457.264517452
13096.825915103882,2,residential,suburban,crawl_space,concrete,hip,1,1,economy,rocky,66.90096687446866,1396367.9735061321
1138.4247545815092,4,infrastructure,suburban,pile,wood,gable,0,0,standard,rocky,12.108495120075203,160633.65439418887
27244.820634694235,1,infrastructure,urban,basement,wood,flat,0,0,luxury,clay,50.70770166355233,9572860.416467717
42631.961403586094,7,commercial,rural,slab,wood,hip,0,0,premium,loamy,74.24695985083369,8137992.671275499
47902.7664904931,1,commercial,suburban,basement,brick,mansard,1,1,premium,sandy,84.167847661817,9804063.435825296
28504.375055357817,9,industrial,suburban,pile,concrete,flat,1,1,luxury,rocky,18.12757020731649,13714019.169077761
25965.83572312476,3,infrastructure,urban,slab,wood,flat,0,1,standard,sandy,22.350264853514222,4092020.9099931
4710.291081717434,12,commercial,rural,crawl_space,glass,hip,0,1,luxury,sandy,86.22406959603632,2399543.9266092745
27669.203676358688,19,commercial,suburban,crawl_space,glass,mansard,0,1,luxury,loamy,48.54042768107482,20699020.59461128
19308.964408787033,15,industrial,urban,basement,brick,hip,1,1,standard,sandy,45.24230128628219,5902892.951614239
30553.19640373706,16,infrastructure,suburban,crawl_space,steel,mansard,1,1,standard,clay,49.41151970120921,8485739.547877073
19741.954219889063,10,commercial,rural,basement,brick,hip,1,1,premium,clay,17.333281551354276,5036408.227351724
12394.806610793154,6,industrial,urban,basement,steel,hip,0,1,premium,rocky,62.763645152380185,4925177.656032465
5200.781123804637,17,commercial,urban,basement,brick,hip,0,0,standard,sandy,80.79736860202259,1510735.0229763975
16088.463007150338,17,residential,rural,basement,glass,hip,0,0,economy,clay,83.70611998463761,2335018.7976806825
5283.919297243738,19,residential,urban,pile,wood,mansard,0,1,premium,clay,3.037838597005127,2388484.4889059565
9256.399065787205,18,commercial,rural,pile,concrete,gable,0,1,standard,sandy,71.51891578841447,1812434.2324246513
49373.139849687526,11,infrastructure,urban,slab,wood,hip,1,0,standard,clay,9.1224661953627,12002459.662791956
22483.126066877623,7,residential,rural,slab,glass,mansard,0,0,economy,sandy,96.68692157165579,2148404.256817944
26827.652441998318,10,industrial,suburban,crawl_space,concrete,gable,0,0,luxury,clay,48.22408713920504,12908097.593239678
43744.11717249216,7,commercial,suburban,pile,steel,flat,1,1,standard,sandy,77.54151448446468,8818215.280170387
49780.660574289046,5,industrial,suburban,slab,steel,flat,1,0,economy,clay,62.185769636439595,6592871.969284802
29344.365242561737,12,residential,urban,pile,glass,hip,0,1,economy,clay,95.19364946751469,5771473.093390955
40717.454141686496,16,infrastructure,rural,pile,concrete,flat,0,1,premium,clay,97.36579601810811,11374300.579622095
16683.580704665426,18,industrial,rural,crawl_space,wood,hip,0,0,standard,loamy,27.88796909953867,2897039.6513494737
15634.32589364091,3,residential,suburban,crawl_space,glass,hip,0,1,premium,loamy,48.286903876761485,4515814.454054453
20433.83418923073,15,residential,suburban,basement,steel,gable,1,1,luxury,clay,50.42404301232594,12786100.089631248
33789.10950234563,5,residential,suburban,pile,glass,flat,1,0,luxury,loamy,17.76977030064284,17650010.01635887
34268.48861812739,13,industrial,rural,basement,wood,hip,0,0,premium,sandy,90.39376855646393,7658238.028127417
16104.352015147815,19,residential,suburban,basement,brick,flat,1,0,premium,loamy,34.960651450000434,6593753.853771932
7093.89124476312,12,commercial,urban,basement,brick,gable,1,0,standard,rocky,8.745679008466078,1842068.041271147
31803.614695042674,5,residential,suburban,pile,wood,flat,1,1,standard,rocky,15.4532867495906,4604370.471458492
6852.130178343844,6,commercial,suburban,pile,concrete,gable,1,0,standard,clay,51.33039056209374,1309619.0112812973
29135.37915735184,7,infrastructure,rural,basement,glass,gable,0,1,luxury,loamy,88.16853172285465,11859593.774377484
34824.3953387873,10,commercial,urban,pile,wood,gable,0,0,premium,rocky,62.82186666065934,11601270.63742031
35180.269071525356,16,infrastructure,rural,basement,brick,hip,0,1,economy,clay,21.483149900602626,3994732.98663656
37796.86947765004,8,infrastructure,urban,slab,steel,mansard,0,0,premium,rocky,29.680292128510466,16438793.502617395
43706.541367500395,9,commercial,urban,pile,wood,hip,0,1,economy,clay,97.6025085680905,5419161.76659737
25247.970102257026,4,infrastructure,suburban,crawl_space,wood,flat,0,0,standard,rocky,5.284887758839574,3287304.273703884
36647.334881713774,8,commercial,suburban,crawl_space,wood,hip,1,0,standard,rocky,99.43383284644041,6468597.767868045
31149.050400608918,7,industrial,rural,basement,brick,hip,0,0,premium,loamy,90.58576921967637,6668629.469187789
9738.677019985287,15,infrastructure,rural,slab,brick,mansard,1,0,economy,clay,67.84832717871814,1231397.1642627649
1771.6374210357044,3,commercial,rural,pile,wood,flat,0,0,luxury,rocky,94.32023529011201,436705.756500144
14584.79859100822,17,infrastructure,urban,basement,wood,gable,0,1,standard,clay,15.246784735528529,4058506.397651702
22430.16846371216,11,residential,rural,slab,concrete,gable,0,0,standard,loamy,94.25893605297642,3449410.9384990656
31046.744249218485,9,commercial,urban,slab,steel,flat,0,1,premium,rocky,21.25750835806365,13700146.060402798
42572.98685990867,5,residential,urban,pile,glass,hip,0,1,premium,sandy,54.621292653549816,15299811.104877563
10214.1629769552,10,infrastructure,urban,crawl_space,glass,mansard,1,1,luxury,sandy,48.876171468222516,7753301.927443922
6714.714599974616,15,infrastructure,urban,crawl_space,glass,mansard,0,1,premium,sandy,51.245809872666904,3542623.335301572
48192.257399979215,14,industrial,urban,slab,brick,flat,1,1,luxury,clay,26.737976128886597,31668421.125119776
5848.205689132152,4,commercial,suburban,crawl_space,brick,flat,0,0,economy,loamy,78.06386939808472,507333.82924779446
24185.307970305865,2,residential,urban,slab,concrete,hip,0,0,luxury,clay,74.25833008237555,11356096.688573088
29485.404575268443,12,industrial,urban,slab,brick,mansard,1,1,economy,clay,95.39651323276708,5185827.449500461
27298.033834918195,1,infrastructure,suburban,slab,wood,flat,0,1,standard,sandy,50.699102790678566,3386720.194792914
4758.591773130688,5,infrastructure,suburban,crawl_space,steel,hip,0,0,premium,loamy,54.809206635625905,1323182.4931552939
3322.8322431791585,6,industrial,suburban,basement,steel,hip,0,1,standard,rocky,90.33729091938146,590599.6769587083
5721.429659321266,11,residential,rural,crawl_space,steel,flat,0,0,luxury,clay,91.94396230406275,2514302.879807443
29486.590351694318,8,infrastructure,rural,basement,steel,mansard,0,0,luxury,sandy,64.9536686073404,11195557.283339316
27445.071937898894,7,infrastructure,urban,crawl_space,glass,gable,0,1,luxury,clay,82.03950879420458,17594792.28801744
12070.16920581884,4,commercial,urban,pile,glass,hip,0,0,economy,clay,50.51397079931971,1925024.805153195
32069.820021356783,6,industrial,urban,pile,wood,gable,0,0,standard,loamy,38.819553011827665,6058364.315847491
41093.34135175464,16,infrastructure,urban,crawl_space,concrete,hip,1,0,standard,rocky,86.40683294461647,13683368.099809205
2558.1585124063913,15,residential,suburban,pile,brick,mansard,0,0,luxury,clay,77.72719548861315,1458313.186021042
25157.432205628098,14,commercial,rural,pile,brick,gable,1,0,premium,clay,24.24115939930275,6814513.857787757
34620.865399083166,12,industrial,suburban,pile,glass,flat,0,0,standard,rocky,4.764512387252773,9122387.552432243
12989.44038994951,12,residential,rural,pile,steel,hip,1,0,premium,loamy,56.55998303620058,4067796.9212517953
15734.659812010881,16,infrastructure,suburban,basement,wood,flat,1,0,standard,clay,84.16165213769719,3619239.8549536793
30875.0761979745,15,industrial,urban,slab,concrete,flat,0,0,luxury,loamy,24.720146485766826,21782774.82084769
44947.79702546498,13,industrial,rural,basement,glass,mansard,1,0,luxury,loamy,76.73953844389303,25425168.21965533
40591.258804993515,11,residential,urban,slab,wood,flat,0,0,standard,clay,41.40072340631002,8919197.61628045
29364.945845429385,17,industrial,rural,slab,wood,hip,0,1,economy,rocky,33.57085433877268,3184922.0887209224
36645.975028983834,15,residential,rural,crawl_space,glass,flat,0,1,economy,clay,17.28163011361915,4722651.834749369
18558.712275286034,14,infrastructure,urban,crawl_space,wood,flat,1,1,standard,clay,93.42935968524299,5263863.609553588
32227.793640888507,10,commercial,urban,crawl_space,steel,hip,1,1,luxury,sandy,22.56980330646351,22582919.587195016
23575.98876081407,12,residential,urban,crawl_space,wood,flat,0,0,standard,rocky,27.918863912290025,5702407.166400581
9901.838754649265,16,commercial,suburban,crawl_space,concrete,mansard,0,1,premium,sandy,33.148783708907956,3848488.409341695
35236.04455692423,15,industrial,rural,basement,wood,hip,0,0,luxury,rocky,28.466191288622856,13315224.689861905
28044.99954876669,10,residential,rural,basement,brick,mansard,0,0,economy,clay,16.2905610611885,2553152.302610526
18251.768306702776,4,infrastructure,rural,pile,wood,flat,0,0,economy,loamy,35.44500635131026,1166021.8867674973
45611.28990889222,9,residential,urban,basement,glass,gable,0,1,standard,sandy,47.17727973448874,13023378.173795894
1536.2388324232968,9,residential,rural,basement,brick,mansard,0,1,premium,sandy,55.17725133044562,345650.82345995714
16130.770986850053,11,residential,rural,crawl_space,glass,mansard,1,1,luxury,sandy,15.649960197523816,8053387.38383849
3315.6291899935045,11,commercial,urban,pile,concrete,flat,0,0,economy,sandy,77.9413766196322,491794.82852452877
38443.10215297055,7,commercial,urban,basement,steel,gable,1,1,standard,rocky,31.15294023350209,10580713.069699239
35254.318978632735,10,industrial,rural,basement,concrete,hip,0,0,standard,loamy,91.79486663760714,5492594.295072494
16901.934827447694,4,industrial,suburban,pile,brick,gable,1,1,luxury,loamy,32.95524349955016,6882642.336033861
33945.31365925012,5,industrial,urban,slab,steel,hip,0,1,standard,clay,86.28788782275656,8399476.225606775
20098.892696699517,5,industrial,suburban,crawl_space,wood,flat,0,1,standard,clay,35.25325759777842,2926380.4010919556
37934.562675410496,11,residential,suburban,basement,brick,gable,1,0,standard,sandy,50.58327874811136,8406501.363085547
22982.09130546695,9,commercial,suburban,basement,steel,flat,1,1,economy,clay,37.23546909570087,3533099.0230969214
20907.846527667443,16,commercial,suburban,pile,glass,mansard,0,0,economy,clay,38.7095314561826,3696305.2926621647
46769.1308166709,9,commercial,urban,basement,steel,gable,0,0,premium,rocky,61.858220369070196,21042456.265405346
12918.51544458966,4,commercial,rural,crawl_space,glass,hip,0,1,luxury,clay,69.29285947609947,5098415.276037413
6462.143329829989,2,industrial,rural,basement,glass,mansard,0,0,luxury,clay,87.04735214963864,2019428.7213759194
29434.88410634318,14,residential,urban,slab,steel,hip,0,0,luxury,clay,56.90525422217907,23307890.735630397
48481.429708066855,3,commercial,urban,crawl_space,concrete,mansard,0,1,luxury,loamy,21.684415248901356,21864630.5374264
19203.04107949574,18,infrastructure,suburban,slab,concrete,hip,0,1,standard,loamy,98.95800967464425,4984092.285335573
3570.8197996246854,6,residential,suburban,pile,glass,hip,0,0,luxury,clay,68.3773438456945,1846934.1500135458
17295.610731823588,11,infrastructure,urban,crawl_space,brick,flat,0,0,premium,sandy,37.47522074141559,7152494.031267522
25543.616888818142,18,residential,rural,basement,steel,mansard,1,1,luxury,loamy,96.82044748944163,14630796.24770993
8515.188828294578,12,residential,suburban,crawl_space,brick,flat,0,0,luxury,rocky,95.8473500816468,4173415.2085010055
33076.05979379636,5,residential,urban,crawl_space,concrete,flat,0,1,standard,rocky,7.9539221397347255,6665322.733360731
49888.59475600493,9,infrastructure,urban,crawl_space,brick,flat,0,1,standard,rocky,1.9825662874429106,11106526.87673894
22861.10406108147,18,commercial,urban,slab,wood,flat,0,1,standard,clay,4.445659843011873,6429105.304692619
18059.063558145524,19,commercial,suburban,pile,wood,hip,0,0,premium,sandy,68.53144228909413,6490385.133787748
20334.8562583061,3,infrastructure,urban,crawl_space,concrete,flat,0,0,standard,rocky,71.08790854949284,4113701.290781243
6199.735830562457,9,commercial,rural,basement,brick,flat,1,1,luxury,sandy,72.40277754922174,2453397.504267692
44222.04327059808,4,industrial,urban,crawl_space,steel,flat,1,1,premium,rocky,63.02393878335505,16658065.922831725
21033.86994830692,17,commercial,suburban,crawl_space,concrete,hip,1,1,economy,sandy,28.549131542405238,3337080.754773833
19670.083365529645,17,industrial,rural,pile,wood,mansard,0,0,standard,clay,16.712890639149048,3151932.602774179
33154.66851005848,2,industrial,rural,basement,concrete,hip,0,0,premium,clay,92.78583165276598,5790761.660466991
22380.654336090614,9,industrial,urban,basement,brick,hip,1,0,economy,rocky,91.31401686959603,3399358.473717819
32587.55670598838,9,infrastructure,urban,slab,brick,hip,0,1,standard,rocky,24.248610108337974,7331466.113397723
3541.5913614739816,5,commercial,rural,basement,brick,mansard,0,1,economy,loamy,16.793713585755967,270208.3589079711
40779.305514250256,15,commercial,urban,basement,glass,flat,0,0,standard,rocky,37.53409920986305,13519224.22157886
47054.945667530425,15,infrastructure,suburban,basement,brick,flat,1,1,premium,loamy,4.840662353198799,16906342.53745515
32613.886614889605,3,infrastructure,rural,crawl_space,wood,mansard,0,1,standard,loamy,16.2139118924303,3310988.2309819832
47751.01347851113,19,commercial,urban,slab,wood,mansard,0,1,standard,clay,38.02989978534731,13223963.006261803
7995.899561313183,3,infrastructure,rural,basement,glass,gable,1,0,premium,clay,23.874395730564558,1764571.9078879028
24132.10137927751,6,infrastructure,urban,basement,wood,flat,1,0,premium,loamy,73.68202645905399,7353569.916025576
30289.43333029964,4,industrial,urban,basement,wood,hip,0,0,luxury,rocky,90.49596318319479,13235773.08742779
29295.96404734874,13,infrastructure,suburban,crawl_space,concrete,hip,1,1,luxury,loamy,90.91401620983379,17408196.81393093
20372.35806490764,13,industrial,urban,crawl_space,brick,flat,0,1,premium,rocky,60.427779017924955,8141007.8328312645
17235.17826362994,11,residential,urban,slab,concrete,mansard,1,1,standard,clay,70.34897366927643,4476919.677522084
6777.789116245731,5,industrial,urban,pile,concrete,gable,0,0,economy,rocky,49.40314373698502,911446.8650948259
19891.25130283277,1,industrial,suburban,slab,wood,hip,0,1,premium,loamy,14.668771280689564,3437394.4321318157
8551.710347721513,9,infrastructure,urban,crawl_space,steel,gable,1,0,economy,rocky,63.50358297441957,1543577.0693445362
36851.100986364814,17,commercial,urban,basement,brick,hip,0,1,luxury,loamy,34.99538129838775,28960183.701608554
10837.131306982204,1,residential,urban,basement,steel,hip,0,0,luxury,rocky,0.5793505405566668,4800290.583954351
3398.9826115844257,3,residential,rural,slab,wood,flat,0,0,premium,loamy,57.495370584123876,496678.424056687
27842.123821953097,15,residential,suburban,basement,glass,hip,1,0,premium,clay,19.836879119400276,11459212.86927787
29963.871769610378,10,commercial,rural,crawl_space,concrete,gable,0,0,standard,loamy,88.65056363932665,4525371.956315525
43659.696533385024,8,residential,suburban,slab,wood,gable,0,0,luxury,clay,93.39447232273587,16069148.652405644
29060.58981467525,12,residential,suburban,pile,wood,flat,0,0,luxury,loamy,16.2173061352626,12588833.436194068
17601.302259310563,15,commercial,rural,crawl_space,steel,hip,0,0,premium,loamy,2.9412784557258043,5722048.085686396
40249.08813555287,9,residential,suburban,crawl_space,glass,gable,1,0,economy,sandy,0.4044434520026785,5781711.5711806165
27243.80521277734,10,infrastructure,suburban,basement,concrete,mansard,1,1,standard,sandy,91.30435553503408,5399445.709123566
4424.374089243991,9,infrastructure,rural,crawl_space,glass,flat,1,0,premium,sandy,15.201857316164869,1315551.4684446594
28509.60273550571,15,industrial,urban,crawl_space,glass,mansard,1,1,economy,sandy,43.5332440545882,6753380.35517196
45446.917998372286,1,industrial,suburban,pile,glass,gable,1,1,standard,rocky,5.716136648975878,8044178.575961879
20117.474962161916,2,industrial,rural,basement,brick,mansard,0,0,economy,clay,37.33458672436608,1347849.5453574902
15168.127194040104,19,infrastructure,suburban,crawl_space,glass,flat,0,0,standard,clay,78.54248976535482,4848203.509046509
7601.738122391993,14,infrastructure,rural,basement,wood,mansard,0,0,standard,sandy,40.666866373592256,1180077.4245566058
7996.553335800188,8,infrastructure,urban,crawl_space,brick,gable,0,1,standard,rocky,77.5580201527235,1808366.4082565312
21922.188474920036,6,industrial,suburban,pile,brick,mansard,0,1,luxury,loamy,68.88392243178939,8180405.762024292
29986.15129599571,12,industrial,urban,basement,glass,mansard,0,0,premium,loamy,51.730809279423305,16241858.235533973
4490.462555895287,15,industrial,urban,basement,wood,mansard,1,0,luxury,clay,73.77098108371489,2789297.220816485
47008.645156745704,14,industrial,rural,pile,concrete,hip,0,1,luxury,clay,87.91139942489892,22074830.239350658
37879.1140635372,1,industrial,suburban,slab,glass,gable,0,0,standard,rocky,79.30114474963383,6020613.2692688415
29537.883955041303,11,industrial,suburban,crawl_space,brick,mansard,0,1,premium,loamy,69.17299277936898,9120265.14401089
41507.714211480044,3,infrastructure,suburban,crawl_space,concrete,gable,0,0,premium,rocky,70.18221955566466,9503977.796667676
4469.244462199607,19,commercial,suburban,slab,concrete,mansard,0,0,premium,loamy,16.109848363652546,1738471.9691226145
24103.524447789656,18,commercial,suburban,basement,brick,flat,0,0,premium,sandy,95.06719899622256,9062048.024456136
31689.60977965234,2,industrial,rural,basement,concrete,flat,0,1,standard,sandy,20.566427388853825,3662453.936796141
41518.318852855315,7,commercial,suburban,pile,wood,flat,1,0,premium,rocky,34.8952164516606,9888800.296967685
39281.74322243875,8,commercial,urban,pile,wood,mansard,1,0,economy,clay,51.79865142929838,5397286.522604493
14214.927860813283,19,infrastructure,urban,pile,glass,gable,0,0,economy,rocky,12.618078102726582,3247176.5844228603
47073.56839318061,15,industrial,suburban,slab,glass,flat,0,0,luxury,rocky,59.35758362989396,30429393.624072712
6655.119150828083,10,industrial,rural,slab,concrete,hip,1,1,standard,loamy,18.267852087473347,1131424.3066752797
43819.11412174703,1,commercial,rural,basement,brick,flat,0,0,luxury,loamy,92.33677202381607,12045208.769558035
48561.54235542862,6,industrial,suburban,pile,wood,flat,0,1,luxury,loamy,88.86761336138618,17552128.375601284
9269.099399519966,13,industrial,urban,basement,steel,hip,0,0,premium,loamy,54.44254281733264,4565562.528768882
36242.27017808737,14,industrial,suburban,slab,glass,flat,1,0,economy,clay,44.94763204110497,6695569.54769641
2494.133179510924,3,industrial,suburban,crawl_space,wood,mansard,1,1,economy,clay,10.260191213019343,263738.05880318844
20568.42984438817,11,commercial,suburban,basement,concrete,mansard,1,1,premium,sandy,82.33001981116452,6843529.290800173
26056.023310284865,3,residential,rural,slab,wood,flat,0,1,premium,rocky,37.93700986473656,4188204.480355278
29241.93868252689,19,commercial,rural,pile,wood,gable,0,0,standard,sandy,24.632403411187,5029263.514030426
46828.89378830369,10,infrastructure,urban,crawl_space,concrete,gable,0,1,economy,loamy,99.52980190102697,7556445.47007683
33776.40902106264,15,residential,urban,crawl_space,glass,flat,1,0,luxury,rocky,66.82974123270968,31603202.59444276
24323.258585352232,11,residential,suburban,crawl_space,glass,hip,0,0,luxury,loamy,7.386260835746317,13666155.295185504
40578.91429516152,15,residential,urban,pile,steel,mansard,0,0,standard,rocky,80.12957043338632,13348460.373323027
47551.37463724324,13,commercial,suburban,crawl_space,steel,mansard,0,0,economy,clay,75.04022926552554,6897275.538010595
1592.2743597733968,5,infrastructure,urban,slab,glass,mansard,1,1,premium,loamy,40.12002556164829,608731.177662555
49134.80297667391,4,commercial,suburban,basement,glass,flat,0,0,luxury,rocky,12.368925780381401,22025644.0177652
4763.5408836521765,13,infrastructure,rural,crawl_space,glass,mansard,1,1,economy,rocky,49.74448982487796,687083.1066918029
40812.14557380369,9,commercial,suburban,crawl_space,glass,flat,0,0,economy,loamy,76.33189157080572,5835077.321939358
14376.57025129492,17,commercial,rural,slab,wood,flat,0,1,economy,clay,7.601475276568259,1450341.9483926455
7042.893058816651,2,commercial,rural,pile,steel,gable,0,1,premium,clay,16.34414338251745,1364225.1873001477
22272.854165834826,5,residential,urban,crawl_space,concrete,hip,0,1,luxury,clay,61.89261775433514,12111389.730465597
32375.85068265687,16,commercial,urban,slab,brick,hip,0,0,premium,rocky,55.95447377156343,14536701.287048524
19357.116328662014,7,infrastructure,rural,slab,concrete,hip,1,1,economy,clay,90.50876760929863,2114597.619174449
3200.9877099935984,1,infrastructure,suburban,pile,brick,mansard,0,1,economy,rocky,81.47921845048714,232877.5263522145
30173.32641310647,12,infrastructure,suburban,pile,wood,gable,0,1,luxury,sandy,91.8829763444506,12946506.789855985
45168.9621674784,11,residential,urban,basement,steel,gable,1,1,luxury,clay,46.59588034586657,31152285.9722155
19469.16061438896,12,commercial,suburban,crawl_space,brick,flat,0,1,premium,loamy,78.78008003527009,6071532.13886266
11208.472492725938,19,commercial,suburban,basement,glass,gable,0,1,premium,loamy,4.8716759987005975,5059653.539133406
22407.578623674362,12,industrial,suburban,slab,wood,flat,0,1,premium,loamy,29.44918165029472,6499967.794786886
2893.954196914653,12,residential,rural,crawl_space,brick,gable,0,1,economy,loamy,64.42724449336022,305351.5439170472
41114.135431773604,14,infrastructure,rural,slab,glass,flat,0,1,luxury,sandy,76.36838708178755,20688153.270956896
41403.87014203424,2,infrastructure,suburban,slab,wood,mansard,0,1,standard,sandy,57.04924002231097,5418131.846014089
29606.022939766608,2,commercial,urban,slab,brick,gable,0,1,luxury,clay,48.07357156571703,13206961.884944342
17978.593002450278,4,infrastructure,suburban,pile,glass,hip,1,0,luxury,clay,23.32659471736519,8120248.905560507
40089.276540066276,16,commercial,urban,pile,steel,flat,0,1,luxury,loamy,17.418675952858965,34841839.29198595
27957.007727024175,10,commercial,rural,crawl_space,wood,gable,0,0,standard,loamy,87.54823784646581,3529584.302213302
41383.649273225805,13,industrial,suburban,slab,brick,gable,1,0,premium,loamy,14.221221306296917,14286807.018998487
31757.21023285952,2,residential,suburban,slab,glass,flat,0,0,standard,rocky,43.528703743456155,5722568.440274531
39328.07092403347,3,commercial,urban,crawl_space,steel,gable,0,0,luxury,clay,88.8481260287935,22168311.365009215
30128.86816427912,19,commercial,urban,basement,glass,hip,0,1,luxury,loamy,14.771202211510836,27654056.279993214
20999.982876675476,6,commercial,suburban,slab,steel,flat,1,0,economy,loamy,12.75462184988988,2536279.265618806
47918.32006634381,19,industrial,suburban,pile,brick,flat,0,1,luxury,loamy,69.25090720567408,31138690.886865623
27285.134331502813,19,commercial,urban,basement,glass,flat,1,0,standard,sandy,33.157530538343224,11880311.773815451
30451.93116775665,8,residential,rural,basement,glass,flat,1,1,standard,sandy,43.57060739395951,6059090.848956628
11414.138151030087,14,residential,urban,basement,concrete,flat,0,1,standard,sandy,62.55934648147574,3471175.9883094295
31469.714076650187,10,infrastructure,suburban,basement,wood,hip,1,0,premium,rocky,37.89758272723296,8979821.534629388
28794.57864940572,3,residential,rural,basement,glass,flat,0,0,economy,rocky,79.98414364993273,2563539.986744729
9649.500698377735,6,infrastructure,rural,basement,steel,hip,0,0,premium,clay,96.89846671740135,2310090.236531121
3449.561318980614,15,residential,rural,crawl_space,wood,hip,0,0,standard,loamy,93.30607982526827,490713.4360521404
30415.78632588117,18,infrastructure,rural,crawl_space,brick,hip,0,0,premium,clay,54.5452004839966,9337897.456442883
38302.767332840864,14,commercial,suburban,basement,wood,flat,1,1,economy,clay,35.48165263951864,5197870.154105956
26408.367860639406,19,industrial,rural,pile,concrete,hip,0,1,economy,sandy,43.37323074641088,3595183.174592761
11725.244953322463,10,industrial,urban,crawl_space,brick,flat,0,0,economy,loamy,33.015645477112564,1884555.868341555
33492.83784630523,15,industrial,urban,crawl_space,glass,hip,1,1,economy,sandy,44.17242089046702,7580207.6310781455
4465.233467175311,4,commercial,urban,basement,brick,flat,1,0,standard,sandy,1.2972991206047002,977818.9597903586
22370.768387696753,2,industrial,suburban,pile,brick,gable,1,0,luxury,loamy,5.521438490102404,8425101.527305627
8586.6545407218,3,residential,rural,basement,concrete,gable,1,1,standard,clay,77.13370369028104,1113611.571108781
9630.723027464226,7,infrastructure,urban,pile,steel,hip,0,0,standard,clay,33.481305665436686,2562862.2430680287
10513.55048333108,16,commercial,urban,pile,brick,mansard,0,0,standard,sandy,79.4406216218594,3136323.073172057
19641.999323676904,10,industrial,urban,slab,steel,mansard,0,0,standard,loamy,47.994425495381535,5432828.430547148
3031.9351782096824,19,residential,rural,crawl_space,wood,gable,0,1,premium,clay,80.59174124811327,868157.2578558985
20190.77532599036,17,residential,urban,basement,concrete,hip,0,1,economy,rocky,66.35845595895944,4202488.632347227
25829.518632177693,19,commercial,rural,crawl_space,glass,hip,1,1,luxury,clay,20.10012257612995,15539876.253077937
24423.0671058331,5,commercial,rural,crawl_space,brick,hip,1,1,luxury,loamy,44.77225497215448,8243047.193699916
19447.812969950508,13,industrial,rural,pile,steel,mansard,0,1,luxury,loamy,70.43324318897024,8498695.111860998
42037.75709950225,13,infrastructure,suburban,crawl_space,brick,gable,1,0,standard,loamy,33.06170650815902,9244396.120002398
7693.671274814954,11,industrial,suburban,slab,concrete,hip,0,1,economy,sandy,19.330218978540437,910248.4369721651
25531.98881717801,11,industrial,rural,basement,glass,gable,0,1,economy,clay,53.98609229675808,2963937.069909846
3571.050139349438,16,commercial,rural,crawl_space,wood,gable,1,0,luxury,rocky,27.364815369819638,1595158.7824831705
4022.2061044565326,15,industrial,suburban,basement,wood,flat,0,0,luxury,sandy,59.43421651163921,2030900.7250242736
28906.359559016266,17,industrial,suburban,crawl_space,steel,mansard,1,1,standard,clay,27.173440132604476,8554980.013323657
28517.912031947137,18,infrastructure,rural,basement,wood,gable,0,0,luxury,loamy,90.65792399451804,11427524.962509975
43962.65888580062,19,residential,suburban,basement,steel,flat,1,1,standard,clay,34.39020126565401,13317737.373782855
28114.74694517362,4,residential,urban,basement,glass,mansard,0,0,luxury,loamy,90.7450402564676,16495757.655846948
48009.65551004009,5,infrastructure,rural,crawl_space,brick,hip,0,1,economy,loamy,27.94818080186112,3831944.9560546577
2910.3949957965237,7,residential,rural,slab,concrete,hip,0,0,economy,clay,60.44545290857039,228876.43082338403
5351.380396646683,2,industrial,suburban,basement,glass,flat,0,1,economy,clay,13.021836315261714,551356.7609303836
2681.260147733879,1,infrastructure,urban,pile,glass,hip,0,1,premium,rocky,77.83718476789325,923185.8291450101
9671.204091510232,12,infrastructure,suburban,pile,wood,flat,0,0,luxury,clay,20.021771839953228,4085330.9852597634
27292.870491613066,10,commercial,urban,pile,wood,flat,1,0,premium,clay,86.40205830888063,9857082.484618295
32455.822980657686,8,residential,urban,slab,concrete,hip,1,0,economy,sandy,45.244589242266706,5106785.925965133
2756.4653184591057,1,commercial,rural,basement,brick,mansard,0,1,luxury,loamy,9.453955461377006,667880.874723686
47325.559047357165,12,industrial,urban,slab,glass,flat,0,1,premium,loamy,36.353846942982535,22790773.56141939
42187.18614419386,2,infrastructure,rural,basement,wood,mansard,1,1,economy,rocky,77.97259255310466,3368690.7956136884
15182.31786677611,10,industrial,urban,slab,glass,mansard,0,0,economy,sandy,7.629497869987089,3048230.905822867
4320.782746210164,17,residential,rural,basement,brick,flat,0,1,luxury,rocky,62.57291426046575,1964970.682348623
8909.410124343334,3,commercial,urban,pile,steel,mansard,0,1,luxury,clay,50.72662225181933,4781073.350196289
6783.748480871147,7,residential,suburban,basement,brick,flat,0,1,standard,rocky,30.986960731512948,1156035.1502370834
6602.547075297869,12,industrial,urban,slab,glass,hip,0,0,luxury,loamy,75.56173827286985,5119490.602709626
26168.80358895383,8,commercial,suburban,basement,glass,hip,0,1,economy,sandy,5.244073764264856,3455738.871815004
12669.448403423314,12,residential,urban,crawl_space,concrete,hip,0,1,standard,clay,49.76418306251371,3501709.875858623
18227.91596819265,3,industrial,urban,basement,glass,hip,0,1,standard,sandy,50.68631442327487,4370032.512463304
49480.51400252396,17,residential,rural,pile,wood,hip,0,0,luxury,sandy,8.640612969466998,20025906.52121112
34373.55532180457,9,infrastructure,urban,basement,concrete,mansard,0,0,economy,rocky,13.602272361369982,5419470.6552907815
47474.54301882657,10,commercial,urban,crawl_space,glass,mansard,1,1,premium,clay,40.965440746558144,24791225.85273915
7556.549474139222,6,commercial,urban,crawl_space,brick,mansard,1,0,economy,sandy,53.652252169277695,1002434.687099299
19415.904004212178,1,commercial,suburban,crawl_space,glass,gable,0,0,economy,sandy,5.319547581070672,1836153.186905049
27959.224262476535,12,infrastructure,rural,slab,brick,gable,0,1,luxury,rocky,1.175651992717608,11845681.34751332
4299.524063492532,5,commercial,rural,crawl_space,brick,flat,0,1,premium,sandy,19.260423525898908,776510.3416914188
707.2784595839144,13,infrastructure,urban,slab,glass,gable,0,1,standard,loamy,48.78094685848777,251537.02163142528
33686.499522947415,15,commercial,urban,crawl_space,brick,hip,1,0,premium,loamy,4.027871070920652,15699286.609213747
32270.066081671048,11,residential,suburban,slab,steel,hip,0,1,luxury,clay,73.3235356478664,16521510.46740059
20834.046094980782,8,residential,urban,crawl_space,concrete,hip,0,0,economy,clay,15.192818247242956,2823208.325633429
24737.381763585614,5,residential,rural,crawl_space,glass,flat,0,0,economy,rocky,77.26111656066377,2360091.0899640713
21064.428529308436,2,residential,rural,basement,steel,flat,1,0,premium,sandy,20.473339386569812,4113262.004411034
1688.2497198219985,12,infrastructure,suburban,crawl_space,brick,flat,0,1,premium,rocky,34.661946486734486,559895.1063701242
17100.89450776439,2,industrial,suburban,basement,brick,flat,0,1,luxury,rocky,47.9092947735469,5730636.553376388
9265.571642165847,16,industrial,rural,crawl_space,concrete,mansard,0,0,premium,loamy,34.7270780498289,2601684.489993365
5371.997360517753,3,residential,suburban,crawl_space,steel,flat,0,0,luxury,sandy,2.3619371481151674,2058694.5769671858
47857.661477522815,10,industrial,urban,basement,steel,flat,0,1,standard,loamy,90.85740627142427,14204696.43491274
30168.306389587196,19,industrial,urban,basement,glass,gable,0,0,premium,loamy,28.646652200088283,19274978.36641475
36568.486069711835,8,commercial,suburban,slab,brick,mansard,0,0,economy,clay,13.603604000515645,4084312.3179560737
16110.505291672816,7,infrastructure,rural,pile,wood,hip,0,1,premium,rocky,13.251823921577511,2824509.0178984455
19960.782909953752,1,residential,suburban,basement,glass,gable,0,0,economy,loamy,97.46125098244238,2015965.2641143962
12227.737697887811,12,industrial,rural,slab,glass,flat,0,0,standard,clay,12.305769167805192,2606940.7559359903
5299.800712788525,5,industrial,suburban,crawl_space,glass,hip,0,1,standard,clay,34.65473734321354,1082713.5245087072
9362.066053358398,16,residential,suburban,basement,concrete,hip,1,0,premium,sandy,6.7621532651126355,3360940.1109189647
39976.94524217605,4,commercial,suburban,basement,concrete,hip,1,1,luxury,sandy,73.54728128433923,17197357.090789404
34038.5173565969,17,residential,urban,crawl_space,glass,gable,1,1,economy,loamy,59.67516472195541,7892170.452109164
27572.979361281108,2,commercial,urban,crawl_space,wood,mansard,0,0,standard,clay,53.35689123375985,4432867.02404932
24016.94870690502,12,industrial,rural,crawl_space,steel,mansard,0,1,premium,clay,85.58403438731614,7331860.077511615
46160.49704097816,1,infrastructure,suburban,crawl_space,steel,hip,0,0,standard,clay,57.33367721020658,7244759.030895598
4100.379915044086,12,commercial,urban,pile,brick,flat,0,1,premium,rocky,95.55309302120702,1692946.5876186218
14389.74025527684,12,commercial,suburban,basement,steel,mansard,0,1,economy,clay,62.27800876262359,2168488.820959943
17821.923751750346,12,residential,rural,crawl_space,steel,mansard,0,1,premium,rocky,35.4340401666406,5228783.098206185
39230.077704532996,19,industrial,urban,crawl_space,wood,flat,0,1,economy,sandy,3.6746881431966916,6490343.376435066
49629.47369801758,17,infrastructure,rural,pile,steel,gable,0,1,standard,loamy,72.52756062824834,10426856.344837297
12413.190480479077,11,residential,urban,basement,wood,gable,0,1,economy,sandy,37.36451652153994,1726964.3759761187
43778.21303978549,13,residential,suburban,slab,concrete,flat,0,0,economy,loamy,59.92021794077329,5915378.72691973
41615.82664137367,8,infrastructure,rural,basement,wood,gable,0,1,luxury,clay,87.63482129971159,12378965.294842316
11620.541183267447,10,industrial,urban,slab,concrete,hip,0,0,standard,loamy,0.76582305290257,3172184.3299547397
20266.962719861516,8,infrastructure,urban,pile,wood,mansard,0,1,economy,loamy,75.96124576725738,2446715.003019684
20778.807029979696,8,residential,suburban,crawl_space,glass,gable,1,0,luxury,sandy,43.52847751132492,11814097.912944775
48921.92309206464,9,residential,rural,pile,concrete,hip,1,0,luxury,loamy,12.406016385025842,20295067.515456047
9454.149118255467,7,commercial,rural,basement,concrete,hip,0,0,economy,clay,58.24577391535629,844596.767781039
40058.31956968671,14,infrastructure,rural,crawl_space,steel,hip,1,0,premium,rocky,53.26149235804728,12009281.783810213
17042.53935156894,2,infrastructure,suburban,basement,concrete,hip,0,0,economy,clay,84.2308038142738,1593651.3780227753
36678.08211591994,11,infrastructure,urban,slab,wood,hip,0,0,premium,loamy,52.1562743100951,12023669.663525866
21290.54471263531,8,residential,urban,basement,glass,flat,0,0,economy,sandy,82.73518700680273,3541426.2892790996
29128.808274268733,13,industrial,rural,pile,glass,mansard,1,0,standard,clay,54.448924622808384,6110522.649733767
41714.282779643494,15,residential,urban,pile,steel,mansard,0,0,luxury,loamy,44.69455833460108,34822250.49722047
40306.195466702266,3,commercial,rural,pile,wood,flat,0,1,economy,sandy,37.11839006616762,2684212.1985826083
43387.94758521516,14,residential,suburban,crawl_space,wood,flat,0,1,economy,rocky,17.369743820500883,4946593.771620103
3451.0576045606217,15,residential,suburban,basement,brick,hip,1,1,economy,sandy,58.40308804431304,561412.1365728459
34756.50237546737,2,residential,suburban,crawl_space,concrete,gable,0,0,premium,loamy,54.42502855142616,7211189.40716343
7429.375147727262,19,commercial,rural,basement,steel,mansard,0,0,standard,sandy,97.57396515980665,1619573.7091720847
21083.019116911346,12,infrastructure,urban,slab,glass,gable,0,0,standard,loamy,41.24088007616159,6884431.851701139
27655.12654520708,4,industrial,suburban,basement,brick,mansard,1,1,economy,sandy,42.15232630947271,3109070.138002332
20435.604494968124,3,industrial,rural,basement,wood,hip,0,0,luxury,sandy,16.38713849693091,5073681.175297953
26220.77795224887,5,commercial,rural,basement,concrete,gable,0,1,luxury,sandy,59.75715546021587,8024641.917352121
49828.052285531645,3,infrastructure,suburban,basement,glass,mansard,0,0,economy,loamy,84.78522690371263,5433473.857686507
7193.257028786309,15,infrastructure,suburban,slab,brick,mansard,0,0,premium,sandy,24.792316458470697,2431569.870899277
33935.07424415307,19,commercial,suburban,crawl_space,wood,hip,0,1,luxury,loamy,0.9077900645225845,17142781.433782216
20102.047836087953,2,residential,urban,pile,glass,gable,0,0,standard,clay,69.1473623345854,4104307.5450210767
7083.985045912775,12,infrastructure,urban,basement,glass,hip,1,0,luxury,rocky,3.1373791651793326,5608427.850593448
8357.469787028322,5,industrial,rural,pile,wood,gable,0,1,luxury,clay,40.92762993200161,2403816.141168908
47489.01875915804,17,commercial,suburban,pile,wood,gable,1,0,economy,rocky,61.27103377250337,6707683.400279599
44040.27408723222,14,industrial,suburban,pile,steel,mansard,1,1,luxury,loamy,38.601171714469885,26139774.69646134
45398.57704054358,10,residential,urban,pile,glass,flat,0,0,economy,clay,26.057821618344224,8022819.641812269
49580.872403455636,3,commercial,suburban,basement,wood,gable,0,1,standard,rocky,79.92665079525295,6153132.826139581
10811.611805421639,4,industrial,rural,pile,brick,gable,1,1,luxury,rocky,30.09331980998552,3341142.201858637
18094.247199521058,6,industrial,suburban,basement,concrete,hip,0,0,economy,clay,18.004679332455844,1772923.4226304356
33626.3419812809,16,residential,urban,slab,steel,gable,0,1,economy,clay,38.83967050038217,6495674.308863094
24448.225723102038,7,commercial,rural,crawl_space,wood,gable,0,0,standard,loamy,13.166490012596,2794990.327801426
21210.281902227507,15,infrastructure,rural,crawl_space,concrete,gable,0,0,luxury,rocky,69.03969779917355,10046965.865814658
18211.656842111857,11,infrastructure,suburban,basement,steel,gable,0,1,premium,loamy,71.00804155028703,6246963.606165222
29892.141281200886,1,industrial,rural,basement,glass,gable,1,1,luxury,loamy,1.4778593127463435,9937615.002263587
28991.87471768406,5,residential,suburban,crawl_space,concrete,flat,1,1,economy,sandy,69.48664925444432,3097537.1738882577
8492.162786179884,13,industrial,suburban,pile,steel,mansard,0,1,economy,loamy,29.898733955333256,1298460.2665029832
23851.121957162733,14,residential,urban,basement,wood,gable,0,0,standard,rocky,65.62035938854207,5687808.645530885
27896.85292238757,9,infrastructure,rural,pile,wood,hip,0,1,standard,sandy,70.64840359093535,3414311.975171463
28729.203467203828,17,industrial,suburban,basement,steel,hip,0,1,premium,loamy,27.77814268685489,12551583.568419166
10900.306049161414,15,industrial,suburban,basement,glass,gable,0,1,premium,loamy,18.53856066096401,4630235.58114263
37242.4339164882,7,residential,suburban,slab,steel,gable,1,0,economy,rocky,82.63589218409707,5195303.69970624
1747.355193642947,12,commercial,rural,slab,brick,gable,1,1,premium,sandy,73.91842793728014,480295.14619319624
18064.176849386553,6,residential,rural,crawl_space,steel,flat,0,1,premium,clay,83.7142339887227,4458524.825233379
39120.52610251386,16,commercial,rural,slab,steel,mansard,0,1,premium,clay,43.571987323860526,12849475.076016841
28412.699592242418,5,infrastructure,suburban,slab,wood,hip,0,0,luxury,sandy,45.63687848807443,9132649.972949002
13427.540409287581,9,industrial,rural,crawl_space,glass,flat,0,1,luxury,sandy,34.41671682845588,6076226.082957521
34900.179407480864,14,industrial,suburban,pile,steel,flat,0,1,economy,sandy,49.906246385595445,5307940.977795642
28585.85173572563,8,residential,rural,slab,concrete,gable,1,0,luxury,sandy,64.65700551143536,10025332.794745488
39914.058668091166,14,residential,rural,pile,wood,mansard,1,1,premium,clay,81.45449344574303,9765666.257216936
36883.74671639626,12,infrastructure,suburban,crawl_space,wood,gable,1,1,premium,loamy,18.317063548464795,10699668.80534177
30700.342140793615,10,infrastructure,rural,basement,steel,hip,1,1,premium,rocky,40.54176304912948,8185753.24467205
24664.794927885294,13,commercial,suburban,pile,concrete,mansard,1,1,luxury,clay,46.120163637487956,12561049.267378211
7092.515220542409,19,infrastructure,rural,crawl_space,steel,gable,1,0,standard,rocky,48.799455012193725,1778571.618165111
13435.984385326496,15,infrastructure,rural,pile,concrete,hip,0,1,premium,clay,54.197290951699614,4054436.2168012084
21245.423909395722,8,infrastructure,rural,crawl_space,wood,flat,0,0,premium,sandy,80.17472543167167,3935756.0632184497
30165.31470681624,10,infrastructure,rural,crawl_space,concrete,hip,0,0,standard,clay,88.62505787304359,4380852.362736634
25928.53883315759,3,commercial,urban,basement,steel,hip,0,1,standard,clay,15.915766944458076,5898335.160827521
14765.134034996709,3,infrastructure,suburban,pile,brick,hip,0,0,economy,sandy,71.26818415417085,1209815.7530268498
819.9857105906723,5,commercial,urban,basement,brick,mansard,1,1,economy,loamy,47.91082459018615,115239.48934559964
25063.841484090288,16,residential,rural,basement,concrete,flat,0,1,luxury,sandy,41.77167127453072,11540756.580936994
14638.486433831033,17,industrial,rural,pile,steel,mansard,0,1,standard,loamy,11.3343159116857,2991297.621465704
36863.11088517149,6,residential,suburban,pile,glass,flat,0,0,economy,clay,6.413575154778295,4679435.16021643
1685.340130888933,16,infrastructure,suburban,crawl_space,brick,gable,0,0,premium,clay,97.78109773071061,608504.8138361025
29448.976659636646,2,industrial,suburban,pile,wood,gable,0,0,economy,rocky,64.23685226226779,2218355.510501293
47102.97475655024,15,infrastructure,suburban,crawl_space,steel,hip,0,0,premium,rocky,45.24258828932568,19801090.245482553
9133.258722019225,18,infrastructure,rural,crawl_space,steel,hip,0,1,premium,clay,76.17635053011077,2952065.4890272156
23846.649792154472,1,residential,suburban,crawl_space,brick,mansard,0,1,premium,rocky,9.11327325212965,5046014.431117298
5025.388594948339,19,infrastructure,urban,crawl_space,glass,flat,0,1,luxury,loamy,60.744639193266615,4771825.309791922
31471.254656936955,12,residential,suburban,crawl_space,wood,flat,0,1,standard,sandy,66.06115907661756,5478350.191565749
27751.318189513167,8,infrastructure,suburban,crawl_space,glass,flat,0,1,luxury,clay,45.20549039010393,14071823.22322546
20664.5934485352,6,commercial,urban,pile,wood,hip,0,1,economy,clay,25.259861835983944,2565777.9310552985
26308.16256295019,12,industrial,urban,pile,brick,hip,0,0,economy,rocky,95.45848893545269,4373808.007346821
44880.445594216006,7,residential,urban,slab,steel,flat,0,1,standard,clay,30.113490001700306,11057815.52838501
10216.567964397818,18,residential,urban,pile,wood,hip,0,0,standard,clay,12.479693236309009,2803089.990090638
1616.9433294146882,14,industrial,suburban,basement,steel,flat,0,1,economy,loamy,63.047357764156274,258349.787236587
43152.4117926055,8,residential,urban,slab,concrete,mansard,1,0,standard,loamy,57.43229720257723,11723999.713384729
29067.29557820137,14,industrial,rural,pile,concrete,gable,0,1,standard,sandy,75.47725383068065,5320029.516174836
44587.5935453612,5,commercial,suburban,basement,brick,flat,0,0,premium,clay,75.37831322940401,10526665.236247875
30048.78855895204,9,infrastructure,rural,pile,brick,hip,1,0,luxury,rocky,62.02359428794699,10406487.696154729
40602.973953005276,8,commercial,suburban,crawl_space,brick,mansard,1,1,luxury,sandy,20.753529485240975,17072482.58262269
21768.831486079824,2,infrastructure,suburban,slab,concrete,hip,0,0,luxury,rocky,88.71455421972362,7223144.122741596
37618.06659876931,16,industrial,rural,crawl_space,wood,hip,1,0,premium,clay,24.82830050432272,9680548.650282381
45695.552611047875,13,commercial,urban,slab,glass,hip,1,0,premium,rocky,9.3984288443691,23494934.45942715
28820.08670424921,7,infrastructure,urban,slab,brick,flat,0,0,standard,rocky,30.149912399489853,6369144.39228501
9448.864952837786,16,industrial,rural,crawl_space,glass,mansard,1,1,standard,sandy,48.32321991509686,2456665.152190621
13805.48194399481,7,infrastructure,urban,slab,glass,flat,0,1,premium,clay,20.71826471845155,6178647.440123223
10332.906556421585,14,residential,suburban,slab,concrete,gable,0,1,premium,sandy,33.367166865292354,3590935.5823839344
12719.42286598878,14,residential,suburban,pile,wood,flat,0,0,economy,clay,51.36931921327387,1384883.8655630015
15667.5647428763,12,industrial,suburban,basement,concrete,gable,0,0,premium,loamy,32.29394285497717,4741607.400842995
27979.122444282828,1,infrastructure,urban,crawl_space,brick,mansard,1,1,premium,sandy,8.931735148082065,8148682.499742149
29605.58565845972,1,residential,urban,pile,concrete,mansard,1,0,luxury,clay,19.721351683905255,12908936.314525172
21611.737488472125,12,commercial,rural,pile,concrete,flat,1,0,economy,loamy,79.42068787736928,2484878.6585303373
30963.328601131354,15,infrastructure,suburban,crawl_space,concrete,flat,0,1,luxury,loamy,95.43316189339762,16660217.162428971
4537.958817762614,4,infrastructure,rural,slab,brick,hip,0,1,luxury,loamy,14.843688917021547,1285420.0643644182
4845.517734378918,7,residential,urban,crawl_space,brick,gable,1,0,economy,sandy,68.1019052452521,685288.0243662549
9005.558287704092,16,residential,rural,basement,concrete,hip,0,0,economy,loamy,90.55797753564362,1026301.1616437689
26144.836152997064,3,industrial,urban,basement,concrete,hip,0,1,economy,clay,29.914285931662242,3208531.924697317
11092.736595566521,7,infrastructure,suburban,crawl_space,glass,mansard,1,0,standard,sandy,82.94617347548876,2434565.9725567577
14522.577972882578,6,commercial,suburban,pile,wood,flat,0,1,economy,rocky,90.49357713786898,1290497.3748225537
20315.485390563208,16,residential,urban,crawl_space,glass,mansard,0,1,luxury,loamy,29.949789040732888,17551877.127885256
40687.3731385138,8,infrastructure,urban,basement,wood,flat,0,1,economy,sandy,5.674081008278975,4786436.182175944
1186.175727686576,6,residential,urban,crawl_space,wood,mansard,0,0,standard,rocky,91.67930884572594,202155.00826192394
32644.25160171281,10,industrial,suburban,slab,concrete,mansard,0,0,luxury,sandy,33.048267445096116,14784811.132989198
33609.388286513924,16,infrastructure,urban,crawl_space,glass,mansard,0,1,economy,loamy,1.373805698436159,7412466.616352912
40033.46112765351,11,infrastructure,suburban,pile,wood,gable,0,0,economy,loamy,47.491977519834705,4547145.827765859
46671.2704834855,13,industrial,rural,slab,wood,mansard,1,0,luxury,rocky,11.587658081160413,17521482.21845142
1496.8235229898464,6,commercial,suburban,basement,brick,gable,0,0,luxury,clay,90.17018747161654,552195.9360114943
8112.293422904201,1,residential,rural,crawl_space,wood,mansard,0,0,economy,loamy,15.499542839681201,494028.5069800376
44365.479055771655,19,industrial,suburban,pile,concrete,flat,0,1,standard,rocky,30.441880484258743,11768771.156419776
23196.66882825726,12,infrastructure,suburban,pile,steel,gable,0,1,luxury,loamy,79.04501709018685,14260912.547439199
28447.236627206443,6,industrial,urban,basement,brick,flat,1,1,premium,clay,80.63469702926727,9358948.554447865
33319.846584295796,18,infrastructure,suburban,crawl_space,steel,flat,0,1,economy,rocky,90.12799886683479,5393426.22818873
34113.79692253405,13,industrial,urban,pile,concrete,flat,0,0,luxury,clay,49.73961569356587,23061040.607402537
46621.149964167154,7,commercial,urban,slab,steel,gable,0,1,luxury,loamy,98.67206290471721,30436200.294646014
49848.99616187765,13,infrastructure,urban,crawl_space,wood,hip,0,0,economy,rocky,51.61890057877115,7039401.664039075
36147.79431608154,8,industrial,suburban,basement,steel,gable,1,0,economy,sandy,79.0707791608025,4808160.324199754
14717.449855654966,17,commercial,urban,slab,glass,hip,1,0,economy,clay,36.19024158852088,3775399.5719219767
44047.74391357001,9,commercial,rural,crawl_space,concrete,gable,0,1,standard,loamy,94.12913163002156,6983365.246956281
2936.4352697676995,13,residential,rural,pile,glass,mansard,1,0,premium,loamy,68.50162266523367,1041218.069782347
11938.502217287562,2,infrastructure,suburban,basement,steel,hip,0,1,luxury,clay,7.709825166440265,4978691.934471884
44920.59301445389,4,residential,urban,basement,glass,mansard,0,1,economy,rocky,10.851982880567467,6901429.7334870715
13181.47996474807,2,commercial,rural,crawl_space,brick,hip,0,0,economy,sandy,89.08105511485485,848924.6152460957
11422.227451276549,4,residential,suburban,basement,steel,gable,0,0,standard,loamy,80.95585124749371,1932933.9326114566
7337.202010442238,18,residential,suburban,slab,glass,gable,0,1,premium,clay,33.00942398207937,3365826.815156715
43026.03200352236,5,industrial,suburban,crawl_space,wood,hip,1,1,luxury,clay,52.15959636826655,15237150.682633968
25252.88382995879,19,residential,suburban,slab,steel,mansard,1,1,premium,sandy,85.27484378143086,11113968.45508133
33907.21355118066,10,commercial,suburban,basement,brick,flat,0,0,premium,sandy,10.343110414574518,9308642.56825757
12333.786011713968,18,residential,urban,basement,wood,hip,0,0,economy,loamy,13.813942156566327,2087279.30452529
38023.00084005522,10,infrastructure,urban,basement,steel,hip,1,0,economy,sandy,71.55269386946938,7686780.840262389
38120.274475623875,5,industrial,urban,slab,wood,mansard,0,0,economy,clay,8.220548244247661,4541727.319120037
15973.602232960857,17,commercial,urban,basement,steel,flat,0,0,standard,rocky,35.2566496353807,5685761.818958167
20828.790334009,13,residential,suburban,crawl_space,steel,hip,0,1,standard,rocky,25.18083221524866,4743985.582063174
10879.668732794942,17,infrastructure,suburban,pile,concrete,flat,0,0,standard,clay,76.02858946028051,2818963.1230975264
48839.770654483764,9,commercial,rural,crawl_space,glass,flat,0,1,economy,clay,0.2447873596323702,5316989.100210322
32457.327564391377,12,residential,rural,pile,steel,gable,0,0,economy,clay,11.53847169618939,3727490.5405364367
46759.92209541802,14,industrial,urban,basement,brick,mansard,0,0,economy,loamy,9.900754100078524,8550570.807958668
15517.584409642091,14,residential,suburban,crawl_space,glass,hip,0,0,premium,clay,31.807705190126622,6225506.41217116
39203.60019334604,8,commercial,rural,slab,concrete,hip,1,0,standard,sandy,23.24794989887009,6783601.840858953
38410.00287229473,5,commercial,rural,pile,glass,flat,1,1,standard,clay,22.828278513268717,6296876.778145236
34736.95476739381,19,commercial,rural,slab,glass,hip,0,0,premium,clay,37.03932613180048,14097550.714257574
48299.12927570662,14,infrastructure,rural,pile,steel,flat,0,1,luxury,loamy,21.404897748667118,22938775.85380884
19980.98913726262,9,residential,urban,basement,brick,hip,0,1,premium,clay,10.621418868654342,7136831.946379519
6970.507517692986,7,residential,suburban,crawl_space,steel,mansard,0,1,premium,sandy,58.32512643365158,2102196.066358775
33749.58853258101,8,residential,urban,pile,brick,hip,1,1,economy,sandy,95.1737697020116,5109455.785109839
36600.835123621706,14,industrial,rural,crawl_space,brick,flat,0,1,luxury,sandy,60.71649270381896,15336325.556006325
28965.498386211326,14,infrastructure,rural,pile,wood,flat,0,0,premium,clay,75.70206706298457,6868516.694255558
10737.485710103116,11,infrastructure,suburban,pile,steel,hip,1,1,luxury,loamy,97.21768391921034,6071973.656286994
25470.56911263309,14,industrial,suburban,basement,concrete,hip,0,1,luxury,loamy,15.316264515857414,15172283.259401267
15953.391960171906,8,infrastructure,urban,pile,glass,flat,1,0,economy,loamy,45.98099720888725,2924138.630510436
21659.59314425111,3,industrial,suburban,slab,wood,gable,1,1,luxury,sandy,58.184735753423546,6939299.255077465
32438.319504310864,18,commercial,urban,pile,concrete,gable,0,1,economy,loamy,32.21128266256043,6913361.911622305
37388.12976319631,3,commercial,urban,pile,steel,hip,1,1,standard,clay,61.31294785366633,8405786.904896636
11995.122199616484,13,infrastructure,rural,pile,brick,mansard,0,0,premium,clay,62.38204901609797,2849430.0011977097
20563.60535202419,12,commercial,urban,basement,steel,hip,1,0,economy,rocky,84.22292362669467,4091382.1963828565
13823.497764085645,15,commercial,rural,crawl_space,steel,mansard,0,0,economy,sandy,83.25153826596379,1726712.0373337965
10332.264886162522,18,commercial,urban,crawl_space,wood,hip,1,1,premium,rocky,14.252193884991993,4724289.051404634
39277.667389794,5,residential,urban,basement,concrete,flat,1,0,economy,rocky,16.88918902206067,5489750.381376569
45508.00837463112,7,commercial,suburban,slab,wood,hip,0,0,luxury,sandy,22.237198779252033,18323572.23809428
18826.493191386548,11,residential,suburban,slab,concrete,mansard,0,0,economy,sandy,26.12302310286605,2456673.818440025
37688.30675650146,11,industrial,rural,basement,wood,mansard,1,0,economy,rocky,56.449340724372234,3944512.9302742337
44901.266823538346,15,industrial,suburban,crawl_space,glass,hip,1,0,luxury,clay,32.74903408562315,33061199.87074424
42383.148421246464,10,industrial,urban,slab,brick,hip,0,1,premium,rocky,95.29626866495022,14760443.639127428
9549.262732691683,15,industrial,rural,basement,brick,gable,0,1,economy,sandy,11.830142125621324,1067576.1944483772
47836.448134911385,13,industrial,rural,crawl_space,brick,hip,0,0,standard,clay,24.648497650229984,8359600.898461325
19145.483801258393,14,commercial,rural,slab,glass,hip,1,1,premium,rocky,86.83175421188669,6108137.23112197
17292.412728104897,17,commercial,urban,slab,glass,flat,0,1,standard,rocky,58.43311350585031,6845249.481887281
3590.3507002501265,13,commercial,suburban,basement,brick,mansard,1,0,standard,rocky,54.742844625540435,851573.8357566672
24565.595878191707,10,industrial,rural,crawl_space,brick,gable,0,1,standard,sandy,59.434525173378404,3759972.704433499
5896.173974225971,1,industrial,urban,slab,concrete,flat,0,0,economy,rocky,25.226455955660253,631119.6628664284
12802.721135907586,1,residential,suburban,basement,concrete,hip,0,1,luxury,sandy,76.14472231622088,4266579.155053753
16188.659777480429,15,infrastructure,suburban,slab,steel,mansard,0,1,economy,clay,49.65321136485517,2606743.7364888806
40536.90301283836,16,commercial,rural,crawl_space,wood,hip,0,1,standard,loamy,4.259594125619515,6725537.95645389
43836.68819459688,12,infrastructure,urban,pile,concrete,hip,0,0,standard,clay,17.715826228875486,12608230.690977287
15472.082714342749,6,industrial,suburban,slab,concrete,hip,0,1,luxury,rocky,81.6624155381544,6412521.2733740965
43005.55700160641,6,industrial,urban,crawl_space,concrete,hip,0,1,premium,sandy,34.50447656384977,14486547.711696431
42932.93139980466,12,industrial,suburban,slab,concrete,mansard,0,1,standard,rocky,77.34441270163774,9437407.177866252
38350.22204405124,15,infrastructure,rural,pile,glass,flat,0,1,economy,clay,66.33767353864484,5335768.603463705
7761.408143751486,4,residential,rural,pile,steel,hip,0,1,standard,loamy,30.145978072643288,1121239.8809239499
34670.98092158609,4,industrial,suburban,slab,concrete,hip,0,0,standard,loamy,12.703554400057271,5776919.892625232
47278.69119673815,2,residential,urban,basement,wood,gable,1,0,premium,sandy,80.69452865592834,11843442.152151212
34285.75369897427,12,residential,suburban,slab,concrete,gable,0,1,luxury,clay,64.30873608296737,17326748.55728258
16915.03403083778,7,commercial,urban,crawl_space,glass,mansard,0,1,standard,clay,30.07975085525736,4671332.121444726
25278.676212826147,9,infrastructure,suburban,basement,brick,hip,1,0,premium,sandy,52.32749682242278,7959619.460234492
32463.389645877156,9,industrial,rural,crawl_space,brick,hip,0,0,premium,sandy,61.19030715180202,7648311.186932354
25773.235232060928,8,residential,urban,crawl_space,steel,hip,1,0,standard,sandy,0.21185216793616624,7112652.56133951
6437.670615683006,14,infrastructure,rural,basement,brick,mansard,1,1,standard,rocky,67.05132747839377,1213896.249114889
15947.170210275022,1,infrastructure,urban,pile,concrete,mansard,0,1,luxury,rocky,65.60780670822804,7201187.281501871
40218.60351240481,12,industrial,suburban,crawl_space,glass,hip,0,1,economy,sandy,8.257842160374551,6266891.130101073
43140.19328172811,2,commercial,rural,slab,steel,hip,0,0,economy,sandy,78.77533337173111,3104935.877061833
7296.351619420727,13,commercial,rural,pile,concrete,mansard,0,0,luxury,loamy,82.508884999362,3047963.6792859365
47643.14424373687,4,residential,urban,pile,brick,hip,0,1,premium,loamy,29.016247073068925,13219944.516677082
16776.71958350616,18,commercial,urban,basement,wood,flat,0,0,premium,rocky,16.221265716032264,7456696.881650108
33284.530067170635,19,commercial,urban,slab,concrete,flat,0,0,luxury,loamy,68.64814990862632,26890251.650263652
37715.34472485572,16,commercial,rural,slab,wood,mansard,1,1,economy,sandy,12.335015844952357,4543898.930334567
40691.33861457523,14,infrastructure,suburban,pile,wood,flat,0,1,premium,clay,85.80424169585282,11944308.65039896
47314.610260183545,8,industrial,urban,crawl_space,steel,gable,1,0,economy,sandy,48.012948504447465,7733200.515378918
15989.51762742672,12,infrastructure,suburban,crawl_space,glass,hip,0,1,premium,loamy,90.98089819869652,6070518.594647212
42996.06950030195,9,infrastructure,urban,slab,brick,gable,0,0,economy,rocky,64.21693720072176,5966196.619175945
7018.501720092248,6,industrial,suburban,pile,brick,gable,0,0,luxury,sandy,28.509226595629134,2673623.439061657
35399.52486450284,18,infrastructure,urban,pile,concrete,gable,0,0,economy,sandy,46.80377156672798,7002192.566702461
37227.8976109423,2,residential,suburban,pile,brick,flat,0,1,premium,loamy,52.93471476424594,8417697.685352772
34047.30043946536,8,residential,rural,basement,steel,hip,0,0,premium,clay,81.51586649032895,9062400.794421215
12989.579438690072,14,infrastructure,urban,slab,brick,hip,0,1,premium,sandy,86.18551641700576,5837599.427019799
43715.635777252566,6,commercial,urban,slab,concrete,mansard,0,0,standard,rocky,68.3011776214146,9288671.14752019
8858.493936834553,10,infrastructure,rural,crawl_space,brick,gable,1,0,standard,rocky,29.419810517269074,1524628.705833004
3154.9221802811267,8,commercial,urban,crawl_space,glass,flat,0,0,premium,clay,52.85685079627853,1267135.319507073
36014.51703528965,17,infrastructure,urban,slab,wood,gable,0,1,luxury,loamy,13.0621852380293,22556775.050363403
24036.047904020317,12,residential,rural,slab,wood,gable,0,1,premium,clay,23.010947545457682,5660825.820726976
42530.35198795446,17,commercial,rural,crawl_space,wood,hip,0,1,luxury,rocky,30.305863421663993,17825470.19858584
19478.158482383817,13,residential,suburban,slab,glass,mansard,0,1,premium,sandy,7.275993158256067,7643659.519264557
8829.790131131786,19,infrastructure,rural,crawl_space,steel,flat,1,1,premium,rocky,88.49886056707629,3337281.232051283
41903.888527258554,12,industrial,rural,slab,concrete,hip,1,1,luxury,clay,12.264417722520339,16980325.4728625
27671.026766183546,16,commercial,urban,basement,glass,gable,0,1,economy,rocky,69.68387260854527,6078433.108305528
9865.191723322567,5,commercial,rural,basement,concrete,hip,0,1,standard,loamy,50.56618688178474,1341768.1956588372
36159.00793002907,16,infrastructure,urban,pile,steel,gable,0,1,premium,clay,83.17678285758066,18029314.771172024
25800.125105230276,6,infrastructure,rural,slab,glass,flat,0,1,luxury,rocky,74.10357482166818,10483365.823586015
30413.49262089583,11,commercial,rural,crawl_space,brick,hip,0,1,luxury,sandy,75.97380053396857,11577816.447714604
23314.467741225802,17,industrial,suburban,slab,steel,hip,0,0,standard,sandy,41.83462776578493,5967179.346833431
41521.09469899131,14,infrastructure,rural,slab,wood,hip,0,1,standard,clay,83.39761358960871,6806029.321714654
41563.354426310965,6,infrastructure,rural,pile,glass,hip,0,0,economy,sandy,9.47418755868058,4111585.097008821
35614.746680307115,11,infrastructure,urban,crawl_space,steel,hip,0,0,premium,clay,44.44190158606418,16216791.672773728
5717.3681811248825,12,industrial,urban,slab,steel,flat,0,1,standard,sandy,99.46140608000046,1646678.3691937497
42023.26616425141,13,commercial,suburban,crawl_space,glass,mansard,0,0,economy,rocky,94.81145450425356,6540418.526579119
33715.14253637903,4,residential,rural,slab,wood,flat,0,1,premium,sandy,8.22125849821208,5189935.913551039
35002.696217212826,7,infrastructure,urban,pile,wood,hip,0,1,premium,rocky,57.29855891668376,10619762.10354556
18467.650599991644,2,industrial,rural,crawl_space,steel,gable,1,1,luxury,clay,31.565061175407628,5842687.079240124
44024.33802977183,6,commercial,suburban,slab,concrete,gable,1,0,standard,sandy,72.84725350098749,7934787.50935692
36405.89421162545,6,commercial,urban,basement,steel,hip,0,1,economy,loamy,73.57874336485662,5779369.919846668
6073.228093195126,18,industrial,urban,crawl_space,glass,mansard,0,0,economy,loamy,0.009326802124287603,1508253.3803767373
20685.01270310505,8,infrastructure,suburban,pile,glass,hip,0,0,luxury,loamy,84.58191807713563,11076774.55539001
44375.82791702701,8,residential,rural,basement,glass,flat,1,1,economy,sandy,22.35827077366127,5199333.464942246
2836.2367340202604,8,infrastructure,urban,crawl_space,wood,mansard,1,0,economy,rocky,96.59066142192646,410508.06097326655
48090.12267228145,8,commercial,urban,crawl_space,brick,mansard,0,1,premium,clay,90.5431307896105,15725491.110547647
34118.547131818355,1,residential,suburban,crawl_space,glass,flat,0,1,standard,sandy,19.0659049046794,5229170.198366581
31753.11089334714,2,infrastructure,suburban,crawl_space,glass,mansard,0,1,luxury,clay,63.63354239632278,12845516.593628936
13892.683196155574,12,residential,suburban,slab,concrete,hip,1,1,standard,clay,29.635130601008587,3383166.871100903
12815.193542589264,15,industrial,rural,slab,concrete,hip,1,1,economy,sandy,10.298413535770745,1607228.5204956487
47131.88186468548,4,infrastructure,rural,crawl_space,steel,gable,0,1,economy,rocky,87.40023281042775,3978297.555039748
15264.486484589075,3,commercial,rural,pile,steel,flat,1,1,economy,loamy,18.082647221348857,1534721.732947839
38887.512187590466,14,commercial,suburban,slab,steel,mansard,0,1,standard,clay,42.09675604129782,10255123.002673065
19959.52901125042,8,residential,urban,crawl_space,glass,mansard,0,1,luxury,clay,92.41891260190151,14240593.051469155
7393.076503842847,13,industrial,rural,crawl_space,concrete,mansard,0,0,luxury,sandy,7.535434139725428,3119262.6437867694
1030.407235920268,19,infrastructure,suburban,pile,steel,hip,0,0,premium,clay,55.05844957273184,473399.86096835864
27440.738182254914,5,industrial,rural,pile,concrete,flat,0,0,luxury,sandy,57.21443723206534,8169658.04499657
48801.051518172164,13,industrial,urban,pile,glass,hip,0,1,premium,clay,76.30667106774776,26721817.386886742
18772.241593555624,1,residential,urban,basement,glass,mansard,1,0,economy,rocky,82.71308697588567,2609088.640704886
18181.02053265572,16,residential,suburban,crawl_space,steel,hip,1,1,luxury,rocky,42.414379476053966,12593545.583056152
17532.535083547384,2,infrastructure,urban,pile,glass,mansard,0,1,premium,loamy,74.36830406979402,5656859.587464226
26266.919946590493,7,commercial,suburban,crawl_space,glass,mansard,0,0,premium,loamy,91.04393171477591,8309758.838084805
22312.91172950253,6,infrastructure,suburban,slab,concrete,hip,1,0,standard,rocky,88.62661990558598,3831113.2982456493
44055.774022987214,5,industrial,suburban,crawl_space,brick,mansard,0,1,economy,loamy,50.18190686158982,4027958.927706205
25523.27919031277,4,residential,suburban,crawl_space,wood,hip,1,1,luxury,loamy,60.70295495132686,8981342.665162222
25634.012990334155,2,industrial,urban,basement,steel,gable,0,1,luxury,loamy,67.28088619146614,13413716.352340914
7349.393938667552,10,residential,urban,slab,brick,hip,1,0,luxury,rocky,81.91087999164085,4824873.814190577
49145.6072750641,5,commercial,urban,slab,steel,gable,0,1,premium,loamy,50.77330898382672,16562176.339370046
12873.658098007068,18,industrial,urban,basement,brick,gable,0,1,luxury,sandy,11.190001929607007,9347000.092152014
4131.521339250332,10,residential,suburban,pile,glass,hip,0,1,luxury,loamy,38.53017371169367,2569106.6152829323
33325.739324272836,15,infrastructure,suburban,pile,steel,flat,1,0,luxury,sandy,72.02020794212429,22241955.858478032
29970.635322765196,9,infrastructure,urban,crawl_space,brick,flat,0,0,economy,loamy,62.379894518388845,4378923.478381316
21049.709872640913,11,infrastructure,rural,basement,wood,hip,1,0,economy,sandy,75.34918014842418,2111478.4000578076
21398.515577093563,17,industrial,rural,pile,glass,hip,1,0,premium,loamy,49.99537383223321,7575529.597809849
39360.664091798346,9,residential,rural,slab,steel,mansard,0,0,standard,sandy,17.44047725452007,6459853.578951691
10187.775684932629,16,residential,urban,basement,steel,mansard,0,1,luxury,loamy,11.520753860718235,8364851.199596834
41102.539287772044,6,residential,suburban,pile,brick,hip,0,1,luxury,sandy,48.1261939013507,16833681.57083448
32612.9821378034,11,industrial,suburban,slab,steel,flat,0,1,premium,rocky,20.572483621538396,11437541.45444437
21239.003802086456,17,residential,rural,basement,glass,mansard,0,0,luxury,clay,98.22668880537593,11353589.066292627
23172.416520901497,4,commercial,rural,crawl_space,concrete,mansard,0,0,standard,clay,19.87529719393397,3068047.281196125
13204.036755711742,15,industrial,suburban,crawl_space,brick,flat,0,1,premium,rocky,56.678429468965966,4804373.677378412
37729.65946850026,1,commercial,rural,slab,wood,hip,0,1,economy,rocky,0.17679341907893553,2283162.530949176
25887.299744110755,1,commercial,rural,pile,steel,flat,0,0,standard,sandy,25.364508219896166,2931987.449002056
16382.299866117259,9,infrastructure,suburban,pile,glass,gable,0,0,luxury,sandy,25.913848721911272,8687967.95615736
30004.480730167037,12,industrial,rural,basement,steel,mansard,1,0,standard,loamy,73.79874356160046,6214516.712062858
49788.855376540494,4,residential,rural,slab,wood,mansard,0,1,economy,loamy,49.56261385444596,3268878.4005706813
22045.482842999416,13,commercial,urban,pile,glass,mansard,1,1,premium,clay,1.2091851010781696,12332744.895711975
46074.224338541666,7,industrial,rural,crawl_space,wood,flat,0,1,standard,clay,37.917093885588095,5229628.697518906
17578.33357626602,8,residential,urban,slab,glass,flat,0,1,premium,sandy,64.47810970720964,7978649.635699981
3209.2689927868014,13,infrastructure,suburban,crawl_space,concrete,hip,0,0,premium,sandy,63.67069548707419,1052639.146702483
10609.98426523723,11,industrial,urban,slab,glass,mansard,1,0,luxury,rocky,5.388871421255548,7800962.495884321
21225.409594720368,9,industrial,suburban,basement,wood,gable,0,1,luxury,sandy,92.89129323735197,8613293.861639336
11371.928965431167,16,industrial,urban,pile,brick,hip,0,0,premium,loamy,24.699106874736444,5333907.634722305
511.2383918036491,10,residential,urban,pile,concrete,flat,1,0,economy,rocky,89.15261141048323,71107.38181706383
45792.5761185026,11,commercial,urban,pile,steel,gable,0,1,premium,sandy,21.3414445927673,19305990.68119903
42272.030855930985,12,commercial,rural,crawl_space,concrete,hip,0,0,economy,loamy,56.78502842670208,4613678.107108381
37243.46545860388,14,industrial,rural,pile,concrete,flat,0,0,standard,loamy,40.60803082459395,6506250.523417734
8806.822484478416,19,industrial,rural,slab,steel,gable,0,0,premium,clay,58.13492831464105,3274073.0012012795
6457.99702239431,12,residential,rural,crawl_space,glass,hip,1,1,standard,rocky,49.78628141665532,1491352.1626495274
3846.435098882966,18,infrastructure,rural,basement,concrete,gable,0,0,premium,clay,0.20473108536820384,1138119.7151406328
36339.4448442596,17,industrial,urban,crawl_space,concrete,flat,0,0,standard,rocky,35.13323747985915,11556288.993905405
46475.99405405032,3,industrial,rural,basement,brick,hip,1,1,economy,rocky,1.121715632969944,3749852.015103412
21811.52313519533,1,infrastructure,suburban,crawl_space,brick,flat,1,1,standard,clay,68.33665346581084,3250900.9415232884
6397.463263804384,19,industrial,urban,pile,wood,mansard,0,0,standard,clay,85.34958051885306,1934871.8531148012
25863.444626239274,4,commercial,urban,basement,steel,mansard,1,1,luxury,sandy,38.471446170986056,14968395.511197519
17767.17941920219,16,industrial,suburban,pile,glass,gable,0,1,premium,rocky,52.48020375681086,7476689.273860836
19053.833755324886,12,commercial,rural,crawl_space,glass,mansard,1,0,premium,sandy,6.583734717925893,5771481.407638653
31255.86589570751,13,residential,suburban,basement,wood,flat,0,0,premium,rocky,38.51974088135323,8374135.029800404
36076.546606479016,17,residential,urban,slab,glass,gable,0,1,premium,loamy,13.886040643129139,21488744.281960998
5974.878144221462,8,commercial,urban,slab,glass,hip,0,1,luxury,sandy,6.470183894833504,4510075.012548387
2261.716424920581,13,commercial,urban,crawl_space,brick,flat,1,0,economy,clay,17.203314750087895,419546.04663999606
49719.349982942884,5,infrastructure,suburban,basement,glass,hip,0,0,standard,loamy,87.08439435650762,10034971.075010356
12020.053271319815,18,commercial,rural,slab,glass,hip,0,0,standard,clay,98.22044033289491,2792761.2445792514
3164.6109829687243,15,commercial,urban,pile,wood,hip,0,1,economy,loamy,87.92141327696012,504823.7370971632
9898.828790248039,12,industrial,rural,pile,wood,hip,0,1,standard,loamy,96.96704716857255,1386804.0541994483
2428.413394248979,17,infrastructure,urban,crawl_space,concrete,flat,1,1,luxury,sandy,73.08068014854624,2068003.744920951
19894.639283549997,15,commercial,rural,pile,glass,mansard,1,1,premium,clay,15.970549981864668,6655620.168148944
40218.88833034055,2,commercial,suburban,pile,glass,flat,1,1,premium,sandy,56.31704530779338,11397252.268975414
17391.60026300717,6,commercial,urban,pile,glass,mansard,0,1,luxury,loamy,73.15960696337237,11719346.19394342
22487.078640479143,17,industrial,urban,slab,brick,hip,0,1,premium,rocky,51.34627941487978,10859962.594492104
33941.54529158822,16,industrial,urban,basement,glass,mansard,0,1,standard,rocky,55.46672341022332,12061415.131809186
25690.25646845907,17,industrial,suburban,crawl_space,brick,hip,1,0,economy,loamy,58.61900950145124,4063924.0764378
43141.56145805555,9,residential,suburban,basement,concrete,gable,0,0,economy,clay,46.68464393794503,5196463.728552129
43368.76591476495,5,industrial,rural,basement,steel,hip,0,1,standard,clay,29.058846643238745,6660070.278242156
990.5794268121053,1,commercial,suburban,basement,glass,mansard,0,1,economy,clay,63.70251388046281,98312.09120609135
39013.29217091836,6,industrial,urban,slab,wood,gable,0,0,economy,rocky,5.350839589417323,4417825.015399714
23306.313211962857,14,industrial,rural,pile,wood,gable,0,1,premium,sandy,17.092724669823202,5445461.758166284
49447.60679453132,17,infrastructure,suburban,crawl_space,glass,hip,1,1,standard,clay,92.52615379869654,15299112.703282105
24419.98775583404,19,commercial,rural,basement,brick,flat,0,1,luxury,sandy,48.881625248881036,12785576.594935013
49351.34929672073,1,industrial,rural,pile,wood,mansard,0,1,economy,clay,82.16838113619207,2896481.048832795
37851.183379683964,1,residential,rural,slab,wood,gable,0,0,standard,clay,72.65406916868662,3333426.6390508674
12805.941788358663,13,infrastructure,urban,basement,concrete,flat,0,0,luxury,clay,32.0709053984187,9434422.52280785
27150.551474704404,14,industrial,urban,pile,concrete,hip,1,0,luxury,sandy,80.36490630604574,18941844.823182885
49610.714154189845,6,infrastructure,suburban,slab,concrete,hip,0,1,premium,sandy,9.132244005330847,12071143.722423993
42947.76508372022,6,infrastructure,urban,pile,wood,hip,0,0,premium,sandy,87.4978254346539,11742280.942241238
5319.661242665445,1,residential,rural,crawl_space,wood,hip,1,0,economy,loamy,68.05600013304229,389653.467812678
35465.41384209481,14,residential,rural,pile,glass,mansard,0,1,standard,rocky,92.70723169184653,8089545.751916329
17606.189500605247,3,residential,urban,pile,glass,gable,0,1,standard,loamy,89.55104002489051,3933813.5561784366
845.6219630772318,10,commercial,rural,crawl_space,brick,mansard,0,1,premium,rocky,38.02620355687323,200518.39225986638
20472.30796683648,19,infrastructure,urban,crawl_space,wood,gable,0,1,premium,loamy,85.68325218693683,9238359.205187483
12120.34387538608,19,industrial,rural,pile,glass,flat,0,0,premium,rocky,56.30160720193349,4534698.43558611
41034.028890763344,19,residential,suburban,crawl_space,glass,flat,0,0,economy,sandy,15.71143163666594,7251311.937126036
17197.865137865392,4,residential,suburban,pile,concrete,gable,0,1,standard,rocky,82.95508633912837,2503869.412238041
41462.42285071395,19,infrastructure,urban,basement,concrete,hip,0,0,economy,clay,90.7919758640269,8502534.089526545
529.5979723223678,10,infrastructure,urban,pile,concrete,flat,0,1,standard,sandy,8.45472076590994,153561.5749846738
15737.047926292898,2,infrastructure,urban,slab,steel,mansard,0,1,premium,loamy,93.0552844110375,4606122.903019774
12437.678108234217,4,industrial,urban,crawl_space,glass,gable,0,1,economy,clay,60.126490961878964,1771844.569647637
12061.584372896243,6,commercial,urban,basement,concrete,flat,0,0,luxury,clay,2.589741540221302,6342530.6038970165
3875.2376783904033,7,commercial,rural,crawl_space,concrete,gable,1,1,economy,sandy,54.17946312703841,401597.0052857006
9762.651385319836,16,residential,suburban,crawl_space,wood,hip,0,1,economy,clay,79.67490342833763,1136540.7982974385
27999.703709338184,7,commercial,rural,crawl_space,concrete,gable,0,0,luxury,sandy,53.31814471352201,10336576.420131804
14922.373105468352,18,industrial,suburban,slab,wood,flat,0,0,luxury,rocky,70.7246253957861,7899323.07766538
21161.041725292824,19,commercial,rural,slab,brick,gable,1,1,premium,sandy,87.95827318772463,6728844.102897891
19154.91057718583,9,industrial,rural,pile,concrete,flat,1,0,luxury,sandy,86.97615101553738,7270729.388252076
43857.29378749478,10,residential,rural,slab,wood,flat,1,1,luxury,loamy,17.886991793553964,14612273.802013235
45312.300451020514,13,infrastructure,urban,crawl_space,concrete,flat,0,0,economy,clay,42.713002509557995,7735916.554435985
24901.370096965074,18,industrial,suburban,basement,brick,mansard,0,1,economy,loamy,11.11650658800981,3939593.549649085
16842.71954062242,16,infrastructure,urban,basement,concrete,hip,0,0,premium,loamy,59.509781708304466,7513069.461597467
5786.634848117,17,residential,urban,basement,wood,hip,0,1,luxury,loamy,95.47267511456624,3619046.739496616
47693.4425294137,13,industrial,rural,crawl_space,brick,gable,1,0,standard,loamy,18.184697296979035,8114480.534112562
3481.233772564724,12,industrial,suburban,slab,brick,gable,0,0,economy,loamy,40.363036378536734,442372.82679429126
15233.688739629883,10,commercial,suburban,basement,brick,flat,0,0,premium,clay,95.4026799990689,4080869.088292869
15254.276957915206,1,industrial,suburban,crawl_space,steel,hip,1,1,economy,clay,75.01182264146688,1585715.9780966658
16359.863663940638,8,residential,suburban,crawl_space,wood,gable,0,1,economy,clay,7.116947907055982,1581510.1902155215
8632.198741984259,18,infrastructure,urban,basement,steel,gable,0,1,standard,loamy,42.84155665731425,3110652.3678317056
39266.49083072301,2,industrial,urban,basement,brick,hip,0,0,premium,clay,98.78857215176552,9849471.85517264
6563.644167316466,16,residential,suburban,pile,steel,flat,0,0,standard,loamy,45.32425984817723,1704531.4674110217
31927.87962808156,12,residential,urban,pile,concrete,gable,0,1,standard,clay,62.94014099369555,8352471.720015129
6630.378321937964,9,industrial,suburban,crawl_space,steel,flat,0,1,premium,clay,70.09767010625232,1995728.175728985
3991.5140608513498,3,commercial,urban,pile,glass,hip,0,0,luxury,clay,66.39313898486672,2281959.9188730223
45516.76043245089,4,industrial,rural,pile,brick,hip,0,0,standard,clay,51.87184590409119,5645680.996608864
9911.37393277593,2,industrial,rural,basement,brick,gable,1,0,luxury,sandy,13.279568749099479,3005668.757629049
41151.88265070536,8,commercial,suburban,pile,wood,gable,0,0,economy,clay,70.84148600805138,4248958.866119224
27459.22811980322,10,residential,suburban,crawl_space,concrete,hip,1,1,premium,clay,93.33278727113755,8624884.53629995
4353.897720634095,16,industrial,urban,basement,wood,flat,1,0,premium,sandy,94.16966472721224,1889124.0273346978
47794.68547618434,11,commercial,suburban,pile,steel,flat,1,1,economy,rocky,59.338940617056636,7541601.603029927
12724.57776609868,18,infrastructure,suburban,pile,glass,mansard,0,1,economy,rocky,49.219748914444374,2323067.4328714563
43052.444594954024,14,infrastructure,urban,pile,glass,hip,0,1,economy,sandy,33.39611003250344,8646059.894432882
8856.095286335927,8,commercial,suburban,slab,glass,gable,1,1,standard,rocky,10.35689886997636,2046203.2539294579
42770.17266602172,15,residential,suburban,pile,glass,hip,1,1,standard,clay,88.31178242830914,13432017.962242162
1154.8262388120522,17,commercial,rural,pile,concrete,gable,0,1,standard,loamy,13.705342058341309,238331.9018909209
25833.132600189292,18,residential,rural,crawl_space,steel,flat,1,1,standard,loamy,28.794572945144104,5954531.576023594
38587.40768136706,6,infrastructure,rural,pile,glass,gable,0,1,standard,clay,74.03984707524745,6512148.923930615
46772.378115892774,14,industrial,suburban,slab,brick,mansard,1,0,luxury,clay,70.4763683662552,26140036.379625242
45505.50574222111,3,commercial,urban,basement,steel,flat,0,0,luxury,rocky,68.10127540320266,24234946.49891755
41071.43104260842,7,infrastructure,rural,pile,concrete,mansard,0,0,standard,sandy,74.17069954549105,5943548.156556159
44465.47180823455,15,industrial,suburban,pile,glass,hip,0,0,premium,loamy,54.1977413948906,19143661.348898
10361.374448935287,16,infrastructure,rural,crawl_space,concrete,gable,0,1,premium,clay,15.495097614698583,3278183.8722263095
14567.122637730574,16,commercial,urban,pile,glass,flat,0,1,luxury,sandy,99.83580130291347,13267475.621122228
14803.941983592396,8,commercial,urban,pile,brick,gable,1,1,luxury,sandy,89.21395871620079,8653204.303630728
19164.16958458409,7,industrial,urban,pile,steel,mansard,0,0,premium,clay,43.11522470616968,7406745.501739086
19969.37318406684,6,commercial,urban,pile,brick,flat,0,1,premium,sandy,53.032610975463626,6595533.625551795
27455.488570406436,2,infrastructure,urban,basement,glass,mansard,0,0,premium,loamy,39.355095015367006,9946699.02765921
8414.048286638848,13,industrial,urban,crawl_space,wood,flat,1,0,luxury,loamy,63.79781756531884,5021662.912731351
34716.70985740647,12,industrial,suburban,basement,steel,hip,0,1,luxury,sandy,73.11400397533495,19786808.929959025
8794.543695573071,15,infrastructure,rural,slab,concrete,hip,1,0,premium,clay,23.156319877610454,2617309.990295707
15860.269864175103,9,residential,urban,pile,glass,gable,0,0,luxury,sandy,43.2796533512297,11349284.62481209
25415.583965004625,2,industrial,rural,slab,brick,mansard,0,0,standard,rocky,64.02347867422048,2904479.491612249
39923.807795412125,17,residential,rural,basement,wood,mansard,0,0,premium,clay,98.80197205852998,9885514.2857785
37103.727045317,5,infrastructure,suburban,slab,glass,flat,1,0,economy,clay,32.4874135800422,5002440.035977764
32453.95064232085,11,infrastructure,urban,pile,concrete,hip,0,0,premium,clay,74.50004468590338,14176915.782723209
8210.776398718423,19,industrial,urban,slab,brick,gable,0,0,luxury,loamy,34.66717635476921,6131497.992193322
27578.744607971097,7,commercial,suburban,basement,steel,hip,0,0,economy,clay,9.233975303635866,3035295.1160164126
4828.60183909433,2,industrial,suburban,pile,wood,mansard,0,1,economy,clay,77.01458200274809,348054.67788781464
19179.47725143421,16,commercial,suburban,crawl_space,glass,gable,1,0,premium,loamy,64.93068829755434,9251268.9327873
20969.06824935298,12,residential,suburban,basement,glass,hip,0,1,standard,loamy,51.4339715522804,4934704.872077588
2470.6662525648144,15,commercial,suburban,pile,glass,hip,1,0,standard,loamy,67.50358888267911,665080.0613626388
14062.410923763606,1,industrial,rural,crawl_space,glass,flat,0,1,luxury,clay,87.9300053959024,4365191.486913534
47804.648629691226,13,commercial,suburban,slab,brick,flat,0,1,economy,clay,75.65106010010774,6379780.164438716
47704.81408756963,6,infrastructure,urban,slab,steel,mansard,0,0,standard,loamy,85.7817422926187,12037388.57941026
17940.189185500694,13,residential,urban,slab,concrete,hip,0,0,luxury,loamy,29.00188364857853,11704249.619116725
2633.455392942041,18,infrastructure,suburban,pile,wood,flat,1,0,economy,rocky,80.04835172951968,400248.1739978407
9365.199496744986,3,infrastructure,suburban,slab,glass,hip,0,1,luxury,loamy,36.00093471331112,3953087.6301953923
19914.780774960236,1,infrastructure,suburban,slab,glass,gable,0,0,standard,sandy,2.0651856393927304,3122170.5070485934
47415.09504947688,15,infrastructure,suburban,crawl_space,steel,hip,1,0,luxury,rocky,4.3184236456999425,29821268.155947648
7489.353645090654,13,commercial,suburban,crawl_space,steel,hip,1,1,luxury,loamy,73.03545627051575,4616718.285002415
38294.034261576504,5,infrastructure,urban,crawl_space,brick,mansard,0,0,standard,loamy,27.19093046394978,7787051.795912805
5879.785699047258,13,commercial,rural,pile,brick,gable,1,1,standard,loamy,30.75842535500193,1145987.7418279513
49072.2500808682,5,infrastructure,suburban,basement,brick,gable,0,1,luxury,loamy,62.25780461355468,19038119.01648711
19390.01670590218,19,industrial,suburban,slab,wood,flat,0,1,standard,sandy,74.15092599148535,4553644.480152327
38874.10967550327,18,infrastructure,suburban,slab,brick,gable,0,1,premium,loamy,55.88842511336092,13413487.855758818
17458.258599151024,10,industrial,urban,pile,glass,mansard,0,1,premium,clay,70.63722413348805,8693448.284042425
31569.60941936103,8,commercial,urban,slab,brick,flat,1,1,premium,rocky,94.10528365114187,10989143.265332898
10004.796194631817,15,residential,rural,pile,wood,hip,0,1,economy,loamy,85.41599451204976,953154.0716059732
7728.040455199645,4,commercial,rural,pile,brick,gable,0,0,premium,clay,24.08036511638708,1376303.9368883404
46934.174908622495,2,residential,rural,pile,brick,hip,0,0,premium,sandy,90.67916477364032,7661993.618709621
45923.54025626946,6,residential,rural,basement,glass,flat,0,0,premium,rocky,29.726425524854562,12243634.247826535
44429.71254053768,3,infrastructure,urban,pile,glass,gable,1,1,standard,loamy,66.05882590813133,10886890.62284375
31458.955783246376,7,residential,rural,basement,glass,flat,0,0,standard,rocky,87.47163235225948,5102340.816107265
40509.27645520577,10,commercial,suburban,basement,brick,flat,0,0,standard,loamy,62.3446127267688,7372748.500031599
3917.328377113058,6,infrastructure,urban,slab,glass,gable,1,0,standard,sandy,80.61961361092047,1129329.1602129987
17072.05757358862,16,residential,urban,crawl_space,steel,gable,0,1,standard,sandy,92.73471088807739,5836170.518481255
16028.304675479234,2,commercial,urban,basement,concrete,flat,0,1,premium,rocky,96.69370651117649,4550108.307141087
31964.443436654357,17,residential,suburban,basement,concrete,mansard,0,0,premium,rocky,41.06329301600156,12898906.791370632
18119.909786796707,13,residential,urban,crawl_space,glass,gable,0,1,standard,rocky,99.27682065945274,6537508.861252669
7851.0856913622,1,infrastructure,suburban,basement,wood,flat,0,0,luxury,sandy,27.16811637846139,2348114.345016878
30025.120232970414,6,infrastructure,rural,crawl_space,glass,hip,0,0,standard,clay,46.218657727954124,4883868.516154737
40812.00407311953,5,commercial,urban,slab,glass,hip,1,1,premium,rocky,76.07055595434755,15511928.993360968
19415.112975768672,13,infrastructure,suburban,pile,brick,gable,1,1,premium,loamy,97.01535679215165,6712816.4680077685
7047.301397374845,18,infrastructure,urban,crawl_space,wood,gable,1,0,standard,sandy,5.294136124489568,2192910.960950009
10236.06576698474,12,industrial,rural,pile,glass,hip,1,1,economy,rocky,94.56416967053795,1495653.2524967762
12255.423605884507,7,industrial,urban,crawl_space,steel,flat,1,0,luxury,sandy,99.86754975597694,7887732.1152042085
15344.930853229544,15,commercial,rural,pile,concrete,flat,1,1,standard,rocky,90.95794412354921,3130055.5908117043
32318.3559900623,3,infrastructure,urban,slab,steel,flat,1,1,premium,sandy,10.838421539448728,11496623.17912172
30246.80148461709,16,commercial,suburban,basement,steel,mansard,0,0,luxury,sandy,84.07002585838589,20626518.299962264
34955.95314756844,1,industrial,rural,slab,steel,gable,0,1,economy,rocky,63.97618036350985,2384898.459553736
18443.848234309902,16,industrial,urban,basement,wood,mansard,0,0,luxury,loamy,0.9526539355642294,12206456.884447834
41287.88376805893,12,industrial,rural,pile,wood,mansard,0,0,standard,sandy,98.43762114665499,5845311.828918597
10602.339227210134,19,commercial,rural,pile,wood,mansard,1,0,premium,loamy,15.05237233332174,3219770.119545595
23717.51700214862,8,infrastructure,suburban,basement,concrete,mansard,0,1,premium,loamy,39.68213969230292,6333785.852664489
40146.4667163008,12,residential,suburban,crawl_space,brick,flat,1,1,premium,sandy,3.027250403824333,13915042.385761496
9417.853062764652,15,infrastructure,suburban,slab,glass,gable,0,1,luxury,sandy,30.951911482878856,6024333.90733663
5938.224130168755,2,commercial,suburban,crawl_space,glass,gable,0,1,standard,sandy,56.83257233262897,947225.6602011718
44242.356400555494,17,industrial,rural,pile,brick,mansard,0,0,standard,loamy,93.08531224280047,8060598.152269927
17475.018306580198,7,residential,rural,slab,glass,gable,1,0,luxury,sandy,99.03645261736577,8106538.636098173
34351.57118299708,13,commercial,urban,slab,steel,hip,1,0,luxury,sandy,42.33582750673488,27374637.809175316
1754.7559110649547,1,industrial,urban,crawl_space,concrete,flat,1,1,economy,sandy,42.818388692621156,204603.30850772376
34657.32097626776,6,commercial,urban,basement,glass,gable,0,1,premium,sandy,16.034343179717105,13523138.535871498
16147.01492157504,13,residential,suburban,basement,concrete,flat,0,1,luxury,rocky,49.8358896660562,8195279.164861512
3259.172252578366,11,industrial,rural,slab,brick,hip,0,0,premium,sandy,94.0081015761175,702450.4046576921
30685.731696631792,10,infrastructure,rural,basement,glass,flat,0,1,economy,loamy,16.539615744149216,3576766.907459824
12419.788895622076,16,commercial,urban,pile,concrete,hip,1,1,standard,loamy,26.647324309555685,3972739.5648734854
19646.95848156806,17,residential,urban,crawl_space,steel,mansard,0,1,premium,clay,89.13178737187248,10759713.014833387
4488.750208182422,17,infrastructure,rural,crawl_space,steel,gable,0,1,luxury,rocky,62.64306138272821,2270225.358019308
7784.580929199794,4,residential,suburban,crawl_space,brick,mansard,0,0,luxury,rocky,33.0507237958975,3009505.717747157
15249.873157044267,5,commercial,urban,slab,wood,gable,0,1,economy,clay,81.27449651640313,1676670.2617816867
4943.095277727778,14,residential,urban,slab,glass,mansard,0,1,premium,loamy,10.896414170211,2653278.2791771293
45585.900101972606,10,industrial,rural,basement,steel,hip,1,0,standard,loamy,85.83513658315013,8890992.156245792
799.3286376069317,14,residential,rural,crawl_space,steel,gable,0,1,standard,sandy,51.80016659878095,150866.45136396878
24451.080833783413,1,commercial,urban,pile,brick,mansard,1,1,luxury,clay,75.69344303956177,10134672.615006097
6600.749177561296,11,industrial,urban,pile,steel,flat,0,1,economy,loamy,51.8391591566125,1120302.9943351569
15730.114929158452,18,residential,suburban,crawl_space,glass,flat,1,1,luxury,clay,24.627292189897343,12393022.875206385
46339.94821100414,16,residential,suburban,slab,brick,mansard,0,1,luxury,clay,64.08486227842776,24278493.31840866
8503.880387062349,18,industrial,suburban,slab,concrete,hip,0,0,luxury,rocky,15.479113600679096,5273620.797390018
48308.69982605746,8,infrastructure,suburban,slab,brick,mansard,0,1,luxury,loamy,22.987043454817602,21711529.517179135
10686.821660976375,10,infrastructure,urban,pile,glass,flat,0,0,economy,loamy,54.93256690120225,2005967.4783257362
37207.52236910806,10,industrial,urban,crawl_space,glass,gable,0,1,luxury,sandy,38.99835813102194,28097626.143268626
27560.52461241693,5,residential,urban,pile,concrete,gable,1,0,premium,loamy,74.52022852872186,8769190.426451733
44281.69701603958,10,infrastructure,suburban,crawl_space,brick,mansard,0,0,luxury,rocky,58.357247754161826,21464406.39294697
27922.666147404983,18,industrial,urban,pile,glass,gable,1,1,luxury,loamy,38.13351276089128,27738871.06602858
26960.681348237278,6,commercial,rural,pile,glass,flat,0,0,standard,sandy,32.672993483471494,4491823.902501795
10175.171018235795,3,residential,suburban,basement,concrete,gable,0,0,standard,loamy,91.32427819679872,1573734.5646417155
8728.353421557107,8,commercial,rural,pile,wood,mansard,0,1,economy,clay,4.008266196064514,696606.4908008942
45866.212980217955,9,residential,suburban,crawl_space,brick,mansard,0,0,economy,rocky,69.10310391841053,5130263.599932678
16727.990843076688,5,infrastructure,urban,pile,glass,mansard,0,0,premium,sandy,39.18985788955002,6686190.05873882
18918.071620663348,2,commercial,suburban,basement,steel,flat,0,0,luxury,sandy,37.73576745634003,7769758.591954959
38111.27109220523,2,commercial,rural,basement,concrete,hip,1,1,standard,clay,65.18767732847807,5049948.496956122
17271.762379928965,7,industrial,suburban,crawl_space,wood,gable,0,0,premium,rocky,85.04647532438293,4210243.077195542
47627.09110863064,17,infrastructure,rural,basement,wood,mansard,1,1,premium,loamy,72.4412245320069,13015645.900801865
37027.42456544062,10,infrastructure,urban,basement,concrete,hip,0,0,economy,rocky,67.01112682450216,5933352.640092522
30072.74750738429,12,residential,rural,slab,wood,mansard,0,0,standard,rocky,49.620245004139676,4130259.240008741
44104.310446965246,2,industrial,urban,crawl_space,glass,mansard,0,0,luxury,rocky,46.91784639132999,24027347.749091543
2955.492463299396,10,industrial,rural,basement,wood,flat,0,1,economy,rocky,46.07152754868763,235604.89589914016
13224.603263365832,1,residential,urban,basement,brick,flat,1,1,premium,rocky,14.544746328463177,3626619.3338194117
23519.29854393504,4,commercial,rural,basement,steel,hip,1,0,premium,rocky,55.950298837195525,4948089.380558213
11735.43770384029,13,residential,urban,crawl_space,glass,mansard,0,0,standard,clay,31.546427807001052,4008556.9282336645
37323.30677145652,12,residential,urban,slab,concrete,gable,1,0,standard,sandy,61.82278962253457,10444196.818100989
46000.79753715939,11,residential,urban,pile,steel,gable,0,1,luxury,clay,53.433524762439376,34815992.94086666
21476.620936580708,10,industrial,rural,slab,glass,gable,1,0,standard,loamy,93.99241953614144,4265539.896645895
17435.5637055388,15,residential,rural,crawl_space,steel,hip,0,0,standard,sandy,43.49301320567234,3772679.671610486
48096.76124080953,5,residential,urban,crawl_space,wood,flat,0,1,economy,sandy,66.43972080126179,5377511.118817591
22520.195424963273,17,residential,suburban,crawl_space,concrete,hip,1,0,economy,loamy,59.280255868990096,3939263.6884346167
24707.89582223952,5,infrastructure,urban,pile,concrete,flat,0,0,luxury,sandy,68.43947579040913,12517564.352934515
17906.668680924315,2,commercial,suburban,crawl_space,brick,gable,0,0,economy,loamy,26.697485877284855,1487214.312676221
45522.64941410085,9,commercial,urban,slab,wood,gable,0,0,luxury,rocky,25.72489444186017,24366203.021000993
28663.29642245161,6,commercial,rural,basement,brick,flat,1,0,economy,rocky,55.96779562290756,2607100.3614660255
38227.64206549141,18,commercial,suburban,basement,brick,gable,0,0,premium,sandy,84.90615813633514,14482864.896322431
40684.43255836888,14,industrial,rural,crawl_space,wood,hip,0,1,economy,sandy,72.00086836966932,3733545.4219883946
17421.52757490428,19,industrial,suburban,crawl_space,glass,flat,1,0,luxury,rocky,48.89346996821025,13457997.694003226
21967.869400358813,14,residential,suburban,pile,brick,gable,1,0,economy,rocky,25.50944331986341,2978296.65297393
42499.3528331101,8,industrial,suburban,basement,steel,mansard,0,1,standard,loamy,75.93472261010209,7995562.046612645
18481.139907952605,17,commercial,suburban,pile,glass,gable,0,1,premium,sandy,92.62461976126728,7947142.301258427
39799.789105866636,3,infrastructure,rural,pile,wood,mansard,0,0,economy,sandy,21.302032098487235,2640907.3683551014
47079.119967434635,10,residential,suburban,pile,concrete,gable,0,0,premium,clay,79.90937212127304,14687072.415716687
31348.913466866346,17,residential,urban,pile,glass,mansard,0,0,premium,rocky,17.244552848224505,19489926.785416547
37210.5507288685,11,commercial,urban,slab,brick,gable,0,1,premium,rocky,90.07829782767571,15445423.401581122
40352.316946036175,8,commercial,suburban,crawl_space,steel,mansard,0,1,premium,sandy,64.20498938858061,12277323.648386579
42329.462620383805,1,commercial,rural,crawl_space,wood,flat,1,0,standard,clay,18.1010004261715,4496002.934457726
20055.1402239114,13,industrial,rural,pile,concrete,flat,0,0,standard,loamy,3.625952879694627,3691502.7680515014
3037.5412292119095,4,residential,suburban,pile,steel,mansard,0,1,luxury,loamy,69.46162936184066,1268488.3927693653
20392.875426218605,7,commercial,rural,slab,concrete,gable,0,0,luxury,rocky,60.610182405284654,7520543.128362827
33850.933374312444,14,infrastructure,rural,pile,wood,hip,0,1,luxury,clay,61.13178165067392,12880753.812481211
22792.34409614924,5,residential,rural,slab,glass,hip,0,1,luxury,clay,48.22619189796783,8649157.677911991
37573.67596758973,11,residential,suburban,slab,brick,hip,0,0,premium,loamy,61.44431434087466,10861792.832699606
18170.63025869886,17,industrial,urban,pile,wood,hip,1,0,premium,rocky,87.32230924888403,7435931.998410306
31919.834984649464,5,residential,urban,crawl_space,steel,mansard,0,0,premium,sandy,95.20015815873329,11481182.635954877
9727.780340271742,3,commercial,urban,slab,glass,flat,0,0,standard,clay,34.45079567646516,2190583.090379034
37593.78711392537,5,commercial,urban,crawl_space,concrete,flat,0,1,standard,sandy,48.787196814833734,7686447.860798126
27511.95045624478,15,infrastructure,urban,crawl_space,glass,hip,0,0,premium,rocky,27.302787672834462,14391775.570409743
10601.18723305673,19,residential,rural,slab,glass,flat,0,0,premium,loamy,41.158534928030974,3948577.2793632234
14949.603088141459,16,residential,rural,basement,steel,mansard,0,1,premium,clay,79.58885541380134,4852852.799179645
37556.1310748007,8,industrial,rural,slab,brick,hip,0,1,premium,sandy,42.49891384150008,8553252.718426004
24388.761165245272,13,commercial,suburban,basement,glass,mansard,1,0,standard,clay,39.164041252783356,7042272.885334939
11193.556299457074,16,infrastructure,rural,slab,glass,mansard,0,0,economy,clay,85.011110395117,1638156.8227464505
48379.923923329734,3,commercial,urban,slab,brick,gable,0,0,luxury,clay,0.12723616947949434,22408660.962112676
35898.688480935954,1,residential,rural,crawl_space,brick,mansard,0,1,luxury,rocky,85.2188076255657,9272535.257731257
47878.17421071991,9,residential,urban,crawl_space,concrete,gable,1,0,economy,sandy,18.14079660785791,8554955.38869472
21641.699745336988,9,infrastructure,rural,pile,concrete,hip,0,0,standard,clay,27.451197504263426,3191340.9495798685
24017.466864240163,17,residential,urban,crawl_space,brick,mansard,1,1,standard,sandy,36.160906853429175,7235975.305523152
44948.78320115845,2,infrastructure,rural,crawl_space,wood,flat,0,0,economy,rocky,88.06522308535101,2520588.6946292864
26489.94234214654,9,infrastructure,urban,crawl_space,brick,hip,1,0,luxury,clay,90.86815408438214,16770620.523967596
35510.306139330525,19,commercial,urban,crawl_space,concrete,mansard,0,1,luxury,clay,66.11785572983386,28864885.23688746
12982.557436028734,13,infrastructure,suburban,pile,steel,mansard,0,0,economy,clay,43.94428645626128,1901855.9260635634
22612.960200780708,5,residential,rural,crawl_space,steel,flat,1,0,economy,sandy,51.61278103248965,2438837.6698792116
6610.768357612578,9,industrial,urban,basement,glass,gable,0,0,premium,sandy,58.04016092280032,2935487.4876436335
10696.011775909603,13,industrial,rural,basement,steel,mansard,1,1,economy,clay,95.3990804543435,1496105.366857296
546.6990557477388,1,residential,urban,pile,concrete,mansard,1,1,economy,sandy,96.91672001558919,58790.23828318553
2443.620056608682,15,industrial,suburban,crawl_space,steel,flat,0,1,luxury,sandy,84.73329279468584,1580438.0272500922
48875.549247258,4,industrial,suburban,basement,wood,hip,0,0,premium,clay,58.372870666885824,10376182.94327338
12496.507909269734,4,infrastructure,suburban,slab,brick,mansard,0,0,premium,clay,39.07344742449415,2729413.1397533673
33333.8801204481,10,industrial,suburban,basement,brick,gable,0,1,luxury,loamy,23.0279916685876,14544612.511918817
42035.43509058077,6,industrial,urban,crawl_space,concrete,gable,1,1,luxury,loamy,53.44558603387405,22117465.179789554
27757.69273220993,12,industrial,rural,basement,glass,flat,1,1,standard,clay,34.563089298061826,6159858.348347381
8080.652754155832,16,commercial,suburban,slab,brick,gable,0,1,premium,rocky,7.274449764112145,2617550.7931554154
36541.76364814024,3,residential,suburban,basement,steel,mansard,1,1,economy,clay,47.62207583847561,4357851.709495658
30212.444799929362,14,infrastructure,suburban,crawl_space,wood,gable,1,0,premium,clay,57.108618331026065,9839608.018579295
36696.90417269507,1,industrial,rural,slab,glass,mansard,0,0,standard,clay,61.13151439732911,4608014.497603656
38602.45783142582,10,residential,urban,pile,glass,flat,0,1,economy,clay,7.3813880977052,7573557.568901297
48782.813200394885,15,industrial,urban,slab,glass,gable,0,0,standard,clay,48.31101821562002,16572040.425846659
28891.382361322143,7,commercial,urban,basement,brick,mansard,1,0,luxury,clay,65.59130502492751,17226863.20030909
17411.23507818479,4,commercial,urban,pile,glass,hip,0,1,standard,clay,96.10640697581181,4041599.385566606
32598.995566561734,14,industrial,rural,slab,concrete,mansard,1,0,luxury,clay,2.504580848846072,14918965.69047145
3887.8151075099936,16,industrial,rural,slab,steel,mansard,1,0,standard,loamy,67.62823014464378,924513.1229301548
44921.167256918525,14,industrial,rural,slab,wood,flat,0,1,luxury,loamy,6.233741000264459,18201130.963486526
6409.360061240741,3,commercial,suburban,crawl_space,steel,mansard,0,0,premium,loamy,15.884348722397535,1659683.5476872101
16728.220475348004,17,commercial,rural,pile,concrete,flat,0,0,luxury,rocky,17.330797166973888,7920992.527861566
40879.396340992986,14,residential,urban,pile,concrete,mansard,0,0,premium,sandy,32.88724369550854,18996848.293989547
30066.962727370235,18,infrastructure,rural,slab,steel,mansard,0,1,luxury,rocky,83.12990345058597,16266986.457309315
